ID	위치	구분	공유	원문	번역
6-00001	119.0	대사	8	やめる	그만두기
6-00002	140.0	대사	1	男性	남성
6-00003	140.1	대사	1	女性	여성
6-00004	200.0	대사	1	レベル	레벨
6-00005	200.1	대사	1	階級名	계급명
6-00006	200.2	대사	1	経験値	경험치
6-00007	200.3	대사	1	打倒数	처치 수
6-00008	200.14	대사	1	状態	상태
6-00009	200.16	대사	1	重量 	중량 
6-00010	200.17	대사	1	アーマークラス 	아머 클래스 
6-00011	300.1	대사	2	装備	장비
6-00012	300.2	대사	5	呪文	주문
6-00013	300.3	대사	2	取り引き	거래
6-00014	300.4	대사	1	分析	분석
6-00015	300.5	대사	1	バッグ	가방
6-00016	300.6	대사	1	組み合わせ	조합
6-00017	300.7	대사	4	使用	사용
6-00018	300.8	대사	2	捨てる	버리기
6-00019	300.9	대사	1	スキル	스킬
6-00020	300.10	대사	1	編集	편집
6-00021	300.11	대사	2	レビュー	리뷰
6-00022	300.12	대사	17	終了	종료
6-00023	350.0	대사	1	$を選んでください>	$를 골라 주세요>
6-00024	350.1	대사	1	メインの武器	주무기
6-00025	350.2	대사	1	補助のアイテム	보조 아이템
6-00026	350.3	대사	2	その他のアイテム	기타 아이템
6-00027	350.4	대사	2	ヘルメット	헬멧
6-00028	350.5	대사	2	ボディーアーマー	보디 아머
6-00029	350.6	대사	2	レッグアーマー	레그 아머
6-00030	350.7	대사	2	ガントレット	건틀릿
6-00031	350.8	대사	2	ブーツ	부츠
6-00032	350.9	대사	1	なし	없음
6-00033	380.0	대사	1	あなたの次のアイテムの力を呼びさましますか？	당신의 다음 아이템의 힘을 일깨우겠습니까？
6-00034	380.1	대사	5	いいえ	아니오
6-00035	380.2	대사	6	はい	예
6-00036	400.0	대사	2	どのアイテムを使いますか？	어느 아이템을 사용합니까？
6-00037	400.2	대사	2	どのアイテムを捨てますか？	어느 아이템을 버립니까？
6-00038	400.3	대사	1	どのアイテムを渡しますか？	어느 아이템을 건넵니까？
6-00039	400.4	대사	1	渡すGP>	건넬 GP>
6-00040	400.5	대사	1	渡す数>	건넬 수>
6-00041	400.6	대사	1	どのアイテムを組み合わせますか？	어느 아이템을 조합합니까？
6-00042	400.7	대사	1	どのアイテムと？	어느 아이템과？
6-00043	400.8	대사	1	どのアイテムに使いますか？	어느 아이템에 사용합니까？
6-00044	400.9	대사	1	  続ける場合 {15} を押してください 	  계속하려면 {15} 를 눌러 주세요 
6-00045	450.0	대사	1	どのアイテムを分析しますか？	어느 아이템을 분석합니까？
6-00046	450.1	대사	1	主補	주보
6-00047	450.3	대사	2	重量	중량
6-00048	450.5	대사	1	男女	남녀
6-00049	450.7	대사	1	片手	한손
6-00050	450.8	대사	1	両手	양손
6-00051	450.10	대사	2	頭	머리
6-00052	450.11	대사	2	胴	몸통
6-00053	450.12	대사	2	脚	다리
6-00054	450.13	대사	2	手	손
6-00055	450.14	대사	2	足	발
6-00056	450.15	대사	1	呪い:	저주:
6-00057	450.16	대사	2	ダメージ	대미지
6-00058	450.17	대사	1	命中	명중
6-00059	450.18	대사	1	回復	회복
6-00060	450.19	대사	1	スペシャルパワー:	스페셜 파워:
6-00061	450.20	대사	1	催眠	최면
6-00062	450.21	대사	1	麻痺	마비
6-00063	450.22	대사	1	冒毒	중독
6-00064	450.23	대사	1	石化	석화
6-00065	450.24	대사	1	裁断	절단
6-00066	450.25	대사	1	吸引	흡수
6-00067	450.26	대사	2	致命傷	치명상
6-00068	450.27	대사	1	気絶	기절
6-00069	450.30	대사	1	最大	최대
6-00070	450.31	대사	1	どのアイテムに唱えますか？	어느 아이템에 외웁니까？
6-00071	482.0	대사	1	＊失敗＊	＊실패＊
6-00072	500.0	대사	2	誰をレビューしますか？	누구를 리뷰합니까？
6-00073	500.1	대사	1	誰と取り引きしますか？	누구와 거래합니까？
6-00074	500.2	대사	1	誰に唱えますか？	누구에게 외웁니까？
6-00075	500.4	대사	1	誰に使いますか？	누구에게 사용합니까？
6-00076	600.0	대사	1	  武器関連  	  무기 관련  
6-00077	600.1	대사	1	  運動関連  	  운동 관련  
6-00078	600.2	대사	1	  個人関連  	  개인 관련  
6-00079	600.3	대사	1	  学術関連  	  학술 관련  
6-00080	600.5	대사	1	スキルボーナスを得ました！	스킬 보너스를 얻었습니다！
6-00081	600.6	대사	1	{11}{12} スキルの修正       	{11}{12} 스킬 수정       
6-00082	600.7	대사	1	 {13}{14} スキルの選択       	 {13}{14} 스킬 선택       
6-00083	600.8	대사	1	次の分野へは{15}を押すと移動できます	다음 분야로는 {15}를 눌러 이동할 수 있습니다
6-00084	600.9	대사	1	    終了する場合 {15} を押してください    	    종료하려면 {15} 를 눌러 주세요    
6-00085	600.10	대사	1	初期スキルボーナスを配分してください	초기 스킬 보너스를 배분해 주세요
6-00086	650.0	대사	2	キャラクターの名前変更	캐릭터 이름 변경
6-00087	650.1	대사	1	キャラクターの肖像変更	캐릭터 초상 변경
6-00088	650.2	대사	1	キャラクターの職種変更	캐릭터 직업 변경
6-00089	650.3	대사	1	キャラクターの置き換え	캐릭터 교체
6-00090	660.0	대사	1	キャラクターの新しい職種を選んでください	캐릭터의 새 직업을 골라 주세요
6-00091	660.1	대사	1	 ＊やめる＊ を選べば変更せずに終了します	 ＊그만두기＊ 를 고르면 변경 없이 종료합니다
6-00092	670.0	대사	1	注意！！このキャラクターは消滅してしまいます！！	주의！！ 이 캐릭터는 소멸되어 버립니다！！
6-00093	670.1	대사	1	本当に置き換えてもよろしいですか？	정말 교체해도 괜찮습니까？
6-00094	700.0	대사	1	        呪文        	        주문        
6-00095	700.1	대사	1	唱える呪文を選んでください	외울 주문을 골라 주세요
6-00096	700.2	대사	1	新しい $ の呪文を修得しました！	새로운 $ 주문을 습득했습니다！
6-00097	700.3	대사	1	新しい呪文を選んでください	새 주문을 골라 주세요
6-00098	720.0	대사	1	呪文はあなたの呪文書の中に	주문은 당신의 주문서 안에
6-00099	720.1	대사	1	^刻み込まれました・・・	^새겨졌습니다・・・
6-00100	725.0	대사	1	まだその呪文を修得できるだけの	아직 그 주문을 습득할 만한
6-00101	725.1	대사	1	^レベルに至っていません・・・	^레벨에 이르지 못했습니다・・・
6-00102	730.0	대사	1	その呪文はあなたには使えません・・	그 주문은 당신은 쓸 수 없습니다・・
6-00103	750.0	대사	1	       バッグ        	       가방        
6-00104	750.1	대사	1	加える	넣기
6-00105	750.2	대사	1	取り出す	꺼내기
6-00106	760.0	대사	1	どのアイテムをバッグに入れますか？	어느 아이템을 가방에 넣습니까？
6-00107	760.1	대사	1	どのアイテムを取り出しますか？	어느 아이템을 꺼냅니까？
6-00108	1000.1	대사	1	____マスター_オプション____	____마스터_옵션____
6-00109	1000.2	대사	1	パーティーにメンバーを加える	파티에 멤버를 넣는다
6-00110	1000.3	대사	1	メンバーのレビュー	멤버 리뷰
6-00111	1000.4	대사	1	メンバーを外す	멤버를 뺀다
6-00112	1000.5	대사	1	新しいゲームの開始	새 게임 시작
6-00113	1000.6	대사	1	セーブしたゲームの再開	세이브한 게임 재개
6-00114	1000.7	대사	1	キャラクターメニュー	캐릭터 메뉴
6-00115	1000.8	대사	2	ゲームの設定	게임 설정
6-00116	1000.9	대사	1	タイトルページ表示	타이틀 페이지 표시
6-00117	1000.10	대사	1	ゲーム終了	게임 종료
6-00118	1050.0	대사	1	このアイコンの呪文の言葉を入力してください	이 아이콘의 주문 단어를 입력해 주세요
6-00119	1100.0	대사	1	キャラクターの名前	캐릭터 이름
6-00120	1100.1	대사	1	＊メンバーは一杯です＊	＊멤버가 꽉 찼습니다＊
6-00121	1100.2	대사	1	＊そのキャラクターはすでに存在しています＊	＊그 캐릭터는 이미 존재합니다＊
6-00122	1100.3	대사	1	このキャラクターをセーブしますか？	이 캐릭터를 세이브합니까？
6-00123	1100.4	대사	1	キャラクターの種族を選んでください	캐릭터의 종족을 골라 주세요
6-00124	1100.5	대사	1	キャラクターの性別を選んでください	캐릭터의 성별을 골라 주세요
6-00125	1100.6	대사	1	キャラクターの職種を選んでください	캐릭터의 직업을 골라 주세요
6-00126	1100.7	대사	1	ボーナス	보너스
6-00127	1100.8	대사	1	{11}{12} 能力値の修正         	{11}{12} 능력치 수정         
6-00128	1100.9	대사	1	{13}{14} 能力値の選択         	{13}{14} 능력치 선택         
6-00129	1100.10	대사	2	終了するには{15}を押してください	종료하려면 {15}를 눌러 주세요
6-00130	1100.11	대사	1	KARMA を決めます {15}	KARMA 를 정합니다 {15}
6-00131	1100.12	대사	1	{11}{12} を押すと肖像を見ることができます   	{11}{12} 를 누르면 초상을 볼 수 있습니다   
6-00132	1100.13	대사	1	 選ぶなら {15} を押してください 	 고르려면 {15} 를 눌러 주세요 
6-00133	1100.16	대사	1	キャラクターの種族	캐릭터의 종족
6-00134	1100.17	대사	1	キャラクターの性別	캐릭터의 성별
6-00135	1100.18	대사	1	キャラクターの職種	캐릭터의 직업
6-00136	1100.19	대사	2	キャラクターの肖像	캐릭터의 초상
6-00137	1100.20	대사	1	能力値のボーナスを配分してください	능력치 보너스를 배분해 주세요
6-00138	1100.21	대사	1	誰を削除しますか？	누구를 삭제합니까？
6-00139	1100.22	대사	1	誰の名前を変更しますか？	누구의 이름을 변경합니까？
6-00140	1100.23	대사	1	誰の肖像ですか？	누구의 초상입니까？
6-00141	1100.25	대사	1	このキャラクターを削除してよろしいですか？	이 캐릭터를 삭제해도 괜찮습니까？
6-00142	1100.28	대사	1	新しい名前>	새 이름>
6-00143	1129.1	대사	1	キャラクターの作成	캐릭터 작성
6-00144	1129.2	대사	1	キャラクターのレビュー	캐릭터 리뷰
6-00145	1129.3	대사	1	キャラクターの削除	캐릭터 삭제
6-00146	1200.0	대사	1	^_誰もいません_^	^_아무도 없습니다_^
6-00147	1200.1	대사	1	メンバーを加える	멤버를 넣는다
6-00148	1200.2	대사	2	誰をレビューしますか}	누구를 리뷰합니까}
6-00149	1200.3	대사	1	誰を外しますか}	누구를 뺍니까}
6-00150	1200.4	대사	7	終了	종료
6-00151	1200.6	대사	1	誰を加えますか？	누구를 넣습니까？
6-00152	1200.8	대사	1	コズミックサークルの主へ	코즈믹 서클의 주인에게
6-00153	1200.9	대사	1	からゲームをロードします	에서 게임을 로드합니다
6-00154	1200.10	대사	1	まるでこちらの存在に気づいたかのように	마치 이쪽의 존재를 알아차린 것처럼
6-00155	1200.11	대사	1	城の門が開いた・・・	성문이 열렸다・・・
6-00156	1300.0	대사	1	オプションメニューは	옵션 메뉴는
6-00157	1300.1	대사	1	リターンを	리턴을
6-00158	1300.2	대사	1	押すと	누르면
6-00159	1300.3	대사	1	表示されます	표시됩니다
6-00160	1500.1	대사	1	誰が取り引きしますか}	누가 거래합니까}
6-00161	1500.2	대사	1	アイテムを買う}	아이템을 산다}
6-00162	1500.3	대사	1	^_お金が足りない_^	^_돈이 모자란다_^
6-00163	1500.4	대사	1	^_ありがとう_^	^_고맙다_^
6-00164	1500.5	대사	1	^_持物が一杯だ_^	^_소지품이 꽉 찼다_^
6-00165	1500.8	대사	3	$のオプション	$의 옵션
6-00166	1500.9	대사	1	アイテムを買う}__終了_______クラス____________値段	아이템을 산다}__종료_______클래스____________가격
6-00167	1500.10	대사	1	パーティーのオプション	파티 옵션
6-00168	1500.11	대사	1	誰が試しますか}	누가 시도합니까}
6-00169	1500.12	대사	1	誰が話しますか}	누가 이야기합니까}
6-00170	1500.14	대사	2	誰が呪文を唱えますか}	누가 주문을 외웁니까}
6-00171	1500.15	대사	2	誰が使いますか}	누가 사용합니까}
6-00172	1500.16	대사	1	どのアイテムを使いますか	어느 아이템을 사용합니까
6-00173	1500.17	대사	1	どのアイテムを売りますか	어느 아이템을 팝니까
6-00174	1500.18	대사	1	^_興味を示さない_^	^_관심을 보이지 않는다_^
6-00175	1500.19	대사	1	誰が運びますか}	누가 운반합니까}
6-00176	1500.20	대사	1	買う	산다
6-00177	1500.21	대사	1	売る	판다
6-00178	1500.22	대사	1	与える	준다
6-00179	1525.0	대사	1	$GPでいいですか？	$GP로 괜찮습니까？
6-00180	1525.2	대사	1	いいえ 	아니오 
6-00181	1525.3	대사	1	^_装備しています_^	^_장비하고 있습니다_^
6-00182	1525.4	대사	1	^_それは必要です_{16}_^	^_그건 필요합니다_{16}_^
6-00183	1525.5	대사	1	話す	대화
6-00184	1525.9	대사	1	集める	모으기
6-00185	1525.10	대사	1	盗む	훔치기
6-00186	1525.11	대사	1	戦闘	전투
6-00187	1525.12	대사	2	立ち去る	떠난다
6-00188	1540.0	대사	1	^_ここにはいません_^	^_여기엔 없습니다_^
6-00189	1540.1	대사	1	^ が攻撃してきた！	^ 가 공격해 왔다！
6-00190	1540.2	대사	1	^ は去っていった・・・	^ 는 떠나갔다・・・
6-00191	1540.3	대사	1	^ はとりこになった！	^ 는 포로가 되었다！
6-00192	1540.4	대사	1	^ には効き目がなかった！	^ 에게는 효과가 없었다！
6-00193	1540.5	대사	1	（なにもない）	（아무것도 없다）
6-00194	1540.7	대사	1	^ はアイテムを手に入れた	^ 는 아이템을 손에 넣었다
6-00195	1540.8	대사	1	^ は催眠術をかけられた！	^ 는 최면에 걸렸다！
6-00196	1540.9	대사	1	^ は噛まれた！	^ 는 물렸다！
6-00197	1540.10	대사	1	武器（短）	무기（단）
6-00198	1540.11	대사	1	武器（中）	무기（중）
6-00199	1552.0	대사	1	武器（投）	무기（투）
6-00200	1552.1	대사	1	武器（長）	무기（장）
6-00201	1552.2	대사	1	弾・矢	탄・화살
6-00202	1552.9	대사	2	盾	방패
6-00203	1552.10	대사	3	マジカル	매지컬
6-00204	1552.12	대사	2	スペシャル	스페셜
6-00205	1552.15	대사	1	使用不可	사용 불가
6-00206	1570.0	대사	2	^ は行動した・・	^ 는 행동했다・・
6-00207	1570.2	대사	2	盗み損なった	훔치는 데 실패했다
6-00208	1570.3	대사	1	^ はアイテムを盗んだ！	^ 는 아이템을 훔쳤다！
6-00209	1570.4	대사	1	^ はいくらかの金を盗んだ！	^ 는 얼마간의 돈을 훔쳤다！
6-00210	1570.6	대사	1	^ は捕まった！	^ 는 붙잡혔다！
6-00211	1580.0	대사	1	どのアイテムを与えますか？	어느 아이템을 줍니까？
6-00212	1580.1	대사	1	金を与えますか？	돈을 줍니까？
6-00213	1580.2	대사	1	量>	양>
6-00214	1600.0	대사	1	^について言ってるのか、	^ 에 대해 말하는 건가,
6-00215	1600.1	대사	1	それとも ^についてか？	아니면 ^ 에 대해서인가？
6-00216	1600.3	대사	1	それは知らない・・・	그건 모른다・・・
6-00217	1600.4	대사	1	わからない・・・	모르겠다・・・
6-00218	1600.5	대사	1	^についてか？	^ 에 대해서인가？
6-00219	1600.6	대사	1	言ってることがわからない・・・	무슨 말인지 모르겠다・・・
6-00220	1600.7	대사	1	ヘ？	응？
6-00221	1600.8	대사	1	わかった、それは・・・	알았다, 그건・・・
6-00222	1600.9	대사	1	そうしたらどうだ・・・	그렇게 하면 어떤가・・・
6-00223	1600.10	대사	1	待ってるんだが・・	기다리고 있는데・・
6-00224	1600.11	대사	1	それを言うな・・・	그 말은 하지 마라・・・
6-00225	1600.12	대사	1	ご同様だよ！	피차일반이지！
6-00226	1600.13	대사	1	忘れたんじゃないかな・・・	잊어버린 게 아닐까・・・
6-00227	1600.14	대사	1	なんの助けだって？	무슨 도움이라고？
6-00228	1600.15	대사	1	ハハハ！	하하하！
6-00229	1600.16	대사	1	 ^なんて知らない・・・	 ^ 따윈 모른다・・・
6-00230	1600.17	대사	1	 ^の噂なら・・・	 ^ 의 소문이라면・・・
6-00231	1600.18	대사	1	 ^なんて名前は聞いたことない・・・	 ^ 라는 이름은 들어 본 적 없다・・・
6-00232	1600.19	대사	2	だれ	누구
6-00233	1600.20	대사	2	なに	무엇
6-00234	1600.21	대사	1	いつかは知らない・・・	언젠지는 모른다・・・
6-00235	1600.22	대사	2	どこ	어디
6-00236	1600.23	대사	1	どちらだか知らない・・・	어느 쪽인지 모른다・・・
6-00237	1600.24	대사	2	なぜ	왜
6-00238	1600.25	대사	2	いかに	어떻게
6-00239	1600.26	대사	1	俺は生きてる・・・	난 살아 있다・・・
6-00240	1600.27	대사	1	知らないな・・・	모르겠는걸・・・
6-00241	1600.28	대사	1	それは君の意見だ・・・	그건 자네 의견이다・・・
6-00242	1600.29	대사	1	好きにしたらいい・・・	좋을 대로 하게・・・
6-00243	1600.30	대사	1	知らない・・・	모른다・・・
6-00244	1600.31	대사	1	たぶん・・・	아마도・・・
6-00245	1600.32	대사	1	と、君は考えるわけだ・・・	라고, 자네는 생각하는 거로군・・・
6-00246	1600.33	대사	1	続けてくれたまえ・・・	계속해 주게・・・
6-00247	1600.34	대사	1	試してみるんだな！	시험해 보는 거다！
6-00248	1600.35	대사	1	そいつは面白い・・・	그거 재미있군・・・
6-00249	1600.36	대사	1	教えてくれてどうも・・・	알려 줘서 고맙군・・・
6-00250	1600.37	대사	1	考えてみよう・・・	생각해 보지・・・
6-00251	1600.38	대사	1	聞いたことがない・・・	들어 본 적이 없다・・・
6-00252	1600.39	대사	1	何を探している？	무엇을 찾고 있나？
6-00253	1600.40	대사	1	何をしなければならない？	무엇을 해야 하나？
6-00254	2000.2	대사	1	パーティーオプション	파티 옵션
6-00255	2005.0	대사	1	探す	찾기
6-00256	2005.4	대사	2	開ける	열기
6-00257	2005.5	대사	1	並べかえ	정렬
6-00258	2005.6	대사	2	休息	휴식
6-00259	2005.7	대사	1	ディスク	디스크
6-00260	2020.0	대사	1	^_イタッ！_^	^_아얏！_^
6-00261	2020.1	대사	1	^_鍵がかかっている_^	^_잠겨 있다_^
6-00262	2020.2	대사	1	石の中に飛び込んだ！	바위 속으로 뛰어들었다！
6-00263	2020.3	대사	1	^_暗闇_^	^_암흑_^
6-00264	2024.0	대사	1	リターンを押してください	리턴을 눌러 주세요
6-00265	2024.1	대사	1	^_なにかと遭遇した_^	^_무언가와 조우했다_^
6-00266	2024.6	대사	1	誰に呪文を唱えますか}	누구에게 주문을 외웁니까}
6-00267	2024.8	대사	2	誰に使いますか}	누구에게 사용합니까}
6-00268	2024.10	대사	1	どのアイテムを使いますか？ 	어느 아이템을 사용합니까？ 
6-00269	2024.12	대사	1	休息中{17}{17}{17}	휴식 중{17}{17}{17}
6-00270	2024.13	대사	1	行進の順番	행진 순서
6-00271	2024.14	대사	1	あなたは{10}	당신은{10}
6-00272	2024.15	대사	1	（答え）: 	（대답）: 
6-00273	2024.16	대사	1	何かに気付いた！	무언가를 알아차렸다！
6-00274	2024.17	대사	1	逃走中{16}	도주 중{16}
6-00275	2024.18	대사	1	ディテクトの呪文がきらめいた！	디텍트 주문이 반짝였다！
6-00276	2024.19	대사	1	探しています{17}{17}{17}	찾는 중{17}{17}{17}
6-00277	2024.20	대사	1	{ボタンを押した|	{버튼을 눌렀다|
6-00278	2024.21	대사	1	^_なにもありません_^	^_아무것도 없습니다_^
6-00279	2024.22	대사	1	^_なにもおきません_^	^_아무 일도 일어나지 않습니다_^
6-00280	2024.23	대사	1	誰が飲みますか}	누가 마십니까}
6-00281	2024.24	대사	1	^_何も変わりません_^	^_아무것도 변하지 않습니다_^
6-00282	2024.25	대사	1	^_リフレッシュしました_^	^_기운을 되찾았습니다_^
6-00283	2024.26	대사	1	^_毒に冒されました_^	^_독에 중독되었습니다_^
6-00284	2024.27	대사	1	^_おかしい_^	^_이상하다_^
6-00285	2024.28	대사	1	落し穴	함정 구덩이
6-00286	2024.29	대사	1	^_水上には行けません_^	^_물 위로는 갈 수 없습니다_^
6-00287	2024.30	대사	1	^_飛んでいます_^	^_날고 있습니다_^
6-00288	2024.31	대사	1	失敗	실패
6-00289	2024.32	대사	1	浮遊していたので助かった！	떠 있었기 때문에 살았다！
6-00290	2100.0	대사	1	力ずく	완력
6-00291	2100.1	대사	1	鍵を外す	자물쇠 해제
6-00292	2110.0	대사	1	__誰が試してみますか_}	__누가 시도해 봅니까_}
6-00293	2110.1	대사	1	細工をしています{16}_~を押して下さい	손을 쓰고 있습니다{16}_~를 눌러 주세요
6-00294	2110.2	대사	1	待機しています{16}_~を押して下さい	대기하고 있습니다{16}_~를 눌러 주세요
6-00295	2110.3	대사	1	成功 {16}	성공 {16}
6-00296	2110.4	대사	1	^_失敗_^	^_실패_^
6-00297	2110.5	대사	1	^_動きません_^	^_움직이지 않습니다_^
6-00298	2200.0	대사	1	ディスクオプション	디스크 옵션
6-00299	2200.1	대사	1	ゲームをセーブしてそこから再開	게임을 세이브하고 거기서 재개
6-00300	2200.2	대사	1	ゲームをセーブしてから終了	게임을 세이브하고 종료
6-00301	2200.3	대사	1	ゲームをセーブしないで終了	게임을 세이브하지 않고 종료
6-00302	2200.4	대사	1	ディスクのフォーマット	디스크 포맷
6-00303	2250.0	대사	1	{11}{12} 設定の変更         	{11}{12} 설정 변경         
6-00304	2250.1	대사	1	{13}{14} 項目の選択       	{13}{14} 항목 선택       
6-00305	2250.7	대사	1	ゲームをセーブしています{17}{17}{17}	게임을 세이브하고 있습니다{17}{17}{17}
6-00306	2250.8	대사	1	^_ディスクエラー_^	^_디스크 에러_^
6-00307	2250.9	대사	1	ゲームをロードしています{17}{17}{17}	게임을 로드하고 있습니다{17}{17}{17}
6-00308	2300.0	대사	1	効果音	효과음
6-00309	2300.1	대사	1	速度	속도
6-00310	2300.2	대사	1	難易度	난이도
6-00311	2300.3	대사	1	入力	입력
6-00312	2300.4	대사	1	モード	모드
6-00313	2300.5	대사	1	セーブディスクのドライブ	세이브 디스크 드라이브
6-00314	2300.6	대사	1	シナリオディスクのドライブ	시나리오 디스크 드라이브
6-00315	2300.7	대사	1	ゲームの設定_{10}_	게임 설정_{10}_
6-00316	2350.0	대사	1	大/大	대/대
6-00317	2350.1	대사	1	大/小	대/소
6-00318	2350.2	대사	1	大/なし	대/없음
6-00319	2350.3	대사	1	小/小	소/소
6-00320	2350.4	대사	1	小/なし	소/없음
6-00321	2350.5	대사	1	なし/なし	없음/없음
6-00322	2350.7	대사	1	普通	보통
6-00323	2350.8	대사	1	易しい	쉬움
6-00324	2350.9	대사	1	難しい	어려움
6-00325	2350.10	대사	1	キーボード	키보드
6-00326	2350.11	대사	1	マウス	마우스
6-00327	2350.12	대사	1	ジョイスティック	조이스틱
6-00328	2350.13	대사	1	英語	영어
6-00329	2350.14	대사	1	日本語	일본어
6-00330	3000.0	대사	1	攻撃	공격
6-00331	3000.1	대사	1	受け	받기
6-00332	3000.5	대사	2	移動	이동
6-00333	3000.6	대사	1	隠れる	숨는다
6-00334	3000.7	대사	1	逃走	도주
6-00335	3000.8	대사	1	ブレス	브레스
6-00336	3000.9	대사	2	一つ戻る	하나 돌아감
6-00337	3000.10	대사	1	最初から	처음부터
6-00338	3050.0	대사	1	振る	휘두른다
6-00339	3050.1	대사	1	突く	찌른다
6-00340	3050.2	대사	1	叩く	친다
6-00341	3050.3	대사	1	乱闘	난투
6-00342	3050.4	대사	2	投げる	던진다
6-00343	3050.5	대사	1	殴る	때린다
6-00344	3050.6	대사	1	蹴る	찬다
6-00345	3050.7	대사	1	ムチ打つ	채찍질
6-00346	3050.8	대사	1	射る	쏜다
6-00347	3100.0	대사	1	ブロック	블록
6-00348	3100.1	대사	1	かわす	피한다
6-00349	3100.2	대사	1	ガード	가드
6-00350	3200.0	대사	1	は沈黙させられた！	는 침묵당했다！
6-00351	3200.1	대사	2	失敗した！	실패했다！
6-00352	3200.2	대사	1	は逆流した！	는 역류했다！
6-00353	3200.3	대사	1	はむかついてどうしようもない！	는 속이 뒤집혀 어쩔 줄 모른다！
6-00354	3200.4	대사	1	はあてずっぽうに振り回した！	는 마구잡이로 휘둘렀다！
6-00355	3200.5	대사	1	は脈絡のないことを口走った！	는 앞뒤 없는 말을 지껄였다！
6-00356	3200.6	대사	1	は無意識に踊り回った！	는 무의식중에 춤추며 돌아다녔다！
6-00357	3200.7	대사	1	はヒステリックに笑った！	는 히스테릭하게 웃었다！
6-00358	3200.8	대사	1	は狂乱した！	는 광란에 빠졌다！
6-00359	3200.9	대사	1	はおびえて震え上がった！	는 겁에 질려 벌벌 떨었다！
6-00360	3200.10	대사	1	は催眠術で操られた！	는 최면술로 조종당했다！
6-00361	3200.11	대사	1	は仲間に攻撃をしかけた！	는 동료에게 공격을 걸었다！
6-00362	3200.12	대사	1	呪文はそらされた！	주문은 빗나갔다！
6-00363	3200.13	대사	1	呪文の威力が弱められた！	주문의 위력이 약해졌다！
6-00364	3200.14	대사	1	そらされた！	빗나갔다！
6-00365	3200.15	대사	3	が現れた！	가 나타났다！
6-00366	3200.17	대사	1	なにも現れない	아무것도 나타나지 않는다
6-00367	3200.18	대사	1	は霧の中に消え去った！	는 안개 속으로 사라졌다！
6-00368	3200.20	대사	1	火炎の嵐	화염의 폭풍
6-00369	3200.21	대사	1	毒ガス	독가스
6-00370	3200.22	대사	1	悪臭の雲	악취의 구름
6-00371	3200.23	대사	1	酸性雲	산성 구름
6-00372	3200.24	대사	1	死の雲の威力が弱められた！	죽음의 구름의 위력이 약해졌다！
6-00373	3200.25	대사	1	気泡は消滅した！	기포는 소멸했다！
6-00374	3200.26	대사	1	気泡の威力が弱められた！	기포의 위력이 약해졌다！
6-00375	3300.1	대사	1	を狙ったが外れた！	를 노렸지만 빗나갔다！
6-00376	3300.2	대사	1	に命中！	에 명중！
6-00377	3300.3	대사	1	を貫通しなかった	를 관통하지 못했다
6-00378	3300.4	대사	1	は $を演奏した	는 $를 연주했다
6-00379	3300.5	대사	1	をうまく使えない	를 잘 쓰지 못한다
6-00380	3300.6	대사	1	にダメージ	에게 대미지
6-00381	3300.8	대사	2	は $を唱えた	는 $를 외웠다
6-00382	3300.9	대사	1	のダメージ	의 대미지
6-00383	3300.10	대사	1	には効き目がない！	에게는 효과가 없다！
6-00384	3300.11	대사	1	は装備を変えた	는 장비를 바꿨다
6-00385	3300.12	대사	1	は $の力を解放した	는 $의 힘을 해방했다
6-00386	3300.13	대사	2	は $を使った	는 $를 사용했다
6-00387	3300.15	대사	1	は $をトスした	는 $를 토스했다
6-00388	3300.16	대사	2	が手から滑べった	가 손에서 미끄러졌다
6-00389	3300.20	대사	1	背中	등
6-00390	3300.21	대사	1	翼	날개
6-00391	3300.22	대사	1	尻尾	꼬리
6-00392	3330.0	대사	1	胴体	몸통
6-00393	3330.1	대사	1	枝	가지
6-00394	3330.2	대사	1	大枝	큰 가지
6-00395	3330.3	대사	1	さや	껍질
6-00396	3330.4	대사	1	つる	덩굴
6-00397	3330.5	대사	1	根	뿌리
6-00398	3330.6	대사	1	触手	촉수
6-00399	3330.7	대사	1	幹	줄기
6-00400	3340.0	대사	1	は $のブレスを吐いた	는 $의 브레스를 뿜었다
6-00401	3340.1	대사	1	は $を吐いた	는 $를 뱉었다
6-00402	3340.2	대사	1	は $を噴出した	는 $를 분출했다
6-00403	3343.0	대사	1	は睨みつけた！	는 노려보았다！
6-00404	3343.1	대사	1	は $を放射した	는 $를 방사했다
6-00405	3343.2	대사	1	は金切り声を上げた！	는 비명을 질렀다！
6-00406	3343.3	대사	1	は歌った！	는 노래했다！
6-00407	3343.4	대사	1	は泣いた！	는 울었다！
6-00408	3350.0	대사	1	は $を振るった	는 $를 휘둘렀다
6-00409	3350.1	대사	1	は $で突いた	는 $로 찔렀다
6-00410	3350.2	대사	1	は $で叩いた	는 $로 내리쳤다
6-00411	3350.3	대사	1	は $で乱闘を仕掛けた	는 $로 난투를 걸었다
6-00412	3350.4	대사	1	は $を投げた	는 $를 던졌다
6-00413	3350.5	대사	2	は殴りかかった	는 주먹을 날렸다
6-00414	3350.6	대사	2	は蹴りかかった	는 발길질을 했다
6-00415	3350.7	대사	1	は $でムチ打った	는 $로 채찍질했다
6-00416	3350.8	대사	1	は $を射た	는 $를 쐈다
6-00417	3375.0	대사	1	はひっかいた	는 할퀴었다
6-00418	3375.1	대사	1	は噛みついた	는 물어뜯었다
6-00419	3375.2	대사	1	はムチ打った	는 채찍질했다
6-00420	3375.3	대사	1	は刺した	는 찔렀다
6-00421	3375.4	대사	1	は触った	는 만졌다
6-00422	3375.5	대사	1	は掴んだ	는 움켜쥐었다
6-00423	3375.8	대사	1	は踏みしだいた	는 짓밟았다
6-00424	3375.9	대사	1	は $を投げつけた	는 $를 내던졌다
6-00425	3375.10	대사	1	は $で後ろから攻撃した	는 $로 뒤에서 공격했다
6-00426	3375.11	대사	1	は $で不意を突いた	는 $로 허를 찔렀다
6-00427	3450.0	대사	1	彼を	그를
6-00428	3450.1	대사	1	彼女を	그녀를
6-00429	3450.2	대사	1	それを	그것을
6-00430	3455.0	대사	1	彼の	그의
6-00431	3455.1	대사	1	彼女の	그녀의
6-00432	3455.2	대사	1	それの	그것의
6-00433	3470.1	대사	1	には効き目がなかった！	에게는 효과가 없었다！
6-00434	3470.2	대사	1	は沈黙させられた	는 침묵당했다
6-00435	3470.3	대사	2	は恐慌をきたした	는 공황에 빠졌다
6-00436	3470.4	대사	1	は眠り込んだ	는 잠들어 버렸다
6-00437	3470.5	대사	2	は麻痺した	는 마비되었다
6-00438	3470.6	대사	1	は目が見えなくなった	는 눈이 멀었다
6-00439	3470.7	대사	2	は毒に冒された	는 독에 중독되었다
6-00440	3470.8	대사	1	は病気になった	는 병에 걸렸다
6-00441	3470.9	대사	1	は正気を失った	는 제정신을 잃었다
6-00442	3470.10	대사	2	は吐き気に襲われた	는 구역질에 시달렸다
6-00443	3470.11	대사	1	は呪われた！	는 저주받았다！
6-00444	3470.12	대사	1	は葬られた！	는 매장되었다！
6-00445	3470.13	대사	1	致命傷を受けた！	치명상을 입었다！
6-00446	3470.14	대사	2	は気を失った！	는 정신을 잃었다！
6-00447	3470.15	대사	1	は石になった！	는 돌이 되었다！
6-00448	3470.16	대사	3	は死んだ！	는 죽었다！
6-00449	3470.17	대사	1	は不快になった	는 불쾌해졌다
6-00450	3470.18	대사	1	は捕らえた！	는 붙잡았다！
6-00451	3470.20	대사	1	は窒息した！	는 질식했다！
6-00452	3470.21	대사	2	は弱められた	는 약해졌다
6-00453	3470.22	대사	1	は動きを封じられた！	는 움직임을 봉쇄당했다！
6-00454	3470.23	대사	1	は追い払われた！	는 쫓겨났다！
6-00455	3470.24	대사	1	は動きが遅くなった！	는 움직임이 느려졌다！
6-00456	3470.25	대사	1	は致命傷を受けた！	는 치명상을 입었다！
6-00457	3470.26	대사	1	は魅入られた！	는 홀렸다！
6-00458	3470.27	대사	1	は消え失せた！	는 사라져 버렸다！
6-00459	3470.28	대사	1	は催眠術をかけられた！	는 최면에 걸렸다！
6-00460	3500.1	대사	1	$_{攻撃|	$_{공격|
6-00461	3500.2	대사	1	$_{受け|	$_{받기|
6-00462	3500.3	대사	1	____モンスター_____	____몬스터_____
6-00463	3500.6	대사	1	最後の命令	마지막 명령
6-00464	3500.7	대사	1	戦闘開始	전투 개시
6-00465	3500.9	대사	1	最初からやりなおす	처음부터 다시 하기
6-00466	3500.10	대사	2	 が前に進み出た！	 가 앞으로 나섰다！
6-00467	3500.12	대사	1	 は助けを呼んだ！	 는 도움을 불렀다！
6-00468	3500.13	대사	1	は前へ出た	는 앞으로 나왔다
6-00469	3500.14	대사	1	は後ろにさがった	는 뒤로 물러났다
6-00470	3500.15	대사	1	は隠れた	는 숨었다
6-00471	3500.16	대사	1	__召喚されしもの__	__소환된 것__
6-00472	3500.17	대사	1	は逃げようとした	는 도망치려 했다
6-00473	3518.0	대사	1	は消えた！	는 사라졌다！
6-00474	3518.2	대사	1	影に隠れた	그림자에 숨었다
6-00475	3518.4	대사	1	逃げのびた！	도망쳤다！
6-00476	3518.5	대사	1	ブロックされた！	블록당했다！
6-00477	3600.0	대사	1	$ グループ？	$ 그룹？
6-00478	3600.2	대사	1	戦う	싸운다
6-00479	3600.3	대사	1	唱える	외운다
6-00480	3600.4	대사	1	使う	사용
6-00481	3600.5	대사	1	ブレスを吐く	브레스를 뿜는다
6-00482	3600.9	대사	1	誰に唱えますか}	누구에게 외웁니까}
6-00483	3600.11	대사	1	どこに動きますか}	어디로 움직입니까}
6-00484	3700.0	대사	1	ファイヤー	파이어
6-00485	3700.1	대사	1	アイス	아이스
6-00486	3700.2	대사	1	暗黒の蒸気	암흑의 증기
6-00487	3700.3	대사	1	臭い気体	악취 나는 기체
6-00488	3700.4	대사	1	毒	독
6-00489	3700.5	대사	1	大岩	큰 바위
6-00490	3700.6	대사	1	酸	산
6-00491	3700.7	대사	1	白い霧	흰 안개
6-00492	3700.10	대사	1	まばゆい光	눈부신 빛
6-00493	3750.0	대사	1	を吸いとられた	를 빨아들였다
6-00494	3750.1	대사	1	は $ のスタミナ	는 $ 의 스태미나
6-00495	3750.2	대사	1	は $ のヒットポイント	는 $ 의 히트포인트
6-00496	3950.0	대사	1	火	불
6-00497	3950.1	대사	1	水	물
6-00498	3950.2	대사	1	気	기
6-00499	3950.3	대사	1	地	땅
6-00500	3950.4	대사	1	心	마음
6-00501	3950.5	대사	1	魔	마
6-00502	3950.7	대사	1	コスト 	코스트 
6-00503	5000.0	대사	1	モンスターを撃退した	몬스터를 격퇴했다
6-00504	5000.1	대사	1	生存者はそれぞれ $ ポイントの経験値を得ました	생존자는 각각 $ 포인트의 경험치를 얻었습니다
6-00505	5000.2	대사	1	生存者はそれぞれ $ GPを得ました	생존자는 각각 $ GP를 얻었습니다
6-00506	5000.3	대사	1	全員 $ ポイントのボーナス経験値を得ました	전원 $ 포인트의 보너스 경험치를 얻었습니다
6-00507	5000.4	대사	1	みつけました	발견했습니다
6-00508	5000.6	대사	1	ポーション	포션
6-00509	5000.7	대사	1	スクロール	스크롤
6-00510	5000.8	대사	1	パウダー	파우더
6-00511	5010.0	대사	1	^,  $ のレベルが上がりました！	^,  $ 의 레벨이 올랐습니다！
6-00512	5010.1	대사	2	 $ ポイントのヒットポイントを得ました！	 $ 포인트의 히트포인트를 얻었습니다！
6-00513	5010.3	대사	1	スタミナが増えました！	스태미나가 늘었습니다！
6-00514	5014.0	대사	1	 $が増えました！	 $가 늘었습니다！
6-00515	5014.1	대사	1	^ の $が増えました！	^ 의 $가 늘었습니다！
6-00516	5100.1	대사	1	__戦利品の分配__	__전리품 분배__
6-00517	5100.2	대사	1	取るアイテム＞	가질 아이템＞
6-00518	5100.3	대사	1	すてる	버린다
6-00519	5100.5	대사	1	誰が持ちますか}	누가 가집니까}
6-00520	5100.8	대사	1	^_一杯です_^	^_꽉 찼습니다_^
6-00521	5100.9	대사	1	^_重要なアイテムです_^	^_중요한 아이템입니다_^
6-00522	5200.0	대사	1	{0F}___宝箱{16}___{0F}	{0F}___보물상자{16}___{0F}
6-00523	5200.1	대사	1	調べる	조사한다
6-00524	5200.2	대사	1	わなを外す	함정 해제
6-00525	5220.0	대사	1	誰が外しますか}	누가 해제합니까}
6-00526	5220.3	대사	1	誰が調べますか}	누가 조사합니까}
6-00527	5220.4	대사	1	誰が唱えますか}	누가 외웁니까}
6-00528	5220.5	대사	1	誰が開けますか}	누가 엽니까}
6-00529	5220.6	대사	1	？？？ わな ？？？	？？？ 함정 ？？？
6-00530	5220.7	대사	1	わなが作動した！	함정이 작동했다！
6-00531	5220.8	대사	1	わなは仕掛けられていなかった	함정은 설치되어 있지 않았다
6-00532	5220.9	대사	1	わなを外した！	함정을 해제했다！
6-00533	5220.10	대사	1	わなを外せなかった！	함정을 해제하지 못했다！
6-00534	5220.11	대사	1	に	에게
6-00535	5220.13	대사	4	は	는
6-00536	5220.14	대사	1	宝箱が開いた！	보물상자가 열렸다！
6-00537	5220.15	대사	1	宝箱は開かなかった	보물상자는 열리지 않았다
6-00538	5250.0	대사	1	は沈黙させらされた	는 침묵당했다
6-00539	5250.2	대사	1	は眠り込まされた	는 잠들어 버렸다
6-00540	5250.4	대사	1	は目をくらまされた	는 눈이 멀었다
6-00541	5250.6	대사	1	は発病させられた	는 병에 걸렸다
6-00542	5250.7	대사	1	脳が変になった！	뇌가 이상해졌다！
6-00543	5250.9	대사	1	は呪われた	는 저주받았다
6-00544	5250.10	대사	1	は葬られた	는 매장되었다
6-00545	5250.11	대사	1	は致命傷を受けた	는 치명상을 입었다
6-00546	5250.13	대사	1	は石化した！	는 석화했다！
6-00547	5250.16	대사	1	失った	잃었다
6-00548	5250.19	대사	1	ヒットポイント	히트포인트
6-00549	5250.20	대사	1	亡霊の手が実体化した！	망령의 손이 실체화했다！
6-00550	5250.21	대사	1	が攻撃された！	가 공격당했다！
6-00551	5250.22	대사	1	は何度も噛まれた！	는 몇 번이나 물렸다！
6-00552	5250.23	대사	1	は窒息させられ、叩かれた！	는 숨이 막히고 얻어맞았다！
6-00553	5250.24	대사	1	亡霊の手がうち振られ・・・	망령의 손이 휘둘러지고・・・
6-00554	5250.25	대사	1	は吐き気を催した	는 구역질이 났다
6-00555	5300.0	대사	1	わなはない	함정은 없다
6-00556	5500.0	대사	1	ワンド＆ダガー	원드＆대거
6-00557	5500.1	대사	1	スォード	소드
6-00558	5500.2	대사	1	アックス	액스
6-00559	5500.3	대사	1	メイス＆フレイル	메이스＆플레일
6-00560	5500.4	대사	1	ポール＆スタッフ	폴＆스태프
6-00561	5500.6	대사	1	スリング	슬링
6-00562	5500.7	대사	1	弓	활
6-00563	5500.9	대사	1	手と足	손과 발
6-00564	5500.10	대사	1	水泳	수영
6-00565	5500.11	대사	1	スカウト	스카우트
6-00566	5500.12	대사	1	音楽	음악
6-00567	5500.13	대사	1	発声術	발성술
6-00568	5500.14	대사	1	早業	속임수
6-00569	5500.15	대사	1	指先技	손끝 기술
6-00570	5500.16	대사	1	忍術	인술
6-00571	5500.17	대사	1	防御	방어
6-00572	5500.18	대사	1	スピード	스피드
6-00573	5500.20	대사	1	目標	목표
6-00574	5500.21	대사	1	パワー	파워
6-00575	5500.22	대사	1	工芸術	공예술
6-00576	5500.23	대사	1	神話学	신화학
6-00577	5500.24	대사	1	書術	서술
6-00578	5500.25	대사	1	錬金術	연금술
6-00579	5500.26	대사	1	神学	신학
6-00580	5500.27	대사	1	精神学	정신학
6-00581	5500.28	대사	1	魔術	마술
6-00582	5500.29	대사	1	キリジュツ	베기술
6-00583	5500.30	대사	1	スキル・ポイント	스킬・포인트
6-00584	7000.0	대사	1	はなす	말하다
6-00585	7000.4	대사	1	もっている	가지고 있다
6-00586	7000.5	대사	1	ほしい	원하다
6-00587	7000.6	대사	1	あたえる	주다
6-00588	7000.7	대사	1	とる	가지다
6-00589	7000.8	대사	1	つかう	쓰다
6-00590	7000.9	대사	1	はいる	들어가다
6-00591	7030.2	대사	1	いつ	언제
6-00592	7030.4	대사	1	どちら	어느 쪽
6-00593	7040.0	대사	1	しない	안 한다
6-00594	7040.1	대사	2	へ	으로
6-00595	7050.0	대사	1	する	한다
6-00596	7050.1	대사	1	できる	할 수 있다
6-00597	7070.0	대사	3	きみ	너
6-00598	7070.1	대사	2	わたし に	나 에게
6-00599	7070.2	대사	2	われわれ	우리
6-00600	7070.3	대사	1	われら の	우리 의
6-00601	7070.4	대사	1	われわれ に	우리 에게
6-00602	7070.6	대사	1	わたし	나
6-00603	7090.0	대사	1	それ	그것
6-00604	7090.1	대사	1	これ	이것
6-00605	7090.2	대사	1	あれ	저것
6-00606	7090.3	대사	1	これら	이것들
6-00607	7090.4	대사	1	かれ	그
6-00608	7090.5	대사	1	かのじょ	그녀
6-00609	7090.6	대사	1	かれ に	그 에게
6-00610	7090.7	대사	1	かのじょ に	그녀 에게
6-00611	7090.8	대사	1	それ に	그것 에게
6-00612	7090.9	대사	1	かれら に	그들 에게
6-00613	7090.10	대사	1	かれら	그들
6-00614	7120.0	대사	1	こんにちは	안녕
6-00615	7120.1	대사	1	さよなら	잘 가
6-00616	7120.4	대사	1	たぶん	아마
6-00617	7120.5	대사	1	ありがとう	고마워
6-00618	7120.6	대사	1	くそ	젠장
6-00619	7120.7	대사	1	わすれる	잊다
6-00620	7120.8	대사	1	たすける	돕다
6-00621	7120.9	대사	1	おかしい	이상하다
6-00622	7140.0	대사	1	の	의
6-00623	7140.2	대사	1	ついて	대해
6-00624	7140.6	대사	1	いくつか	몇 개
6-00625	7160.0	대사	1	こんにちは/はろー/	안녕/헬로/
6-00626	7160.1	대사	1	さよなら/さようなら/ばい/さらば/	잘 가/안녕히/바이/잘 있거라/
6-00627	7160.2	대사	1	はい/いえす/	예/예스/
6-00628	7160.3	대사	1	いいえ/のー/	아니오/노/
6-00629	7160.4	대사	1	ありがとう/どうも/	고마워/감사/
6-00630	7160.5	대사	1	わすれる/き に しない/	잊다/신경 쓰지 마/
6-00631	7160.6	대사	1	くそ/ばか/あほ/	젠장/바보/멍청이/
6-00632	7160.7	대사	1	はなす/いって/おしえて/いえ/おしえろ/ある/	말하다/말해/가르쳐/말해라/가르쳐라/있다/
6-00633	7160.8	대사	1	くらやみ の もり/くらやみのもり/	어둠 의 숲/어둠의숲/
6-00634	7160.9	대사	1	てにいれる/みつける/かう/かい/	손에 넣다/찾다/사다/사/
6-00635	7160.10	대사	1	あたえる/くれ/うって/みせて/とりひき/	주다/줘/팔아/보여 줘/거래/
6-00636	7160.11	대사	1	ほしい/いる/すき/	원하다/필요/좋아/
6-00637	7160.12	대사	1	たすける/えんじょ/	돕다/원조/
6-00638	7160.13	대사	1	おかしい/わらう/	이상하다/웃다/
6-00639	7160.14	대사	1	きみ は だれ/なまえ/	너 는 누구/이름/
6-00640	7160.15	대사	1	きみ/あなた/おまえ/	너/당신/자네/
6-00641	7160.16	대사	1	もっているか/もってるか/もって/	가지고 있나/갖고 있나/가지고/
6-00642	7160.17	대사	1	なに はなす きみ/うわさ/ひんと/	뭐 말해 너/소문/힌트/
6-00643	7160.18	대사	1	は/ついて/	는/대해/
6-00644	7160.19	대사	1	はいる/あける/はずす/はいるのか/あけるのか/	들어가다/열다/풀다/들어가나/여나/
6-00645	7180.0	대사	1	いけない/するな/	안 된다/하지 마/
6-00646	7180.1	대사	1	できる ない/できない/	할 수 없다/못 한다/
6-00647	7180.4	대사	1	しない/やらない/	안 한다/안 해/
6-00648	7180.5	대사	1	わたし は/わたくし は/	나 는/저 는/
6-00649	7180.6	대사	1	びん の しんたくじょ/しんたくしょ/	병 의 신탁소/신탁소/
6-00650	7180.7	대사	1	きみ は/あなた は/おまえは/	너 는/당신 은/자네는/
6-00651	7180.8	대사	1	われわれ は/われら は/	우리 는/우리들 은/
6-00652	7180.9	대사	1	かれら は/かのじょたち は/それら は/	그들 은/그녀들 은/그것들 은/
6-00653	7180.10	대사	1	かれ は/かれは/	그 는/그는/
6-00654	7180.11	대사	1	かのじょ は/かのじょは/	그녀 는/그녀는/
6-00655	7180.12	대사	1	なに/なに/なんですか/なんだ/	무엇/뭐/무엇입니까/뭐냐/
6-00656	7180.13	대사	1	だれ/だれ/だれですか/だれだ/	누구/누구/누구입니까/누구냐/
6-00657	7180.14	대사	1	どこ/どこ/どこですか/どこだ/	어디/어디/어디입니까/어디냐/
6-00658	7180.15	대사	1	いかに/いかに/どうやって/どうする/どうやる/	어떻게/어떻게/어떻게 해서/어떻게 해/어떻게 하나/
6-00659	7180.16	대사	1	いつ/いつ/いつですか/いつだ/	언제/언제/언제입니까/언제냐/
6-00660	7180.17	대사	1	それ/それ/あれ/	그것/그거/저것/
6-00661	8000.0	대사	1	!だんじょん@	!던전@
6-00662	8000.2	대사	1	ベイン・オブ・ザ・ コズミック・フォージ	베인 오브 더 코즈믹 포지
6-00663	8000.3	대사	1	ここがそうだよ！	여기가 바로 거기다！
6-00664	8000.4	대사	1	いまそこに立ってる じゃないか！	지금 거기 서 있지 않은가！
6-00665	8000.5	대사	1	{1F}めいろ@	{1F}미궁@
6-00666	8000.10	대사	1	{1E}しろ@	{1E}성@
6-00667	8000.15	대사	1	"ちぇすと@	"상자@
6-00668	8000.17	대사	1	品物やお宝で一杯の箱だ。	물건과 보물로 가득한 상자다.
6-00669	8000.18	대사	1	モンスターのすみか でも探せ。	몬스터의 소굴이라도 찾아봐.
6-00670	8000.19	대사	1	モンスターのすみかで みつけろ。	몬스터의 소굴에서 찾아라.
6-00671	8000.20	대사	2	{1F}たからばこ@	{1F}보물상자@
6-00672	8000.25	대사	1	"ごーるど@	"골드@
6-00673	8000.27	대사	1	品物を買うために使え。	물건을 사는 데 써라.
6-00674	8000.28	대사	1	宝の箱の中を探すか アイテムを売れ。	보물상자 안을 찾든가 아이템을 팔아라.
6-00675	8000.29	대사	1	宝の箱の中に隠されてる。	보물상자 안에 숨겨져 있다.
6-00676	8000.30	대사	1	{1F}かね@	{1F}돈@
6-00677	8000.35	대사	1	{1E}きんか@	{1E}금화@
6-00678	8000.40	대사	1	"あいてむ@	"아이템@
6-00679	8000.42	대사	1	ダンジョンの中で いろいろ見つかるだろう。	던전 안에서 이것저것 찾을 수 있을 거다.
6-00680	8000.43	대사	1	ダンジョンの中で 探すか取りひきするんだな。	던전 안에서 찾든가 거래하든가 해라.
6-00681	8000.44	대사	1	宝箱の中に隠されてる。	보물상자 안에 숨겨져 있다.
6-00682	8000.45	대사	1	{1F}もの@	{1F}물건@
6-00683	8000.50	대사	1	{1E}こうげいひん@	{1E}공예품@
6-00684	8000.55	대사	1	{1D}ぶき@	{1D}무기@
6-00685	8000.60	대사	1	{1C}ぼうぐ@	{1C}방어구@
6-00686	8000.65	대사	1	{1B}ぶつ@	{1B}물품@
6-00687	8000.70	대사	1	"どあ@	"문@
6-00688	8000.72	대사	1	部屋などを閉じるものだ。	방 같은 걸 닫는 것이다.
6-00689	8000.73	대사	1	鍵を試してみな。	열쇠를 써 봐.
6-00690	8000.74	대사	1	ダンジョン中にある。	던전 곳곳에 있다.
6-00691	8000.75	대사	1	{1F}とびら@	{1F}출입문@
6-00692	8000.80	대사	1	"かぎ@	"열쇠@
6-00693	8000.82	대사	1	扉や門を開けるのに使う。	문이나 성문을 여는 데 쓴다.
6-00694	8000.83	대사	1	ダンジョンの中で 見つかるだろう。	던전 안에서 찾을 수 있을 거다.
6-00695	8000.84	대사	1	宝箱の中に あるかもしれないし 落ちてるかもしれない。	보물상자 안에 있을지도 모르고 떨어져 있을지도 모른다.
6-00696	8000.85	대사	2	!とう@	!탑@
6-00697	8086.1	대사	1	城には四本の塔がある。	성에는 탑이 네 개 있다.
6-00698	8086.2	대사	1	塔の中には入るのに 鍵がいるものもある。	탑 중에는 들어가려면 열쇠가 필요한 것도 있다.
6-00699	8086.3	대사	1	塔は城の四隅にある。	탑은 성의 네 귀퉁이에 있다.
6-00700	8086.4	대사	2	!すみか@	!소굴@
6-00701	8086.6	대사	1	モンスターはダンジョンの すみかにいる	몬스터는 던전의 소굴에 있다
6-00702	8086.7	대사	1	扉を開けてみろ！	문을 열어 봐라！
6-00703	8086.8	대사	1	ダンジョンはモンスターの すみかだらけだ。	던전은 몬스터 소굴투성이다.
6-00704	8086.9	대사	1	{1F}へや@	{1F}방@
6-00705	8086.14	대사	1	 もんすたー@	 몬스터@
6-00706	8086.15	대사	1	お前の破滅だけを 考えてる奴等のことだ。	네 파멸만을 생각하는 놈들이다.
6-00707	8086.16	대사	1	ダンジョンからクズを 掃除してる。	던전에서 쓰레기를 청소하고 있다.
6-00708	8086.17	대사	2	そのまま進んでいけ。	그대로 나아가라.
6-00709	8086.18	대사	1	ダンジョン中、 どこにでもいる。	던전 안 어디에나 있다.
6-00710	8086.19	대사	1	{1F}いきもの@	{1F}생물@
6-00711	8086.24	대사	1	!ぷーる@	!웅덩이@
6-00712	8086.26	대사	1	泳げる・・・	헤엄칠 수 있다・・・
6-00713	8086.27	대사	3	ダンジョンの中を探せ。	던전 안을 찾아라.
6-00714	8086.28	대사	3	ダンジョンの中にある。	던전 안에 있다.
6-00715	8086.29	대사	1	!みず@	!물@
6-00716	8086.31	대사	1	救いになることもあるし 危険なこともある。	구원이 될 때도 있고 위험할 때도 있다.
6-00717	8086.34	대사	2	{1F}かわ@	{1F}강@
6-00718	8086.39	대사	1	"いずみ@	"샘@
6-00719	8086.41	대사	1	水を飲んでみよ。	물을 마셔 보아라.
6-00720	8086.44	대사	1	"およぐ@	"수영@
6-00721	8086.46	대사	1	水の中で生き残る術だ。	물속에서 살아남는 기술이다.
6-00722	8086.47	대사	1	習うより慣れろ！	배우기보다 익숙해져라！
6-00723	8086.48	대사	1	ダンジョンの水溜りで どうぞ！	던전의 물웅덩이에서 마음껏！
6-00724	8086.49	대사	1	"のむ@	"마시다@
6-00725	8086.51	대사	1	水を飲むのか？	물을 마시는 건가？
6-00726	8086.52	대사	1	泉を探せ。	샘을 찾아라.
6-00727	8086.53	대사	1	泉のところだ。	샘이 있는 곳이다.
6-00728	8086.54	대사	2	"たから@	"보물@
6-00729	8086.56	대사	1	金や武器や防具だ。	금이나 무기나 방어구다.
6-00730	8086.57	대사	1	ダンジョンを探して 宝箱を開けろ。	던전을 뒤져서 보물상자를 열어라.
6-00731	8086.58	대사	1	モンスターのすみかや 宝箱の中だ。	몬스터 소굴이나 보물상자 안이다.
6-00732	8086.59	대사	1	{1F}せんりひん@	{1F}전리품@
6-00733	8086.64	대사	1	"じゅもん@	"주문@
6-00734	8086.66	대사	1	力のあるものだ。	힘이 있는 것이다.
6-00735	8086.67	대사	1	呪文は我等と共にある・・・	주문은 우리와 함께 있다・・・
6-00736	8086.68	대사	1	呪文はどこにでもある・・・	주문은 어디에나 있다・・・
6-00737	8086.69	대사	1	"こずみっく・ふぉーじ@	"코즈믹 포지@
6-00738	8086.71	대사	1	それはなんのことだ？	그게 무슨 소리냐？
6-00739	8086.72	대사	1	知らない。	모른다.
6-00740	8086.73	대사	1	聞いたことがない。	들어 본 적 없다.
6-00741	8086.74	대사	1	"きけん@	"위험@
6-00742	8086.76	대사	1	健康によくないことだ。	건강에 좋지 않은 것이다.
6-00743	8086.78	대사	1	そこいらじゅうだ！	사방에 널렸다！
6-00744	8086.79	대사	1	{1F}あぶない@	{1F}위험해@
6-00745	8086.84	대사	1	"かいだん@	"계단@
6-00746	8086.86	대사	1	階段を使えば 城の別の階に行ける。	계단을 쓰면 성의 다른 층으로 갈 수 있다.
6-00747	8086.87	대사	1	歩き回っていれば みつかるだろう。	돌아다니다 보면 찾을 수 있을 거다.
6-00748	8086.88	대사	1	そこら中にある。 みのがさないだろう。	여기저기 있다. 놓치지 않을 거다.
6-00749	8086.89	대사	1	{1F}くだり かいだん@	{1F}내려가는 계단@
6-00750	8200.0	대사	11	 きみ@	 너@
6-00751	8200.1	대사	2	私はカロン。 遺灰の船頭をしている	나는 카론. 유골을 나르는 뱃사공이다
6-00752	8200.2	대사	1	死者の川の船頭だ。	망자의 강의 뱃사공이다.
6-00753	8200.5	대사	11	{1F}われわれ@	{1F}우리@
6-00754	8200.10	대사	1	{1E}かろん@	{1E}카론@
6-00755	8200.15	대사	1	"ししゃ@	"망자@
6-00756	8200.20	대사	1	"いはい@	"유골@
6-00757	8200.22	대사	1	遺灰は死者の形見だ。	유골은 망자의 유품이다.
6-00758	8200.23	대사	1	私は遺灰をみつけたものに ５００ＧＰを支払っている。	나는 유골을 찾은 자에게 ５００ＧＰ를 지불하고 있다.
6-00759	8200.25	대사	2	 おう@	 왕@
6-00760	8200.29	대사	1	死者の土地にて、 王は生きながらえている。	망자의 땅에서, 왕은 아직 살아남아 있다.
6-00761	8200.30	대사	2	 ぞーふぃたす@	 조피터스@
6-00762	8200.31	대사	1	正気を失い困惑した魂・・・	제정신을 잃고 혼란에 빠진 영혼・・・
6-00763	8200.34	대사	1	死んだ・・・ しかしいまだに生き続けている！	죽었다・・・ 하지만 아직도 살아 있다！
6-00764	8200.35	대사	2	{1F}まほうつかい@	{1F}마법사@
6-00765	8200.40	대사	1	 れべっか@	 레베카@
6-00766	8200.45	대사	1	{1F}あくま	{1F}악마
6-00767	8200.50	대사	2	 きさき@	 왕비@
6-00768	8200.55	대사	1	!ししゃ の かわ@	!망자 의 강@
6-00769	8200.65	대사	1	{1E}ししゃ@	{1E}망자@
6-00770	8200.70	대사	1	 せんどう@	 뱃사공@
6-00771	8300.1	대사	1	わしはようするに いも虫じゃ・・・	나는 말하자면 애벌레라네・・・
6-00772	8300.3	대사	1	おぉ、タバコが吸いたい！	오오, 담배를 피우고 싶구나！
6-00773	8300.10	대사	1	{1E}いもむし@	{1E}애벌레@
6-00774	8300.15	대사	1	"きのこ@	"버섯@
6-00775	8300.17	대사	1	ところできのこは 素晴らしい発明じゃと 思わんかね？！	그런데 버섯은 훌륭한 발명이라고 생각하지 않나？！
6-00776	8300.18	대사	1	きのこを食べる者もおるし、ただ腰掛ける者もおる。	버섯을 먹는 자도 있고, 그냥 걸터앉는 자도 있지.
6-00777	8300.19	대사	1	まさにわしが 今腰掛けとるよ、 それに。	바로 내가 지금 걸터앉아 있다네, 거기에.
6-00778	8300.20	대사	1	{1F}まっしゅるーむ@	{1F}머시룸@
6-00779	8300.25	대사	1	"たばこ@	"담배@
6-00780	8300.30	대사	1	"きせる@	"곰방대@
6-00781	8300.35	대사	1	{1F}ぱいぷ@	{1F}파이프@
6-00782	8300.40	대사	1	 うさぎ@	 토끼@
6-00783	8300.45	대사	1	{1F}のうさぎ@	{1F}산토끼@
6-00784	8300.50	대사	1	{1F}ばにー@	{1F}버니@
6-00785	8300.55	대사	1	"あと@	"자취@
6-00786	8300.60	대사	1	{1F}みち@	{1F}길@
6-00787	8300.65	대사	1	 ぬま@	 늪@
6-00788	8300.70	대사	1	"ぺん@	"펜@
6-00789	8300.75	대사	1	"すうしき@	"수식@
6-00790	8300.77	대사	1	わしはキセルがどこにあるか計算しておるのじゃ！	나는 곰방대가 어디 있는지 계산하고 있다네！
6-00791	8300.80	대사	1	{1F}かく@	{1F}계산@
6-00792	8300.85	대사	2	 びん の しんたくじょ^2しょ	 병 의 신탁소^2곳
6-00793	8300.90	대사	1	{1F}しんたくじょ^2しょ	{1F}신탁소^2곳
6-00794	8300.95	대사	1	"びん@	"병@
6-00795	8300.100	대사	2	"ひきかえばんごう@	"교환 번호@
6-00796	8300.105	대사	1	{1F}ひきかえ@	{1F}교환@
6-00797	8406.9	대사	1	!そうこ@	!창고@
6-00798	8406.11	대사	1	そうだ！ 預かりの島に倉庫があった！	그렇지！ 보관의 섬에 창고가 있었어！
6-00799	8406.14	대사	1	{1F}あずかり@	{1F}보관@
6-00800	8406.19	대사	2	"ひきとり@	"인수@
6-00801	8406.23	대사	1	倉庫に行ってみろ！	창고에 가 봐라！
6-00802	8406.24	대사	1	"こう@	"향@
6-00803	8406.26	대사	1	＊クンクン＊ このお香の煙のかおりは 最高じゃよ。	＊킁킁＊ 이 향 연기의 향기는 최고라네.
6-00804	8406.27	대사	1	もしお好みなら・・・	혹시 마음에 든다면・・・
6-00805	8406.28	대사	1	好きなところで 使いたまえ・・・	좋아하는 곳에서 쓰게나・・・
6-00806	8500.1	대사	2	わたくしマイ・ライと 申します！	저는 마이 라이라고 합니다！
6-00807	8500.2	대사	1	わたくし倉庫の担当を しております！	저는 창고 담당을 하고 있습니다！
6-00808	8500.3	대사	1	ただいま倉庫は一杯で お荷物は お預かりできません。	지금 창고가 꽉 차서 짐을 맡아 드릴 수 없습니다.
6-00809	8500.10	대사	1	{1E}まい・らい@	{1E}마이 라이@
6-00810	8500.15	대사	1	"そうこ@	"창고@
6-00811	8500.20	대사	1	{1F}ちょぞうしつ@	{1F}저장실@
6-00812	8500.32	대사	1	引換番号がおわかりに なりませんと・・・	교환 번호를 모르시면・・・
6-00813	8500.33	대사	1	御存知のはずですが・・・	알고 계실 텐데요・・・
6-00814	8500.34	대사	1	知らないのですか・・・	모르시는 겁니까・・・
6-00815	8500.35	대사	1	"ひきかえ@	"교환@
6-00816	8500.40	대사	1	 ぼーく@	 보크@
6-00817	8500.41	대사	1	ボークは守衛の者です。	보크는 경비원입니다.
6-00818	8500.42	대사	1	ボークは退屈したから なにかしたいと 言っています。	보크는 심심하니까 뭔가 하고 싶다고 말하고 있습니다.
6-00819	8500.43	대사	1	ボークは 身長３０センチほどですが、象を投げることもできます。	보크는 키가 ３０센티 정도지만, 코끼리를 던질 수도 있습니다.
6-00820	8500.45	대사	1	!あずかり@	!보관@
6-00821	8650.1	대사	1	わたしはセイレン！	나는 세이렌！
6-00822	8650.2	대사	1	わたしはフェアリーの女王！	나는 페어리의 여왕！
6-00823	8650.3	대사	1	私達は森の中に住んでいる！	우리는 숲속에 살고 있다！
6-00824	8650.10	대사	1	{1E}せいれん@	{1E}세이렌@
6-00825	8650.15	대사	1	!くらやみ^0 の もり	!어둠^0 의 숲
6-00826	8650.18	대사	1	自分の道を探さねばならぬ！	스스로 길을 찾아야 한다！
6-00827	8650.19	대사	1	魔法の森の東に・・・	마법의 숲 동쪽에・・・
6-00828	8650.20	대사	1	!もり@	!숲@
6-00829	8650.22	대사	1	暗闇の森に行ったことは？	어둠의 숲에 가 본 적은？
6-00830	8650.25	대사	1	!どうくつ@	!동굴@
6-00831	8650.27	대사	1	デルファイは 暗闇の森の洞窟に住んでる！	델파이는 어둠의 숲의 동굴에 살고 있다！
6-00832	8650.28	대사	1	暗闇の森を通って 洞窟を探しましょう！	어둠의 숲을 지나 동굴을 찾읍시다！
6-00833	8650.30	대사	1	 げんえい@	 환영@
6-00834	8650.35	대사	1	 でるふぁい@	 델파이@
6-00835	8650.40	대사	1	 ふぇありー@	 페어리@
6-00836	8650.45	대사	1	{1F}ようせい@	{1F}요정@
6-00837	9001.0	대사	1	わしはル・モンテス	나는 르 몽테스
6-00838	9001.1	대사	1	城の塔に住んでおる	성의 탑에 살고 있지
6-00839	9001.9	대사	1	{1E}る・もんてす@	{1E}르 몽테스@
6-00840	9001.19	대사	1	{1F}しろ の とう@	{1F}성 의 탑@
6-00841	9001.24	대사	2	 せんちょう@	 선장@
6-00842	9001.25	대사	1	我等の呪われた船の船長。	우리 저주받은 배의 선장.
6-00843	9001.26	대사	1	七つの海を渡った 最も汚らわしき男！	일곱 바다를 건넌 가장 더러운 사내！
6-00844	9001.27	대사	1	階段を降りて 城の地下を探しな。	계단을 내려가서 성의 지하를 찾아봐.
6-00845	9001.28	대사	1	彼は城の地下に 閉じ込められてる。	그는 성 지하에 갇혀 있다.
6-00846	9001.29	대사	1	!ちか@	!지하@
6-00847	9001.32	대사	1	城の下に行けばわかる。	성 밑으로 가면 알 거다.
6-00848	9001.34	대사	1	{1F}しろ の ちか@	{1F}성 의 지하@
6-00849	9001.39	대사	1	"きり@	"안개@
6-00850	9001.44	대사	1	!うみ@	!바다@
6-00851	9001.49	대사	1	 すぬーぷちぇり@	 스눕체리@
6-00852	9001.51	대사	1	船長がわしのいとしい スヌープチェリを 奪い去った！	선장이 내 사랑스러운 스눕체리를 빼앗아 갔다！
6-00853	9001.52	대사	1	彼女は真っ白で 大きな黒い鼻と長い耳を しておる！	그녀는 새하얗고 크고 검은 코에 긴 귀를 가졌지！
6-00854	9001.54	대사	1	{1F}いとしい@	{1F}사랑스러운@
6-00855	9001.59	대사	1	"ふね@	"배@
6-00856	9001.64	대사	1	{1F}なんぱ@	{1F}난파@
6-00857	9001.69	대사	1	"かわ@	"강@
6-00858	9100.1	대사	1	俺はクイークエグ	난 퀴퀘그
6-00859	9100.10	대사	1	{1E}くいーくえぐ@	{1E}퀴퀘그@
6-00860	9100.15	대사	1	 る・もんてす@	 르 몽테스@
6-00861	9100.18	대사	1	城の塔に昇ってみな。	성의 탑에 올라가 봐.
6-00862	9100.19	대사	1	ル・モンテスは城の塔に 住んでる。	르 몽테스는 성의 탑에 살고 있다.
6-00863	9100.20	대사	1	{1F}ふらんす@	{1F}프랑스@
6-00864	9100.28	대사	1	いかれたフランス人が 「船長のねぐら」に船長を 閉じ込めた。	맛이 간 프랑스인이 「선장의 소굴」에 선장을 가둬 버렸다.
6-00865	9100.30	대사	1	{1F}ぼす@	{1F}보스@
6-00866	9100.35	대사	1	"いかれた@	"맛이 간@
6-00867	9100.37	대사	1	船長があいつのお気に入りを取ったんだ。	선장이 그 녀석이 아끼는 걸 가져갔거든.
6-00868	9100.40	대사	1	"あいことば@	"암호@
6-00869	9100.42	대사	1	合言葉は教えてやるよ。 ただし情報が先だ。	암호는 가르쳐 주지. 단, 정보가 먼저다.
6-00870	9100.45	대사	1	"じょうほう@	"정보@
6-00871	9100.50	대사	1	{1F}じょうほう@	{1F}정보@
6-00872	9100.57	대사	1	船長は宝をどこかに 埋めちまったんだ！	선장은 보물을 어딘가에 묻어 버렸다고！
6-00873	9100.58	대사	1	そいつを聞きたいのよ！	그걸 듣고 싶단 말이야！
6-00874	9100.59	대사	1	おいらもそいつを 知りてえのさ！	나도 그걸 알고 싶다고！
6-00875	9100.65	대사	1	 おきにいり@	 아끼는 것@
6-00876	9100.66	대사	1	ル・モンテスのお気に入り！	르 몽테스가 아끼는 것！
6-00877	9100.67	대사	1	フランス人は まだ探してるぜ！	프랑스인은 아직도 찾고 있다고！
6-00878	9100.69	대사	1	船長が取っていったんだ！	선장이 가져가 버렸지！
6-00879	9100.70	대사	1	{1F}すぬーぷちぇり@	{1F}스눕체리@
6-00880	9100.75	대사	1	!ねぐら@	!소굴@
6-00881	9179.0	대사	1	「船長のねぐら」は ここから遠くはないが、 合言葉がいるぜ。	「선장의 소굴」은 여기서 멀지 않지만, 암호가 필요해.
6-00882	9179.1	대사	1	{1F}そうくつ@	{1F}보금자리@
6-00883	9179.6	대사	1	{1E}せんちょう の ねぐら@	{1E}선장 의 소굴@
6-00884	9179.11	대사	1	!じゃいあんと まうんてん@	!자이언트 마운틴@
6-00885	9179.16	대사	1	{1F}じゃいあんとまうんてん@	{1F}자이언트마운틴@
6-00886	9179.21	대사	1	!やま@	!산@
6-00887	9300.1	대사	1	おいら、 ＭＹＳＴＡＰＨＡＰＨＡＳ っていうんだ。	나는 ＭＹＳＴＡＰＨＡＰＨＡＳ 라고 해.
6-00888	9300.2	대사	1	昔はゾーフィタスって 魔法使いの弟子やってたんだ。	예전엔 조피터스라는 마법사의 제자였지.
6-00889	9300.3	대사	2	おいら、本当は 蛇なんかじゃねえんだ！	나, 사실은 뱀 따위가 아니라고！
6-00890	9300.16	대사	1	魔法使いのゾーフィタス。	마법사 조피터스.
6-00891	9300.17	대사	1	ゾーフィタスは かなりの魔法使いだ。 少なくとも昔はそうだった。	조피터스는 상당한 마법사다. 적어도 예전엔 그랬지.
6-00892	9300.25	대사	1	 でし@	 제자@
6-00893	9300.27	대사	1	おいら、呪文とか そんなもんに手を 染めちまった。	나, 주문 같은 거에 손을 대 버렸어.
6-00894	9300.30	대사	1	"まほう@	"마법@
6-00895	9300.35	대사	1	{1F}じゅもん@	{1F}주문@
6-00896	9300.40	대사	1	 へび@	 뱀@
6-00897	9300.41	대사	1	たしかにおいら蛇だ。 それがどうした？！	그래 나 뱀이다. 그게 어쨌다고？！
6-00898	9300.42	대사	1	たぶん、蛇になるより もっとひでえことだって あるぜ・・・	아마, 뱀이 되는 것보다 더 끔찍한 일도 있을 거야・・・
6-00899	9300.45	대사	1	"はら@	"배@
6-00900	9300.58	대사	1	すみかに入るには 魔法の指輪がいるんだ。	소굴에 들어가려면 마법의 반지가 필요해.
6-00901	9300.59	대사	1	魔法使いのすみかは 城の地下、 しゃれこうべのドアの近くだ。	마법사의 소굴은 성 지하, 해골 문 근처야.
6-00902	9300.60	대사	1	"ペン@	"펜@
6-00903	9300.65	대사	1	{1F}こずみっく・ふぉーじ@	{1F}코즈믹 포지@
6-00904	9300.70	대사	1	"わざわい@	"재앙@
6-00905	9300.75	대사	1	!しゃれこうべ	!해골
6-00906	9300.77	대사	1	しゃれこうべのドアは 死へ通じる！	해골 문은 죽음으로 통한다！
6-00907	9300.78	대사	1	ドアを開けるには宝石が 二ついる！	문을 열려면 보석이 두 개 필요해！
6-00908	9300.80	대사	3	"ほうせき@	"보석@
6-00909	9300.85	대사	1	"し@	"죽음@
6-00910	9300.90	대사	1	"ゆびわ@	"반지@
6-00911	9500.1	대사	1	おらはスミッティって いうだ。	나는 스미티라고 해.
6-00912	9500.2	대사	1	おらレストランやっとる。 食いもんだ。 それと修理もやってる。	나 레스토랑 하고 있어. 먹을 거지. 그리고 수리도 하고 있어.
6-00913	9500.10	대사	1	{1E}すみってぃ@	{1E}스미티@
6-00914	9500.15	대사	1	!さいくつじょう@	!채굴장@
6-00915	9500.20	대사	1	"ほる@	"파다@
6-00916	9500.25	대사	1	"たべもの@	"음식@
6-00917	9526.4	대사	1	{1F}しょくじ@	{1F}식사@
6-00918	9526.9	대사	1	{1E}りょうり@	{1E}요리@
6-00919	9526.14	대사	1	"かなとこ@	"모루@
6-00920	9526.17	대사	1	もちろん、直すもんがありゃ仕事するだ。	물론, 고칠 게 있으면 일하지.
6-00921	9526.19	대사	1	{1F}しゅうり@	{1F}수리@
6-00922	9526.24	대사	1	"はぐるま@	"톱니바퀴@
6-00923	9526.26	대사	1	まず、ちょっくら 見してみな・・・	우선, 잠깐 보여 줘 봐・・・
6-00924	9526.29	대사	1	"かんばん@	"간판@
6-00925	9526.34	대사	1	 しんにゅうしゃ@	 침입자@
6-00926	9600.1	대사	2	我は岩の守護者なり！	나는 바위의 수호자로다！
6-00927	9600.3	대사	3	何が望みじゃ？	무엇을 바라느냐？
6-00928	9600.10	대사	1	{1E}しゅごしゃ@	{1E}수호자@
6-00929	9600.15	대사	2	"いわ@	"바위@
6-00930	9700.1	대사	1	わたしは アマズール族の女王！	나는 아마줄족의 여왕！
6-00931	9700.3	대사	1	わらわは マウムームーの寺院を 支配しておる。	짐은 마우무무의 사원을 지배하고 있노라.
6-00932	9700.10	대사	1	{1E}じょうおう@	{1E}여왕@
6-00933	9700.15	대사	1	 あまずーる@	 아마줄@
6-00934	9700.16	대사	1	我等は寺院の民！	우리는 사원의 백성！
6-00935	9700.17	대사	1	我等マウムームーの寺院を 護る！	우리 마우무무의 사원을 지킨다！
6-00936	9700.20	대사	1	!じいん@	!사원@
6-00937	9700.23	대사	1	我等はその寺院の 頂上におる。	우리는 그 사원의 꼭대기에 있다.
6-00938	9700.24	대사	1	マウムームーのおみ足の元！	마우무무의 발치에！
6-00939	9700.25	대사	1	{1F}ぴらみっど@	{1F}피라미드@
6-00940	9700.30	대사	1	{1E}せいち@	{1E}성지@
6-00941	9700.35	대사	1	 えらばれしもの@	 선택받은 자@
6-00942	9700.40	대사	1	 マウムームー@	 마우무무@
6-00943	9700.43	대사	1	炎の道を行け！	불꽃의 길을 가라！
6-00944	9700.44	대사	1	炎の池の中に 住まわれておる！	불꽃의 못 안에 사신다！
6-00945	9700.45	대사	1	{1F}しゅごしゃ@	{1F}수호자@
6-00946	9700.50	대사	2	!いけ@	!못@
6-00947	9700.55	대사	1	{1F}かまど@	{1F}아궁이@
6-00948	9700.60	대사	1	{1E}あつい@	{1E}뜨겁다@
6-00949	9700.65	대사	1	"みち@	"길@
6-00950	9700.68	대사	1	道を行けるのは 選ばれし者のみ！	길을 갈 수 있는 것은 선택받은 자뿐！
6-00951	9700.80	대사	1	 いけにえ@	 제물@
6-00952	9700.85	대사	1	"おくりもの@	"선물@
6-00953	9700.90	대사	1	{1F}みつぎもの@	{1F}공물@
6-00954	9900.1	대사	1	わたし、クワリ　クボナ、 マウムームーの司祭よ。	나, 콰리 쿠보나, 마우무무의 사제야.
6-00955	9900.2	대사	1	わたしたち、 マウムームーの寺院に 住んでるの！	우리, 마우무무의 사원에 살고 있어！
6-00956	9900.10	대사	1	{1E}しさい@	{1E}사제@
6-00957	9900.15	대사	1	{1D}クワリ@	{1D}콰리@
6-00958	9900.20	대사	1	"とりひき@	"거래@
6-00959	9900.22	대사	1	わたし、あなたの味方よ！	나, 당신 편이야！
6-00960	9923.2	대사	1	{1F}とれーど@	{1F}트레이드@
6-00961	9923.7	대사	1	"みかた@	"편@
6-00962	9923.9	대사	1	役に立つものを持ってるわ！	쓸모 있는 걸 가지고 있어！
6-00963	9923.12	대사	1	 あつい@	 뜨겁다@
6-00964	9923.13	대사	1	シーーッ！ マウムームーに聞こえてしまうわ！	쉬이잇！ 마우무무에게 들려 버려！
6-00965	9923.15	대사	1	マウムームーは 炎の池に住んでる！	마우무무는 불꽃의 못에 살아！
6-00966	9923.17	대사	1	{1F}まうむーむー@	{1F}마우무무@
6-00967	9923.22	대사	1	"ぱん@	"빵@
6-00968	9923.27	대사	1	"もえる@	"타다@
6-00969	9923.32	대사	1	"あかし@	"증표@
6-00970	9923.42	대사	1	 じょうおう@	 여왕@
6-00971	9923.45	대사	1	シーーッ！ 女王が後ろにいるよ！	쉬이잇！ 여왕이 뒤에 있어！
6-00972	10000.0	대사	1	死への旅立ち	죽음으로의 여정
6-00973	10010.0	대사	1	もし、事態が手に負えないほど悲惨になりそうなら、	만약 사태가 감당할 수 없을 만큼 비참해질 것 같으면,
6-00974	10010.1	대사	1	いつでも引き返してきて、ここから外へ逃げられる。 	언제든 되돌아와서 여기서 밖으로 도망칠 수 있다. 
6-00975	10010.2	대사	1	城門の前に立った君達はそう確信していた。	성문 앞에 선 그대들은 그렇게 확신하고 있었다.
6-00976	10020.0	대사	1	しかし、どうもそういうわけにはいかなくなったようだ・・・	하지만 아무래도 그렇게는 되지 않을 모양이다・・・
6-00977	10030.0	대사	1	君達はその城の玄関ホールへと進んだ。 そこには、誰か、	그대들은 그 성의 현관 홀로 나아갔다. 그곳에는 누군가,
6-00978	10030.1	대사	1	またはなにかが 潜んでいるような気配は まったくなかった。	또는 무언가가 숨어 있는 듯한 기척은 전혀 없었다.
6-00979	10030.2	대사	1	そして、厚いほこりの層が、まるで敷物のように 床を被っていた。	그리고 두꺼운 먼지층이 마치 깔개처럼 바닥을 덮고 있었다.
6-00980	10030.3	대사	1	廊下の遥か彼方からは、 なにかが動き回る かすかな物音が	복도 저 멀리서는 무언가가 돌아다니는 희미한 소리가
6-00981	10030.4	대사	1	聞こえる。 君達は、ここでは 自分たちこそが侵入者なのだ	들린다. 그대들은, 여기서는 자신들이야말로 침입자라는
6-00982	10030.5	대사	1	ということを思い出した。	사실을 떠올렸다.
6-00983	10050.0	대사	1	部屋の家具は すっかり朽ち果て、	방의 가구는 완전히 썩어 버렸고,
6-00984	10050.1	대사	1	いまだに形を とどめているのは、	아직도 형태를 유지하고 있는 것은
6-00985	10050.2	대사	1	部屋中に散らばる 腐った木材だけであった。	방 안에 흩어진 썩은 목재뿐이었다.
6-00986	10055.0	대사	1	朽ち果てた家具が 部屋中に散らばっていた。	썩어 버린 가구가 방 안에 흩어져 있었다.
6-00987	10055.1	대사	1	そして部屋の真中 あたりには、 大きな木のテーブルの	그리고 방 한가운데쯤에는 커다란 나무 테이블의
6-00988	10055.2	대사	1	残骸と思われるものが 残っていた。 おそらく、	잔해로 보이는 것이 남아 있었다. 아마도
6-00989	10055.3	대사	1	昔ここは会議室かなにか だったのであろう。	옛날 이곳은 회의실 같은 곳이었을 것이다.
6-00990	10060.0	대사	1	おそらくは 優雅な客間であった この部屋も、	아마도 우아한 응접실이었을 이 방도,
6-00991	10060.1	대사	1	今は壊れた椅子の破片が 残るだけのようであった。	지금은 부서진 의자 조각만 남아 있는 것 같았다.
6-00992	10065.0	대사	1	今やカラッポの この部屋には、	이제는 텅 빈 이 방에는
6-00993	10065.1	대사	1	ほこりとクモの巣しか 残っていなかった。	먼지와 거미줄밖에 남아 있지 않았다.
6-00994	10070.0	대사	2	その箱の金属の表面には、	그 상자의 금속 표면에는
6-00995	10070.1	대사	1	次のような文字が しっかりと刻まれていた。:	다음과 같은 글자가 또렷이 새겨져 있었다.:
6-00996	10070.3	대사	1	これを最初に開けよ	이것을 처음에 열어라
6-00997	10080.0	대사	1	箱の中には いくつかの品物と、	상자 안에는 몇 가지 물건과
6-00998	10081.0	대사	1	次のように記された スクロールが入っていた。:	다음과 같이 적힌 스크롤이 들어 있었다.:
6-00999	10081.1	대사	1	一たびの治癒を二度	한 번의 치유를 두 번
6-01000	10081.2	대사	1	回復を三度	회복을 세 번
6-01001	10081.3	대사	1	汝に一つの命、	그대에게 하나의 생명을,
6-01002	10081.4	대사	1	与えること七度	주기를 일곱 번
6-01003	10090.1	대사	1	次のような文字が しっかりと刻まれていた。	다음과 같은 글자가 또렷이 새겨져 있었다.
6-01004	10090.3	대사	1	これを二番目に開けよ	이것을 두 번째로 열어라
6-01005	10100.0	대사	1	箱の中には いくらかの金貨と、	상자 안에는 얼마간의 금화와
6-01006	10100.1	대사	1	剣と、次のように記された スクロールが入っていた	검과, 다음과 같이 적힌 스크롤이 들어 있었다
6-01007	10100.2	대사	2	用心せよ	조심하라
6-01008	10100.3	대사	2	心の中の	마음속의
6-01009	10100.4	대사	1	狭き回廊を	좁은 회랑을
6-01010	10110.0	대사	1	箱の中には いくつかの鍵と、	상자 안에는 몇 개의 열쇠와
6-01011	10110.1	대사	1	杖と、次のように記された スクロールが入っていた	지팡이와, 다음과 같이 적힌 스크롤이 들어 있었다
6-01012	10110.4	대사	1	大砲のえじきに	대포의 먹잇감으로
6-01013	10120.0	대사	1	配膳室であった この部屋の壁には、	배선실이었던 이 방의 벽에는
6-01014	10120.1	대사	1	むき出しの石でできた 柵が並んでいる。	맨돌로 만든 선반이 늘어서 있다.
6-01015	10130.0	대사	1	大ホールの荘厳な輝きは、	대홀의 장엄한 광채는
6-01016	10130.1	대사	1	とうの昔にこの部屋から 消え去っていた。	오래전에 이 방에서 사라져 버렸다.
6-01017	10130.2	대사	1	５０人もの人々が 並べそうなほどの ディナーテーブルも、	５０명이나 되는 사람이 늘어설 수 있을 만한 디너 테이블도
6-01018	10130.3	대사	1	今や床の上に崩れ落ちた	이제는 바닥 위에 무너져 내린
6-01019	10130.4	대사	1	ぼろぼろの 破片でしかなかった。	너덜너덜한 파편에 지나지 않았다.
6-01020	10140.0	대사	1	古い石のかまど、 崩れ落ちた柵。	오래된 돌 아궁이, 무너져 내린 선반.
6-01021	10140.1	대사	1	この調理場では、 昔は王室の饗宴の支度が	이 조리장에서는 옛날 왕실 연회 준비가
6-01022	10140.2	대사	1	行なわれていたので あろう。	이루어졌을 것이다.
6-01023	10140.3	대사	1	しかし、今やその部屋で 腕をふるうのは“時間”、	하지만 이제 그 방에서 솜씨를 부리는 것은 “시간”,
6-01024	10140.4	대사	1	そして料理されるのは部屋 そのものなのである。	그리고 요리되는 것은 방 그 자체인 것이다.
6-01025	10150.0	대사	1	壁には、シミのついた 腐った織物の	벽에는 얼룩진 썩은 직물의
6-01026	10150.1	대사	1	断片がこびりついていた。 遠い昔、そこには	조각이 들러붙어 있었다. 먼 옛날, 그곳에는
6-01027	10150.2	대사	1	この公の間の権威を 誇らしげに示す、	이 공식 접견실의 권위를 자랑스럽게 보여 주는
6-01028	10150.3	대사	1	色鮮やかなタペストリーが かかっていたのであろう。	색색의 태피스트리가 걸려 있었을 것이다.
6-01029	10150.4	대사	1	昔日は権力の甘美な香りに 包まれていた偉大なる玉座も、	지난날 권력의 달콤한 향기에 감싸여 있던 위대한 옥좌도
6-01030	10150.5	대사	1	今は部屋の上座で、 容赦ない時の流れに 責めさいなまれている。	지금은 방의 상석에서 가차 없는 세월의 흐름에 시달리고 있다.
6-01031	10150.6	대사	1	まるで、 自らの最後の言葉によって、	마치 스스로의 마지막 말에 의해
6-01032	10150.7	대사	1	衰えることを 命じられたかのように。 	쇠하라는 명을 받은 것처럼. 
6-01033	10150.8	대사	1	もし、この崩れ落ちた 部屋の色あせた玉座に	만약 이 무너진 방의 빛바랜 옥좌에
6-01034	10150.9	대사	1	下された、なんらかの裁きが 残っているならば、	내려진 어떤 심판이 남아 있다면,
6-01035	10150.10	대사	1	それはすでに形を なさないほど崩れた	그것은 이미 형체를 알아볼 수 없을 만큼 무너진
6-01036	10150.11	대사	1	高座の崩壊の山の中から かき集め	높은 단의 붕괴 더미 속에서 긁어모아
6-01037	10162.0	대사	1	られなければ ならないだろう。	져야만 할 것이다.
6-01038	10162.1	대사	1	そして、それは不潔で 悪臭を放ち、	그리고 그것은 불결하고 악취를 풍기며,
6-01039	10162.2	대사	1	もはやなんの意味もなく、	이제는 아무 의미도 없이,
6-01040	10162.3	대사	1	涙ながらに奪い去られた 栄光を語るに違いない。	눈물로 빼앗긴 영광을 이야기할 것이 틀림없다.
6-01041	10180.0	대사	1	王の私室であった この部屋の床には、	왕의 사실이었던 이 방의 바닥에는
6-01042	10180.1	대사	1	崩れ落ちた机といくつかの 椅子が転がっていた。	무너진 책상과 몇 개의 의자가 나뒹굴고 있었다.
6-01043	10180.2	대사	1	この部屋は、弁護と、 高価な代償の伴う	이 방이 변론과, 값비싼 대가가 따르는
6-01044	10180.3	대사	1	取り引きの場であったことは間違いないだろう。	거래의 장소였던 것은 틀림없을 것이다.
6-01045	10190.0	대사	1	机の残骸を探っていると、 何かが書き付けてある、	책상 잔해를 뒤지고 있자니, 무언가가 적힌
6-01046	10190.1	대사	1	引き裂かれた古い羊皮紙が みつかった。	찢어진 낡은 양피지가 나왔다.
6-01047	10190.2	대사	1	そこには:	거기에는:
6-01048	10190.3	대사	1	「牧師、および その愛人を召喚 	「목사 및 그 애인을 소환 
6-01049	10190.4	대사	1	娘レベッカの 売り渡し代金として 	딸 레베카의 매도 대금으로 
6-01050	10190.5	대사	1	１００ＧＰを支払う・・・」	１００ＧＰ를 지불한다・・・」
6-01051	10190.6	대사	1	と記されており、 羊皮紙の他の部分は、	라고 적혀 있었고, 양피지의 나머지 부분은
6-01052	10190.7	대사	1	失われてしまったか 読めなくなって しまっていた。	없어졌거나 읽을 수 없게 되어 버렸다.
6-01053	10200.0	대사	1	他の部屋同様この部屋も 荒れ果てていたが、	다른 방과 마찬가지로 이 방도 황폐했지만,
6-01054	10200.1	대사	1	床から突き出している 奇妙なでっぱりが、	바닥에서 튀어나온 기묘한 돌출부가
6-01055	10200.2	대사	1	この部屋に 最近正体不明の	이 방에 최근 정체불명의
6-01056	10200.3	대사	1	何かが出入りしたことを	무언가가 드나들었다는 것을
6-01057	10200.4	대사	1	示しているようであった。	보여 주는 것 같았다.
6-01058	10210.0	대사	1	でっぱりのあたりを 調べてみると、	돌출부 근처를 조사해 보니,
6-01059	10210.1	대사	1	床石が持ち上がったあたりに	바닥돌이 들어 올려진 근처에서
6-01060	10210.2	대사	1	乾燥したオリーブが みつかった	말린 올리브가 나왔다
6-01061	10220.1	대사	1	　　　　勤務時間中　　　　	　　　　근무 시간 중　　　　
6-01062	10220.2	대사	1	　　　　門の開放厳禁　　　	　　　　문 개방 엄금　　　
6-01063	10230.0	대사	1	それほど遠くないあたりから衣ずれか	그리 멀지 않은 곳에서 옷자락 스치는 소리인지
6-01064	10230.1	대사	1	なにかが羽ばたくような 音が聞こえてきた。	무언가가 날갯짓하는 듯한 소리가 들려왔다.
6-01065	10230.2	대사	1	たぶん、 この城の塔に吹き込む	아마 이 성의 탑에 불어 드는
6-01066	10230.3	대사	1	風の仕業だろう・・・	바람의 짓이겠지・・・
6-01067	10240.0	대사	1	目の前の角を曲がった 向こう側から、	눈앞의 모퉁이를 돈 저편에서
6-01068	10240.1	대사	1	なにかが ぶつかったような音が 聞こえる・・・	무언가가 부딪친 듯한 소리가 들린다・・・
6-01069	10245.0	대사	1	前方の階段を駆け上がる、	앞쪽 계단을 뛰어 올라가는
6-01070	10245.1	대사	1	ガタガタという足音が 聞こえる！	덜컹덜컹하는 발소리가 들린다！
6-01071	10250.0	대사	1	塔の床にはパンのくずが 散らばっていた。	탑 바닥에는 빵 부스러기가 흩어져 있었다.
6-01072	10250.1	대사	1	そして、穏やかな風に	그리고 잔잔한 바람에
6-01073	10250.2	대사	1	吹き飛ばされていった。	날려 가 버렸다.
6-01074	10250.3	대사	1	と、突然、右の方でドアが バタンと閉まった！	그때, 갑자기 오른쪽에서 문이 쾅 하고 닫혔다！
6-01075	10260.0	대사	1	ドアの向こうから、 なにやら	문 저편에서 무언가
6-01076	10260.1	대사	1	とても奇妙な物音が 聞こえてきた。	아주 기묘한 소리가 들려왔다.
6-01077	10260.2	대사	1	なにかが、 強く圧迫されながら	무언가가 강하게 짓눌리면서
6-01078	10263.0	대사	1	深く呼吸するような 音であった。	깊게 숨을 쉬는 듯한 소리였다.
6-01079	10270.0	대사	1	なにかが おかしいような気がする・・	무언가 이상한 것 같은 느낌이 든다・・
6-01080	10270.1	대사	1	見張られている	누군가 지켜보고 있다
6-01081	10270.2	대사	1	頭上を見上げると、 塔の屋根を支える木に、	머리 위를 올려다보니, 탑 지붕을 받치는 나무에
6-01082	10270.3	대사	1	コウモリの大群が 微妙なバランスを取りながら	박쥐 떼가 아슬아슬하게 균형을 잡으며
6-01083	10270.4	대사	1	ぶら下がっていた。	매달려 있었다.
6-01084	10270.5	대사	1	突然、コウモリが 襲いかかってきた！	갑자기 박쥐가 덮쳐 왔다！
6-01085	10290.0	대사	1	突然、支え木が崩れ落ちた！	갑자기 받침목이 무너져 내렸다！
6-01086	10295.0	대사	1	支え木を調べてみても、	받침목을 조사해 보아도
6-01087	10295.1	대사	1	その梁が落ちたのが ワナだったのか、	그 들보가 떨어진 것이 함정이었는지,
6-01088	10295.2	대사	1	それとも木が古くなって 崩れたのか、	아니면 나무가 낡아서 무너진 것인지,
6-01089	10295.3	대사	1	どちらなのかは わからなかった。	어느 쪽인지는 알 수 없었다.
6-01090	10300.0	대사	1	この塔の小部屋には、 古くさい破片が	이 탑의 작은 방에는 낡은 파편이
6-01091	10300.1	대사	1	山のように 積み重ねられていた。	산더미처럼 쌓여 있었다.
6-01092	10300.2	대사	1	そのほとんどが 腐っているようだった。	그 대부분은 썩어 있는 것 같았다.
6-01093	10310.0	대사	1	まだ使えそうな弓と	아직 쓸 만한 활과
6-01094	10310.1	대사	1	数本の矢がみつかった・・	화살 몇 개가 나왔다・・
6-01095	10315.0	대사	1	皮製の古い箱がみつかった！	가죽으로 된 낡은 상자가 나왔다！
6-01096	10320.0	대사	1	皮でできた、かび臭くて 古いブレストプレートが	가죽으로 된, 곰팡내 나는 낡은 브레스트플레이트가
6-01097	10320.1	대사	1	みつかった。 着てみると、まだ充分に	나왔다. 입어 보니, 아직 충분히
6-01098	10320.2	대사	1	使えるようだった。	쓸 만한 것 같았다.
6-01099	10330.1	대사	1	死骸を詳しく調べる	시체를 자세히 조사한다
6-01100	10330.2	대사	1	死骸を塔から落とす	시체를 탑에서 떨어뜨린다
6-01101	10330.3	대사	4	その場を立ち去る	그 자리를 떠난다
6-01102	10340.0	대사	1	異様な臭いがする なにかの死骸が、 堀を見下ろす	이상한 냄새가 나는 무언가의 시체가 해자를 내려다보는
6-01103	10340.1	대사	1	塔の岩棚に放置されている。それは、	탑의 바위 턱에 방치되어 있다. 그것은
6-01104	10340.2	대사	1	元が何であったのか わからないほどに	원래 무엇이었는지 알 수 없을 만큼
6-01105	10340.3	대사	1	形が崩れており、どうやって	형체가 무너져 있었고, 어떻게
6-01106	10340.4	대사	1	死んだのかも まったくわからなかった。	죽었는지도 전혀 알 수 없었다.
6-01107	10350.0	대사	1	塔から下に残骸を つき落とすと、	탑 아래로 잔해를 밀어 떨어뜨리자,
6-01108	10350.1	대사	1	しばらくして、 堀からかすかな	잠시 후 해자에서 희미한
6-01109	10350.2	대사	1	水しぶきの音が 聞こえてきた。	물보라 소리가 들려왔다.
6-01110	10355.0	대사	1	死骸を動かそうとすると、	시체를 움직이려 하자,
6-01111	10355.1	대사	1	おそろしく異様な臭いを ともないながら	지독하게 이상한 냄새를 풍기며
6-01112	10355.2	대사	1	それは爆発し、 全員に腐った残骸の	그것은 폭발해, 모두에게 썩은 잔해의
6-01113	10355.3	대사	1	雨を降らせた。	비를 뿌렸다.
6-01114	10360.0	대사	1	南の方、城門の 遥か彼方には、	남쪽, 성문 저 멀리에는
6-01115	10360.1	대사	1	遠く青き山脈が	아득히 푸른 산맥이
6-01116	10360.2	대사	1	見えている。	보이고 있다.
6-01117	10370.0	대사	1	東の方には、 寒くて陰鬱で、	동쪽으로는 춥고 음울하며
6-01118	10370.1	대사	1	邪悪なものたちの すみかとの間を隔てる	사악한 것들의 소굴과의 사이를 가르는
6-01119	10370.2	대사	1	沼が広がっている。	늪이 펼쳐져 있다.
6-01120	10370.3	대사	1	やはり、 悪魔や魔女などの伝説は、	역시 악마나 마녀 같은 전설은
6-01121	10370.4	대사	1	ただの噂話というわけでは ないのだろう。	그저 뜬소문만은 아닌 모양이다.
6-01122	10380.0	대사	1	塔の端から彼方を眺めると、	탑 끝에서 저편을 바라보니,
6-01123	10380.1	대사	1	北の方には広大な森が	북쪽에는 광대한 숲이
6-01124	10382.0	대사	1	目の届く限り続いている。	눈이 닿는 한 이어져 있다.
6-01125	10390.0	대사	1	西の遥か彼方にある 火を吹く裂け谷から、	서쪽 저 멀리 불을 뿜는 협곡에서
6-01126	10390.1	대사	1	遠い過去の遺物のように、	먼 과거의 유물처럼
6-01127	10390.2	대사	1	煙りの柱が立ち昇っていた。	연기 기둥이 피어오르고 있었다.
6-01128	10400.0	대사	1	古い骨の破片が あたりに散らばっており、	낡은 뼛조각이 주위에 흩어져 있었고,
6-01129	10400.1	대사	1	地面には濃い赤色の シミがついていた。	땅에는 짙은 붉은색 얼룩이 묻어 있었다.
6-01130	10410.0	대사	1	砕かれたガイコツの 咽の骨の	부서진 해골의 목뼈
6-01131	10410.1	대사	1	あたりから奇妙な鍵が みつかった。	근처에서 기묘한 열쇠가 나왔다.
6-01132	10410.2	대사	1	最期の瞬間に それを飲み込んだの	최후의 순간에 그것을 삼킨 것일
6-01133	10410.3	대사	1	かもしれない・・・	지도 모른다・・・
6-01134	10420.0	대사	1	全員、ドサッという音と 共に落っこちた。	모두 쿵 하는 소리와 함께 떨어졌다.
6-01135	10425.0	대사	1	目の前の 門の柵の向こう側で、	눈앞의 문 창살 저편에서
6-01136	10425.1	대사	1	なにかがうごめいているのが目に入った。	무언가가 꿈틀거리는 것이 눈에 들어왔다.
6-01137	10430.0	대사	1	門の向こう側で、	문 저편에서
6-01138	10430.1	대사	1	なにかがまたもや 素早く動いた。	무언가가 또다시 재빨리 움직였다.
6-01139	10430.2	대사	1	それが矢のようなスピードで襲ってきたとき、	그것이 화살 같은 속도로 덮쳐 왔을 때,
6-01140	10430.3	대사	1	唯一目に映ったのは、 なにかが	유일하게 눈에 비친 것은 무언가가
6-01141	10430.4	대사	1	動くかすかな 残像だけであった。	움직이는 희미한 잔상뿐이었다.
6-01142	10500.0	대사	1	ドアの向こう側から	문 저편에서
6-01143	10500.1	대사	1	奇妙な声が聞こえた。:	기묘한 목소리가 들렸다.:
6-01144	10500.2	대사	1	どっかへいっちまえ！	썩 꺼져 버려！
6-01145	10500.3	대사	1	わしは、 『どっかへいっちまえ』って言ってるんだ	나는 『썩 꺼져 버려』라고 말하고 있는 거다
6-01146	10500.4	대사	1	お前さんが誰であろうと、 わしは出て行かん！	네놈이 누구든, 나는 안 나간다！
6-01147	10500.5	대사	1	わしをここから 動かすことはできんぞ！	나를 여기서 움직일 수는 없다고！
6-01148	10500.6	대사	1	何か言いたいことが あるのか？	뭔가 할 말이 있나？
6-01149	10510.1	대사	1	スーヌプチェリ	스누프체리
6-01150	10510.2	대사	2	スヌープチェリ	스눕체리
6-01151	10510.3	대사	1	スヌープチョリ	스눕초리
6-01152	10515.0	대사	1	「スヌープチェリを みつけたのか？」	「스눕체리를 찾았단 말인가？」
6-01153	10515.1	대사	1	「なぜそれを 最初に言わない！！」	「왜 그걸 먼저 말하지 않았나！！」
6-01154	10515.2	대사	1	「さぁ、入った、入った！」	「자, 들어와, 들어와！」
6-01155	10600.0	대사	1	歳月による崩壊が どれほどすすんでいようと、	세월에 의한 붕괴가 아무리 진행되었어도
6-01156	10600.1	대사	1	その部屋の豪華さは 失われていなかった。	그 방의 호화로움은 사라지지 않았다.
6-01157	10600.2	대사	1	ここはおそらく城の中で	이곳은 아마 성 안에서
6-01158	10600.3	대사	1	最大の寝室であろう。	가장 큰 침실일 것이다.
6-01159	10600.4	대사	1	城主はこの部屋を自分の	성주는 이 방을 자신의
6-01160	10600.5	대사	1	私室として 用いていたに違いない。	사실로 쓰고 있었던 것이 틀림없다.
6-01161	10600.6	대사	1	壁は壮大な手描きの壁画で	벽은 장대한 손으로 그린 벽화로
6-01162	10600.7	대사	1	飾られており、 部屋の隅ずみまで	장식되어 있고, 방 구석구석까지
6-01163	10600.8	대사	1	職人の丁寧な手仕事で 仕上げられている。	장인의 꼼꼼한 손길로 마무리되어 있다.
6-01164	10600.9	대사	1	かつてこの部屋を 彩った美しき輝きは、	한때 이 방을 수놓던 아름다운 광채는
6-01165	10600.10	대사	1	この暗い廃墟の中にも かすかに	이 어두운 폐허 속에도 희미하게
6-01166	10600.11	대사	2	残っていた。	남아 있었다.
6-01167	10600.12	대사	1	向こう側の壁際には、 支柱のついた	저편 벽가에는 기둥이 달린
6-01168	10600.13	대사	1	ベッドの残骸が 崩れ落ちていた。	침대의 잔해가 무너져 있었다.
6-01169	10614.0	대사	1	そして、崩壊した家具は	그리고 무너진 가구는
6-01170	10614.1	대사	1	部屋中に散らばっていた。	방 안에 흩어져 있었다.
6-01171	10620.0	대사	1	昔は書庫であり 書斎であったこの部屋の	옛날에는 서고이자 서재였던 이 방의
6-01172	10620.1	대사	1	壁際には、朽ち果てた本棚と崩壊した本の	벽가에는 썩어 버린 책장과 무너진 책의
6-01173	10620.2	대사	1	残骸が積み重なっていた。	잔해가 쌓여 있었다.
6-01174	10620.3	대사	1	目の前の壁のところには	눈앞의 벽 쪽에는
6-01175	10620.4	대사	1	机が崩れ落ちている。	책상이 무너져 있다.
6-01176	10620.5	대사	1	ほとんどの本は 形をなさないほど	대부분의 책은 형체를 알아볼 수 없을 만큼
6-01177	10620.6	대사	1	崩れており、 中を読むことは	무너져 있어서, 안을 읽을 수
6-01178	10620.7	대사	1	できなかった。 それでもいくつかの	없었다. 그래도 몇 권의
6-01179	10620.8	대사	1	本はタイトルを 読むことができた。	책은 제목을 읽을 수 있었다.
6-01180	10620.9	대사	1	「せかいのれきし」	「세계의 역사」
6-01181	10620.10	대사	1	「数学大百科事典」	「수학 대백과사전」
6-01182	10620.11	대사	1	「２週間で１５ポンド痩せて	「２주 만에 １５파운드 빼고
6-01183	10620.12	대사	1	その体型を維持する法」	그 체형을 유지하는 법」
6-01184	10620.13	대사	1	「呪文について」	「주문에 대하여」
6-01185	10620.14	대사	1	最後の二冊はなにかの役に	마지막 두 권은 무언가에 쓸모가
6-01186	10620.15	대사	1	立ちそうであったが、 残念なことに	있을 것 같았지만, 유감스럽게도
6-01187	10620.16	대사	1	両方ともかなり腐敗が すすんでおり、	두 권 모두 상당히 부패가 진행되어 있어서,
6-01188	10620.17	대사	1	手に入った情報といえば	얻은 정보라고는
6-01189	10620.18	대사	1	面白いキャベツの料理法 だけであった。	재미있는 양배추 요리법뿐이었다.
6-01190	10640.1	대사	1	下がってワイヤーを引く	물러서서 와이어를 당긴다
6-01191	10640.2	대사	1	身を屈めてワイヤーを引く	몸을 숙이고 와이어를 당긴다
6-01192	10645.0	대사	1	机の残骸を探っていると、	책상 잔해를 뒤지고 있자니,
6-01193	10645.1	대사	1	机から壁の中に 繋がっている	책상에서 벽 속으로 이어진
6-01194	10645.2	대사	1	ワイヤーがみつかった。	와이어가 나왔다.
6-01195	10650.0	대사	1	秘密の戸棚がみつかった！	비밀 찬장을 찾았다！
6-01196	10652.0	대사	1	宝石箱を開けてみると、 中には	보석함을 열어 보니, 안에는
6-01197	10652.1	대사	1	鍵が一つと小さな本が 入っていた。	열쇠 하나와 작은 책이 들어 있었다.
6-01198	10652.2	대사	1	本の状態は悪くなかった。 それは、	책의 상태는 나쁘지 않았다. 그것은
6-01199	10652.3	대사	1	判読できない 不思議な暗号で綴られた、	판독할 수 없는 신비한 암호로 쓰인
6-01200	10652.4	대사	1	ノートか日記のようで あった。	노트나 일기 같은 것이었다.
6-01201	10660.0	대사	1	腐った小さな寝台いくつかと古びた花瓶が一つ、	썩은 작은 침대 몇 개와 낡은 꽃병 하나,
6-01202	10660.1	대사	1	この簡素な小部屋に 残っているのは	이 소박한 작은 방에 남아 있는 것은
6-01203	10660.2	대사	1	ただそれだけであった。	그것뿐이었다.
6-01204	10660.3	대사	1	その部屋を見ていると、	그 방을 보고 있자니,
6-01205	10660.4	대사	1	王の隠し子と 噂される子供に与えられた	왕의 숨겨진 자식이라 소문난 아이에게 주어진
6-01206	10660.5	대사	1	奴隷娘の話が 思い出されてきた。	노예 소녀 이야기가 떠올랐다.
6-01207	10660.6	대사	1	確たる証拠が ある話ではなかったが、	확실한 증거가 있는 이야기는 아니었지만,
6-01208	10660.7	대사	1	王は彼女が１４才の年、 週に一度は	왕은 그녀가 １４살 되던 해, 일주일에 한 번은
6-01209	10660.8	대사	1	彼女の床を訪れたという。	그녀의 침소를 찾았다고 한다.
6-01210	10660.9	대사	1	苛酷なまでの 追及のかいもなく、	가혹할 정도의 추궁에도 불구하고,
6-01211	10660.10	대사	1	妃はその現場を 捕らえることはできなかった。	왕비는 그 현장을 잡을 수 없었다.
6-01212	10660.11	대사	1	そして次第に、王は壁を すり抜けることができる	그리고 점차, 왕은 벽을 빠져나갈 수 있는
6-01213	10672.0	대사	1	魔法の力を持っている という噂が広がった、	마법의 힘을 가지고 있다는 소문이 퍼졌다
6-01214	10672.1	대사	1	と言われている。	고 한다.
6-01215	10680.0	대사	1	ここはとりたてて どうと言うことはない 部屋で、	이곳은 이렇다 할 것 없는 방으로,
6-01216	10680.1	대사	1	壁にもなにもなく、 いくつかの壊れた寝台が	벽에도 아무것도 없고, 부서진 침대 몇 개만이
6-01217	10680.2	대사	1	残っているだけであった。	남아 있을 뿐이었다.
6-01218	10690.0	대사	1	昔は、装飾を施した家具と	옛날에는 장식을 한 가구와
6-01219	10690.1	대사	1	華やかな壁がこの客間を	화려한 벽이 이 응접실을
6-01220	10690.2	대사	1	美しく彩っていた ことであろう。	아름답게 수놓고 있었을 것이다.
6-01221	10690.3	대사	1	しかし今はそれも色あせ、	하지만 지금은 그것도 빛이 바래고,
6-01222	10690.4	대사	1	椅子も塵に 帰してしまっていた。	의자도 먼지로 돌아가 버렸다.
6-01223	10700.0	대사	1	部屋の中央には、 古い木のテーブルと	방 한가운데에는 낡은 나무 테이블과
6-01224	10700.1	대사	1	いくつかの椅子の残骸が 積み重なっていた。	몇 개의 의자 잔해가 쌓여 있었다.
6-01225	10700.2	대사	1	そして、 壊れた酒瓶の破片が	그리고 깨진 술병 파편이
6-01226	10700.3	대사	1	床一面に散乱していた。	바닥 가득 흩어져 있었다.
6-01227	10705.0	대사	1	奇妙な黒い鍵が 二つついている鍵輪が	기묘한 검은 열쇠가 두 개 달린 열쇠고리가
6-01228	10705.1	대사	1	みつかった。 その鍵の握りの部分は、	나왔다. 그 열쇠의 손잡이 부분은
6-01229	10705.2	대사	1	小さなスペードの 形をしていた。	작은 스페이드 모양을 하고 있었다.
6-01230	10710.0	대사	1	この印象的な外観を 持つ続き部屋は、	이 인상적인 외관을 가진 연결된 방은
6-01231	10710.1	대사	1	一種の客間だった ようである。	일종의 객실이었던 것 같다.
6-01232	10710.2	대사	1	少なくとも、 ドアにかかっている	적어도 문에 걸려 있는
6-01233	10710.3	대사	1	小さな掲示を読む限りは そう思えた。	작은 게시문을 읽어 보면 그렇게 생각되었다.
6-01234	10710.5	대사	1	チェックアウトは 午前１０時です	체크아웃은 오전 １０시입니다
6-01235	10720.0	대사	1	その部屋の壁は、 天使やバラやつる草の	그 방의 벽은 천사와 장미와 덩굴풀의
6-01236	10720.1	대사	1	雪花石膏彫刻で飾られ、	설화석고 조각으로 장식되어 있었고,
6-01237	10720.2	대사	1	歳月を経て石膏が ドス黒くなっている	세월이 흘러 석고가 거무튀튀해졌음
6-01238	10720.3	대사	1	にもかかわらず、 その装飾の見事な細工は	에도 불구하고, 그 장식의 훌륭한 세공은
6-01239	10720.4	대사	1	観る者に畏敬の念を 抱かせた。	보는 이에게 경외심을 품게 했다.
6-01240	10720.5	대사	1	大の男三人が 横になっても	장정 세 명이 누워도
6-01241	10720.6	대사	1	まだ余裕がありそうな 大きなベッドの残骸が	아직 여유가 있을 듯한 큰 침대의 잔해가
6-01242	10720.7	대사	1	床に崩れ落ちており、 部屋中に	바닥에 무너져 있었고, 방 안에는
6-01243	10720.8	대사	1	元は家具であった 朽ちた木材が	원래 가구였던 썩은 목재가
6-01244	10720.9	대사	2	散乱していた。	흩어져 있었다.
6-01245	10720.10	대사	1	当然のことながら、 この部屋は	당연한 일이지만, 이 방은
6-01246	10720.11	대사	1	妃の寝室だったのであろう。	왕비의 침실이었을 것이다.
6-01247	10720.12	대사	1	妃が若い男たちと 奇妙な儀式を行なっていた	왕비가 젊은 남자들과 기묘한 의식을 벌였다는
6-01248	10720.13	대사	1	という噂があったが、 この部屋を見る限りでは	소문이 있었지만, 이 방을 보는 한
6-01249	10720.14	대사	1	^それが本当のこととは 思えなかった。	^그것이 사실이라고는 생각되지 않았다.
6-01250	10740.0	대사	1	明るく彩られた壁は、 昔はこの小さな私室を	밝게 칠해진 벽은 옛날에 이 작은 사실을
6-01251	10740.1	대사	1	特徴づけていたことで あろう。	특징짓고 있었을 것이다.
6-01252	10740.2	대사	1	今はさすがに往時のつやは 消え失せていたが、	지금은 역시 옛날의 윤기는 사라졌지만,
6-01253	10740.3	대사	1	それでも明るく陽気な様子は失われていなかった。	그래도 밝고 쾌활한 분위기는 잃지 않았다.
6-01254	10750.0	대사	1	大きな鞄の中に 入っていたのは、 少しばかり衝撃的な	커다란 가방 안에 들어 있던 것은 조금 충격적인
6-01255	10750.1	대사	1	・・・まぁ、一種の鎧と いうかなんというか・・・	・・・뭐, 일종의 갑옷이라고 할까 뭐라고 할까・・・
6-01256	10750.2	대사	1	そんな代物であった。 すなわち、それは	그런 물건이었다. 즉, 그것은
6-01257	10750.3	대사	1	黒い皮製で、 金属の鋲でふちどられた、	검은 가죽으로 된, 금속 징으로 테를 두른
6-01258	10750.4	대사	1	ごつい作りのブラジャー だったのである。	투박한 브래지어였던 것이다.
6-01259	10750.5	대사	1	その使い途が どのようなもので あったのか、	그 용도가 어떤 것이었는지
6-01260	10750.6	대사	1	はっきりと わかるわけではないが、	확실히 알 수 있는 것은 아니지만,
6-01261	10750.7	대사	1	もしそれがふさわしい人物に着用されたならば、	만약 그것이 어울리는 인물이 착용한다면,
6-01262	10750.8	대사	1	ある種の・・・・ その・・・つまり、 まぁなんというか、	어떤 종류의・・・・ 그・・・그러니까, 뭐랄까,
6-01263	10750.9	대사	1	魅力を醸し出す“可能性”があるようであった。	매력을 자아낼 “가능성”이 있는 것 같았다.
6-01264	10750.10	대사	1	さらにもっと困ったことに、その奇妙な	게다가 더 곤란하게도, 그 기묘한
6-01265	10750.11	대사	1	ブラジャーと一緒に、 箱の奥から黒いムチが	브래지어와 함께 상자 안쪽에서 검은 채찍이
6-01266	10750.12	대사	1	出てきた。 さてさて、妃の小部屋で、 いったい	나왔다. 자 그럼, 왕비의 작은 방에서 대체
6-01267	10750.13	대사	1	こんなものをなんに 使っていたのだろう？	이런 것을 무엇에 썼던 걸까？
6-01268	10770.0	대사	1	箱の中には、 おそらくヤギの頭で作った	상자 안에는 아마 산양의 머리로 만든
6-01269	10770.1	대사	1	奇妙な仮面が入っていた。 多少壊れ始めている	기묘한 가면이 들어 있었다. 조금 부서지기 시작한
6-01270	10770.2	대사	1	ところもあったが、 ほとんど完全と いってもよいほど	곳도 있었지만, 거의 완전하다고 해도 좋을 만큼
6-01271	10770.3	대사	1	状態はよかった。 その仮面の横には、	상태는 좋았다. 그 가면 옆에는
6-01272	10770.4	대사	1	凝った装飾の施された 金のダガーが置いてあった。	공들인 장식이 된 금 대거가 놓여 있었다.
6-01273	10770.5	대사	1	そのつかの部分には 数個の宝石が	그 자루 부분에는 보석 몇 개가
6-01274	10770.6	대사	1	埋め込まれ、 二つのルーン文字が	박혀 있고, 두 개의 룬 문자가
6-01275	10770.7	대사	1	刻まれていた。	새겨져 있었다.
6-01276	10790.0	대사	1	冷たい空気が門の柵の間を 通り抜けてきた。	차가운 공기가 문 창살 사이로 빠져나왔다.
6-01277	10790.1	대사	1	その風は門の向こう側から 城の中に	그 바람은 문 저편에서 성 안으로
6-01278	10790.2	대사	1	吹き込んでいるようだった。	불어 드는 것 같았다.
6-01279	10790.3	대사	1	遠くの方からなにかの 鳴き声が	먼 곳에서 무언가의 울음소리가
6-01280	10790.4	대사	1	聞こえてきたようにも 思えたが、	들려온 것 같기도 했지만,
6-01281	10790.5	대사	1	もしかすると ただの風の音だった	어쩌면 그저 바람 소리였을지도
6-01282	10790.6	대사	1	かもしれない。	모른다.
6-01283	10800.0	대사	1	腐った木のカゴの残骸が	썩은 나무 바구니의 잔해가
6-01284	10800.1	대사	1	床に山をなしていた。 その中に	바닥에 산을 이루고 있었다. 그 안에
6-01285	10800.2	대사	1	何が入っていたにせよ、 すべては	무엇이 들어 있었든, 모든 것은
6-01286	10800.3	대사	1	塵になってしまっていた。	먼지가 되어 버렸다.
6-01287	10810.0	대사	1	ルーン文字と 悪魔のような小像が 彫り込まれた、	룬 문자와 악마 같은 작은 조각상이 새겨진
6-01288	10810.1	대사	1	巨大な石の祭壇が 床からせり上がってきた。	거대한 돌 제단이 바닥에서 솟아올랐다.
6-01289	10810.2	대사	1	グロテスクな像は 奇怪な儀式の様子を	그로테스크한 조각상은 괴이한 의식의 모습을
6-01290	10810.3	대사	1	演じており、 その表面には 濃い赤色のシミが	연출하고 있었고, 그 표면에는 짙은 붉은색 얼룩이
6-01291	10810.4	대사	1	こびりついていた。 恐ろしい物語を伝える	들러붙어 있었다. 무서운 이야기를 전하는
6-01292	10815.0	대사	1	その残忍な彫物は、 神聖ならざる目的のために	그 잔인한 조각은 신성하지 못한 목적을 위해
6-01293	10815.1	대사	1	あたりに冷たい沈黙を もたらすかのようであった。	주위에 차가운 침묵을 가져오는 것 같았다.
6-01294	10815.2	대사	1	そのイメージは、 ひとたびは 城にそなわっていた	그 이미지는 한때 성에 갖춰져 있던
6-01295	10815.3	대사	1	ケルト風の魅力を 一瞬のうちに 消し去ってしまい、	켈트풍의 매력을 한순간에 지워 버렸고,
6-01296	10815.4	대사	1	リアルで 恐ろしい悪夢によって、	생생하고 무서운 악몽으로 인해
6-01297	10815.5	대사	1	潔癖さはすべて 失われてしまった。	결벽함은 모두 사라져 버렸다.
6-01298	10830.0	대사	1	祭壇のどのシンボルを押す}	제단의 어느 상징을 누른다}
6-01299	10830.2	대사	1	炎の宝珠	불꽃의 보주
6-01300	10830.3	대사	1	ヤギの頭	산양 머리
6-01301	10830.4	대사	1	魔法の杖	마법 지팡이
6-01302	10830.5	대사	1	押さない	누르지 않는다
6-01303	10840.0	대사	1	汚れた石板を探ってみると、	더러운 석판을 더듬어 보니,
6-01304	10840.1	대사	1	祭壇の中に押し込むことが できる、	제단 안으로 밀어 넣을 수 있는
6-01305	10840.2	대사	1	スイッチのような 三つの特別なシンボルが みつかった。	스위치 같은 세 개의 특별한 상징이 나왔다.
6-01306	10840.3	대사	1	そのシンボルは、炎の宝珠、	그 상징은 불꽃의 보주,
6-01307	10840.4	대사	1	ヤギの頭、 そして杖であった。	산양 머리, 그리고 지팡이였다.
6-01308	10850.1	대사	1	祭壇の穴の中に飛び込む	제단 구멍 속으로 뛰어든다
6-01309	10855.0	대사	1	祭壇の表面が大きく開き、	제단 표면이 크게 열리고,
6-01310	10855.1	대사	1	中から暗闇に通じる穴が	안에서 어둠으로 통하는 구멍이
6-01311	10855.2	대사	1	現れた。	나타났다.
6-01312	10860.0	대사	1	祭壇の表面が陥没し始めた！	제단 표면이 꺼지기 시작했다！
6-01313	10865.0	대사	1	穴の中に飛び込んだ！	구멍 속으로 뛰어들었다！
6-01314	10870.0	대사	1	そこはバルコニーに なっており、	그곳은 발코니로 되어 있어서,
6-01315	10870.1	대사	1	吹抜けから下の様子が うかがえた。	뚫린 공간으로 아래의 모습을 엿볼 수 있었다.
6-01316	10870.2	대사	1	下には祭壇が あるようであった。	아래에는 제단이 있는 것 같았다.
6-01317	10890.0	대사	1	階段の下から 不気味な声が響いた	계단 아래에서 섬뜩한 목소리가 울렸다
6-01318	10890.1	대사	1	オオオオオオエエエエエエ オオオオオオ	오오오오오오에에에에에에 오오오오오오
6-01319	10895.0	대사	1	ドアは真っ黒で、 かなり重そうであった。	문은 새까맣고 상당히 무거워 보였다.
6-01320	10895.1	대사	1	その中心にはかんぬきが かかっており、	그 중심에는 빗장이 걸려 있었고,
6-01321	10895.2	대사	1	表面には黒い鉄の スペードの文様がついていた。	표면에는 검은 쇠로 된 스페이드 문양이 붙어 있었다.
6-01322	10900.0	대사	1	尖塔の中の ベッドやテーブル、 椅子などは、	첨탑 안의 침대와 테이블, 의자 등은
6-01323	10900.1	대사	1	長い年月を経ていながら、	오랜 세월이 지났음에도
6-01324	10900.2	대사	1	ほとんど元の状態の ままであった。	거의 원래 상태 그대로였다.
6-01325	10900.3	대사	1	ベッドの上には、 古い毛と腐った肉片が	침대 위에는 낡은 털과 썩은 살점이
6-01326	10900.4	대사	1	残っていた。 それほど遠くない昔に	남아 있었다. 그리 멀지 않은 옛날에
6-01327	10900.5	대사	1	ここで息をひきとったものがいたのだろう。	이곳에서 숨을 거둔 자가 있었을 것이다.
6-01328	10910.0	대사	1	巨大な吹抜けから 上を見上げても、	거대한 뚫린 공간에서 위를 올려다보아도
6-01329	10910.1	대사	1	見えるのは ただ暗闇だけであった。	보이는 것은 그저 어둠뿐이었다.
6-01330	10910.2	대사	1	しかし床の上には、小さな	하지만 바닥 위에는 작은
6-01331	10910.3	대사	1	ネズミのような 生き物の死骸、血の塊、	쥐 같은 생물의 시체, 핏덩이,
6-01332	10910.4	대사	1	ふんなど、上から 落ちてきたものが	똥 등 위에서 떨어진 것들이
6-01333	10920.1	대사	1	吹抜けに飛び込む	뚫린 공간으로 뛰어든다
6-01334	10920.2	대사	1	向こう側に飛び移る	건너편으로 뛰어 건넌다
6-01335	10930.0	대사	1	大きくて黒ずんだ鐘が、	크고 거무스름한 종이
6-01336	10930.1	대사	1	鐘楼の頂上に静かに ぶら下がっていた。	종루 꼭대기에 조용히 매달려 있었다.
6-01337	10930.2	대사	1	その鐘は薄黒いかびに 被われており、	그 종은 거무스름한 곰팡이로 덮여 있고,
6-01338	10930.3	대사	1	ところどころ コウモリのふんが 染みをつくっている。	군데군데 박쥐 똥이 얼룩을 만들고 있다.
6-01339	10930.4	대사	1	そして、 太くて長いロープが 鐘から下の吹抜けに	그리고 굵고 긴 로프가 종에서 아래의 뚫린 공간으로
6-01340	10930.5	대사	1	下がっていた。 このロープを掴んで吹抜けに	드리워져 있었다. 이 로프를 잡고 뚫린 공간으로
6-01341	10930.6	대사	1	飛び込めば鐘が 鳴るのだろう。 吹抜けを飛び越えるには、	뛰어들면 종이 울릴 것이다. 뚫린 공간을 뛰어넘으려면
6-01342	10930.7	대사	1	このロープを使う以外に 道はなさそうだった。	이 로프를 쓰는 것 말고는 방법이 없을 것 같았다.
6-01343	10940.0	대사	1	~{19}！ゴーーン！	~{19}！ 데에엥！
6-01344	10940.1	대사	1	~{19}！ゴーーーン！	~{19}！ 데에에엥！
6-01345	10950.0	대사	1	鐘は鐘楼の住人の目を	종이 종루의 주민을
6-01346	10950.1	대사	1	覚ましてしまったようだ。	깨워 버린 것 같다.
6-01347	10950.2	대사	1	コウモリが襲ってきた！	박쥐가 덮쳐 왔다！
6-01348	10960.1	대사	1	　　　　　鐘楼の　　　　　	　　　　　종루의　　　　　
6-01349	10960.2	대사	1	　　　　　開放　　　　　　	　　　　　개방　　　　　　
6-01350	10960.3	대사	1	　　　　　厳禁　　　　　　	　　　　　엄금
6-01351	10970.0	대사	1	トランクの中には一巻きの	트렁크 안에는 한 타래의
6-01352	10970.1	대사	1	長い鐘用のロープが 入っていた。 かなり丈夫そうで、	긴 종 로프가 들어 있었다. 상당히 튼튼해 보여서,
6-01353	10970.2	대사	1	なにか使い途が ありそうだった。	무언가 쓸모가 있을 것 같았다.
6-01354	11000.0	대사	1	この小さな部屋の壁には、 昔は	이 작은 방의 벽에는 옛날에
6-01355	11000.1	대사	1	武器棚が 備え付けられていた ようである。	무기 선반이 설치되어 있었던 것 같다.
6-01356	11000.2	대사	1	今はそれも崩れ落ち、 床の上で	지금은 그것도 무너져 내려 바닥 위에서
6-01357	11000.3	대사	1	朽ち果てている。 目の前の壁際には、	썩어 가고 있다. 눈앞의 벽가에는
6-01358	11000.4	대사	1	くずが山のように 積み上がっていた。	쓰레기가 산더미처럼 쌓여 있었다.
6-01359	11010.0	대사	1	大きくて重そうな キャンバスの布が、	크고 무거워 보이는 캔버스 천이
6-01360	11010.1	대사	1	巨大な木枠の上に かぶせられている。	거대한 나무틀 위에 덮여 있다.
6-01361	11010.2	대사	1	布も木枠も腐って 崩れかけており、	천도 나무틀도 썩어서 무너져 가고 있었고,
6-01362	11010.3	대사	1	その下にあるなにやら 人型のものの	그 밑에 있는 무언가 사람 모양을 한 것의
6-01363	11010.4	대사	1	外形が浮き出ていた。	윤곽이 드러나 있었다.
6-01364	11020.0	대사	1	ぼろぼろになった 布を丁寧に	너덜너덜해진 천을 조심스럽게
6-01365	11020.1	대사	1	木枠からはがすと、下から	나무틀에서 벗겨 내자, 밑에서
6-01366	11020.2	대사	1	騎士の死骸のようなものが	기사의 시체 같은 것이
6-01367	11020.3	대사	1	出てきた。 しかし、よく見てみると	나왔다. 하지만 잘 보니
6-01368	11020.4	대사	1	それは鎧を 置くための人型で、	그것은 갑옷을 걸어 두는 인형으로,
6-01369	11020.5	대사	1	城が立ち退いたときに	성을 비우고 떠날 때
6-01370	11020.6	대사	1	置き去りにされたものの ようであった。	버려진 것 같았다.
6-01371	11020.7	대사	1	その装備を調べると、	그 장비를 조사해 보니,
6-01372	11020.8	대사	1	まだ使えそうな チェインメイルと、	아직 쓸 만한 체인메일과
6-01373	11020.9	대사	1	紋章入りの盾が みつかった。	문장이 새겨진 방패가 나왔다.
6-01374	11040.0	대사	1	部屋中に人間のからだが 転がっていた。	방 안에 인간의 몸이 나뒹굴고 있었다.
6-01375	11041.0	대사	1	一目見ただけでは、 皆死んでいるようにしか	한눈에 보기에는 모두 죽은 것으로밖에
6-01376	11041.1	대사	1	見えなかった。	보이지 않았다.
6-01377	11041.2	대사	1	大きな物音が聞こえる。	큰 소리가 들린다.
6-01378	11041.3	대사	1	グーーー、グォーーーー	드르렁, 드르러어엉
6-01379	11041.4	대사	1	突然、ドアがピシャリと 閉まった！	갑자기 문이 쾅 하고 닫혔다！
6-01380	11041.5	대사	1	しわがれ声が吠えたてた。	쉰 목소리가 고함을 질렀다.
6-01381	11041.6	대사	1	「おい、オメェ、 おいらの足からどきな！」	「어이, 네놈, 내 발에서 비켜！」
6-01382	11050.0	대사	1	そこはこぎたない小部屋 であった。	그곳은 지저분한 작은 방이었다.
6-01383	11050.1	대사	1	濃い煙りがあたりに充満し、いくつもの	짙은 연기가 주위에 가득 차 있고, 여러
6-01384	11050.2	대사	1	テーブルのまわりには、 エールのビンや	테이블 주위에는 에일 병이나
6-01385	11050.3	대사	1	泡立つビールを持った 無法者が群をなしていた。	거품 이는 맥주를 든 무법자들이 무리를 이루고 있었다.
6-01386	11050.4	대사	1	盗賊、おいはぎ、 山賊、海賊、人殺し、	도적, 노상강도, 산적, 해적, 살인자,
6-01387	11050.5	대사	1	一つ屋根の下に これだけの凶悪な者たちが 集まったことは、	한 지붕 아래 이만큼 흉악한 자들이 모인 일은
6-01388	11050.6	대사	1	いまだかつて なかったであろう。	일찍이 없었을 것이다.
6-01389	11050.7	대사	1	部屋に入って行くと、 すべての動きが止まった。	방에 들어서자, 모든 움직임이 멈췄다.
6-01390	11050.8	대사	1	視線がこちらに集中し、 死のような静寂が	시선이 이쪽으로 집중되고, 죽음 같은 정적이
6-01391	11050.9	대사	1	あたりを包む・・・	주위를 감싼다・・・
6-01392	11050.10	대사	1	それぞれのテーブルを ほんの一瞬ずつ	각 테이블을 아주 잠깐씩
6-01393	11050.11	대사	1	眺めただけではあったが、 金貨の山、	훑어보았을 뿐이었지만, 금화 더미,
6-01394	11050.12	대사	1	トランプのカードの絵、 サイコロのところに	트럼프 카드의 그림, 주사위 위치에
6-01395	11050.13	대사	1	賭けてあるチップなど、 断片的な映像が	걸린 칩 등, 단편적인 영상이
6-01396	11050.14	대사	1	奔流のように目に 流れ込んできた。	급류처럼 눈으로 흘러 들어왔다.
6-01397	11050.15	대사	1	そしてそういったものの 一つ一つ、	그리고 그런 것들 하나하나,
6-01398	11050.16	대사	1	汚らしい顔のすべてが、 こちらをじっと 凝視していた。	더러운 얼굴 전부가 이쪽을 가만히 응시하고 있었다.
6-01399	11050.17	대사	1	絶体絶命と思った まさにその時、	절체절명이라 생각한 바로 그때,
6-01400	11050.18	대사	1	まわりのなにかが窮地から 脱する手がかりに	주위의 무언가가 궁지에서 벗어날 실마리가
6-01401	11050.19	대사	1	なったという経験が ないわけではない。	되었던 경험이 없는 것은 아니다.
6-01402	11050.20	대사	1	今がまさに そんな瞬間である。	지금이 바로 그런 순간이다.
6-01403	11050.21	대사	1	あたりに視線を巡らす。	주위를 둘러본다.
6-01404	11050.22	대사	1	いくつもの顔、 厚い煙の壁・・・	수많은 얼굴, 두꺼운 연기의 벽・・・
6-01405	11050.23	대사	1	と、その遥か彼方、 鉄の柵の向こう側に、	그리고 그 저편, 쇠창살 건너편에
6-01406	11050.24	대사	1	なにやら 奇妙なものがいるのが	무언가 기묘한 것이 있는 것이
6-01407	11050.25	대사	1	目に入った。	눈에 들어왔다.
6-01408	11050.26	대사	1	しかめっ顔に ひねくれた笑みを浮かべ、	찌푸린 얼굴에 비뚤어진 웃음을 띠고,
6-01409	11050.27	대사	1	真っ赤な燕尾服、 真っ白なひだ付のシャツ、	새빨간 연미복, 새하얀 주름 장식 셔츠,
6-01410	11050.28	대사	1	真っ青な半ズボン、 真っ黒な帽子、	새파란 반바지, 새까만 모자,
6-01411	11050.29	대사	1	そして６０センチも ありそうな長い	그리고 ６０센티는 될 듯한 긴
6-01412	11050.30	대사	1	巻き毛の黒髪という いでたちの人影が、	곱슬곱슬한 흑발 차림의 사람 그림자가
6-01413	11050.31	대사	1	その柵の向こう側に 捕らわれていたのである。	그 창살 건너편에 갇혀 있었던 것이다.
6-01414	11082.0	대사	1	男は片目を黒い眼帯で被い、	사내는 한쪽 눈을 검은 안대로 가리고,
6-01415	11082.1	대사	1	肩には緑色のオウムの ぬいぐるみを置き、	어깨에는 초록색 앵무새 인형을 얹고,
6-01416	11082.2	대사	1	顔には奇妙な表情を 浮かべている。	얼굴에는 기묘한 표정을 띠고 있다.
6-01417	11082.3	대사	1	しかし、なによりも一番目を惹いたのは、	하지만 무엇보다도 가장 눈길을 끈 것은
6-01418	11082.4	대사	1	男の右腕であった。	사내의 오른팔이었다.
6-01419	11082.5	대사	1	その、本来なら右手が あるべきところには、	그, 본래라면 오른손이 있어야 할 자리에는
6-01420	11082.6	대사	1	磨き込まれた金属でできた	잘 닦인 금속으로 된
6-01421	11082.7	대사	1	かぎつめが ついていたのである。	갈고리가 달려 있었던 것이다.
6-01422	11082.8	대사	1	突然、目の前に異様な臭いをさせた、	갑자기 눈앞에 이상한 냄새를 풍기는,
6-01423	11082.9	대사	1	見るからに 不潔そうなカエル面の 太った男が	보기에도 불결해 보이는 개구리 얼굴의 뚱뚱한 사내가
6-01424	11082.10	대사	1	立ちはだかり、 妄想の瞬間を 大きなゲップの音で	가로막아 서서, 망상의 순간을 커다란 트림 소리로
6-01425	11082.11	대사	1	さえぎった。	가로막았다.
6-01426	11082.12	대사	1	「おいらぁ マティー船長だぁ！」	「내가 마티 선장이다아！」
6-01427	11100.0	대사	1	柵の中のかぎつめを持った 海賊の死骸は、	창살 안의 갈고리를 단 해적의 시체는
6-01428	11100.1	대사	1	近くから見ると さらに一層気味悪く	가까이서 보니 한층 더 섬뜩하게
6-01429	11100.2	대사	1	感じられた。	느껴졌다.
6-01430	11110.0	대사	1	柵の門に鍵が かけられているのには、	창살 문에 자물쇠가 걸려 있는 데에는
6-01431	11110.1	대사	1	それなりの理由があった。 というのは、	그 나름의 이유가 있었다. 왜냐하면
6-01432	11110.2	대사	1	その死骸に触れたとたん、 燕尾服、帽子、	그 시체에 닿자마자 연미복, 모자,
6-01433	11110.3	대사	1	オウムのぬいぐるみ、眼帯、	앵무새 인형, 안대,
6-01434	11110.4	대사	1	そして光輝くかぎつめを 残して、	그리고 빛나는 갈고리를 남기고,
6-01435	11110.5	대사	1	他の部分は崩れ落ち、	나머지 부분은 무너져 내려
6-01436	11110.6	대사	1	灰と骨の山になって しまったのである。	재와 뼈의 더미가 되어 버렸던 것이다.
6-01437	11120.0	대사	1	そこは兵のための 大部屋のようであった。	그곳은 병사들을 위한 큰 방 같았다.
6-01438	11120.1	대사	1	腐って壊れたカゴが いくつかある他は、	썩어서 부서진 바구니 몇 개 말고는
6-01439	11120.2	대사	1	部屋にはなにも 残っていなかった。	방에는 아무것도 남아 있지 않았다.
6-01440	11130.0	대사	1	この部屋に あるものといえば、	이 방에 있는 것이라고는
6-01441	11130.1	대사	1	部屋中に散らばってる寝台の破片だけであった。	방 안에 흩어진 침대 파편뿐이었다.
6-01442	11130.2	대사	1	ちょっと待った！	잠깐 기다려！
6-01443	11130.3	대사	1	なにか、物音が聞こえる	무언가, 소리가 들린다
6-01444	11140.1	대사	2	　　　　船長のねぐら　　　	　　　　선장의 소굴　　　
6-01445	11140.2	대사	2	　　　　立入禁止　　　　　	　　　　출입 금지　　　　　
6-01446	11150.0	대사	1	ドアに小さなすきまが 開いた。	문에 작은 틈이 열렸다.
6-01447	11150.1	대사	1	そしてその後ろから、 不気味な声が響いた。	그리고 그 뒤에서 섬뜩한 목소리가 울렸다.
6-01448	11150.2	대사	1	「兄弟ぇ、合言葉ぁ を言ってくんなぁ」	「형제여어, 암호를 말해 봐아」
6-01449	11155.1	대사	1	スケルトルクルー	스켈톨크루
6-01450	11155.2	대사	1	スケントンクルー	스켄톤크루
6-01451	11155.3	대사	1	スケルトンクルー	스켈톤크루
6-01452	11160.0	대사	1	「あたりだぁ」	「맞았어어」
6-01453	11160.1	대사	1	「はいりなぁ」	「들어와아」
6-01454	11165.0	대사	1	「そいつはぁちがうぜ！」	「그건 틀렸다고！」
6-01455	11165.1	대사	1	「とっととうせな、 うすのろ野郎！」	「냉큼 꺼져, 얼간이 놈아！」
6-01456	11180.0	대사	1	貯め置かれた いくつもの樽は	쌓아 둔 여러 개의 통은
6-01457	11180.1	대사	1	腐って割れており、 包装されたなにかが	썩어서 갈라져 있었고, 포장된 무언가가
6-01458	11180.2	대사	1	中から床に こぼれ落ちていた。	안에서 바닥으로 쏟아져 나와 있었다.
6-01459	11190.0	대사	1	中身のほとんどは 固くなっていたが、	내용물은 대부분 딱딱해져 있었지만,
6-01460	11190.1	대사	1	部屋の湿気のおかげで、 いくつかはまだ	방의 습기 덕분에 몇 개는 아직
6-01461	11190.2	대사	1	柔らかいままであった。 包みを開けてみると、	부드러운 그대로였다. 꾸러미를 열어 보니,
6-01462	11190.3	대사	1	中はチーズであった。 しかし、かなり古く なっているので、	안에는 치즈가 있었다. 하지만 상당히 오래되어서
6-01463	11190.4	대사	1	とても食べられるような 代物ではなかった。	도저히 먹을 수 있는 물건이 아니었다.
6-01464	11200.0	대사	1	部屋は４つの石のテーブルで仕切られていた。	방은 ４개의 돌 테이블로 나뉘어 있었다.
6-01465	11200.1	대사	1	その置き方の整然さから 考えると、どうもこの部屋は	그 놓인 모양의 반듯함으로 보아, 아무래도 이 방은
6-01466	11200.2	대사	1	会食の間で あったようである。	회식실이었던 것 같다.
6-01467	11210.0	대사	1	腐って床に落ちている古い	썩어서 바닥에 떨어진 낡은
6-01468	11210.1	대사	1	木の棚は、昔は貯蔵品置場	나무 선반은 옛날에 저장품 보관소
6-01469	11210.2	대사	1	だったのであろう。	였을 것이다.
6-01470	11215.0	대사	1	壊れかけた古い鎧かけは、	부서져 가는 낡은 갑옷걸이는
6-01471	11215.1	대사	1	部屋の角でゆっくりと 粉々になっていった。	방 구석에서 천천히 가루가 되어 가고 있었다.
6-01472	11220.0	대사	1	ウワァ！	우와아！
6-01473	11220.1	대사	1	鎧かけの人型は 塵になってしまった！	갑옷걸이 인형이 먼지가 되어 버렸다！
6-01474	11230.0	대사	1	部屋の壁は色あせた落書や、	방의 벽은 빛바랜 낙서와
6-01475	11230.1	대사	1	汚いはしりがきで 埋められていた。	지저분한 휘갈겨 쓴 글씨로 메워져 있었다.
6-01476	11230.2	대사	1	床には壊れたテーブルが	바닥에는 부서진 테이블이
6-01477	11230.3	대사	1	いくつか散らばっていた。	몇 개 흩어져 있었다.
6-01478	11240.0	대사	1	オークのばか騒ぎ	오크의 광란 파티
6-01479	11240.1	대사	1	金曜夜８時	금요일 밤 ８시
6-01480	11245.0	대사	1	一人で寂しい	혼자서 외로운
6-01481	11245.1	대사	1	夜は・・・	밤은・・・
6-01482	11250.1	대사	1	壁の床のあたりに 小さな穴が開いている。	벽 아래쪽 바닥 근처에 작은 구멍이 나 있다.
6-01483	11250.2	대사	1	たぶん小ネズミの 仕業だろう・・・	아마 생쥐의 소행이겠지・・・
6-01484	11260.0	대사	1	＄＄探索中＄＄	＄＄찾습니다＄＄
6-01485	11260.2	대사	1	みつけた方には謝礼	찾아 주신 분께 사례
6-01486	11260.3	대사	1	ル・モンテスまで連絡を	르 몽테스에게 연락을
6-01487	11270.0	대사	1	穴の前で古くなったチーズを	구멍 앞에서 오래된 치즈를
6-01488	11270.1	대사	1	振り回してみると、	흔들어 보니,
6-01489	11270.2	대사	1	向こう側でなにやら	건너편에서 무언가
6-01490	11270.3	대사	1	物音がした。	소리가 났다.
6-01491	11270.4	대사	1	チリチリいう音は 次第に大きくなり、	찍찍거리는 소리는 점점 커져서,
6-01492	11270.5	대사	1	壁の向こう側が 揺れているのが	벽 건너편이 흔들리는 것이
6-01493	11270.6	대사	1	感じられるほどになった。	느껴질 정도가 되었다.
6-01494	11270.7	대사	1	突然、凶暴に荒れ狂った 巨大なネズミによって、	갑자기, 사납게 날뛰는 거대한 쥐에 의해
6-01495	11270.8	대사	1	壁は勢いよく 吹き飛ばされた！！	벽은 기세 좋게 날아가 버렸다！！
6-01496	11290.0	대사	1	部屋には大切そうなものは 一切なく、	방에는 소중해 보이는 것은 하나도 없고,
6-01497	11290.1	대사	1	おそらく物置として 使われていた	아마 창고로 쓰였던
6-01498	11290.2	대사	1	ようである。	것 같다.
6-01499	11300.0	대사	1	古いワイン棚が 床に崩れ落ちていた。	낡은 와인 선반이 바닥에 무너져 있었다.
6-01500	11300.1	대사	1	しかし、その中身は ずっと昔に	하지만 그 내용물은 아주 옛날에
6-01501	11300.2	대사	1	空になっていたよう であった。	비어 버린 것 같았다.
6-01502	11310.0	대사	1	しばらく部屋を探った結果、みつかったのは	한동안 방을 뒤진 결과, 나온 것은
6-01503	11310.1	대사	1	中身の入っていない 古いワインビン	내용물이 들어 있지 않은 낡은 와인 병
6-01504	11312.0	대사	1	だけであった。 しかし、奇妙なことに、	뿐이었다. 하지만 기묘하게도,
6-01505	11312.1	대사	1	腐った棚の下の あたりの床から、	썩은 선반 밑 근처의 바닥에서
6-01506	11312.2	대사	1	なにか出っぱりの ようなものが	무언가 돌출부 같은 것이
6-01507	11312.3	대사	1	突き出しているのが みつかった。	튀어나와 있는 것이 발견되었다.
6-01508	11312.4	대사	1	部屋の天井を調べてみると、やはり同じような	방의 천장을 조사해 보니, 역시 비슷한
6-01509	11312.5	대사	1	割れ目ができている。 しかし、あたりにはその	균열이 나 있다. 하지만 주위에는 그
6-01510	11312.6	대사	1	原因となるようなものは なにもないようであった。	원인이 될 만한 것은 아무것도 없는 것 같았다.
6-01511	11330.0	대사	1	人間の骨の残骸らしきものが	인간의 뼈 잔해로 보이는 것이
6-01512	11330.1	대사	1	地下牢の壁に もたれかかっていた。	지하 감옥 벽에 기대어 있었다.
6-01513	11330.2	대사	1	最期の時以来、 それに触れたものは	최후의 때 이래로, 그것에 손댄 자는
6-01514	11330.3	대사	1	いないようであった。	없는 것 같았다.
6-01515	11340.0	대사	1	骨の間を探っていると、 石がゆるんで	뼈 사이를 뒤지고 있자니, 돌이 헐거워져
6-01516	11340.1	대사	1	床から突き出しているところがみつかった。	바닥에서 튀어나와 있는 곳이 발견되었다.
6-01517	11340.2	대사	1	その石を外して下を のぞき込むと、	그 돌을 빼고 밑을 들여다보니,
6-01518	11340.3	대사	1	そこには奇妙な文字で 書き記された、	그곳에는 기묘한 문자로 적힌
6-01519	11340.4	대사	1	小さな航海日誌のようなものが入っていた。	작은 항해일지 같은 것이 들어 있었다.
6-01520	11340.5	대사	1	ほとんどのページは よごれすぎていて	대부분의 페이지는 너무 더러워서
6-01521	11340.6	대사	1	読むことはできなかったが、最後の方の一部は、	읽을 수 없었지만, 마지막 부분의 일부는
6-01522	11340.7	대사	1	もしその文字を解読することができるなら、	만약 그 문자를 해독할 수 있다면,
6-01523	11340.8	대사	1	なんとか読むことは できそうだった。	어떻게든 읽을 수 있을 것 같았다.
6-01524	11350.0	대사	1	海賊の解読指輪を 航海日誌の文字の上に	해적의 해독 반지를 항해일지 문자 위에
6-01525	11350.1	대사	1	かざしてみると、 以下の文章を	대어 보니, 다음 문장을
6-01526	11350.2	대사	1	読むことが できるようになった。	읽을 수 있게 되었다.
6-01527	11350.3	대사	1	・・・相変わらず 偵察隊からの連絡はない。	・・・여전히 정찰대로부터 연락이 없다.
6-01528	11350.4	대사	1	もう、残骸となった船は 捨てるしかないようだ。	이제 잔해가 된 배는 버릴 수밖에 없을 것 같다.
6-01529	11350.5	대사	1	畜生！ この霧さえ 晴れれば・・・	제기랄！ 이 안개만 걷히면・・・
6-01530	11350.7	대사	1	救命ボートで上流へ向かう。	구명보트로 상류로 향한다.
6-01531	11350.8	대사	1	現在、生存者は９名。	현재 생존자는 ９명.
6-01532	11350.9	대사	1	モーガンの顔色が悪い。	모건의 안색이 나쁘다.
6-01533	11350.10	대사	1	症状は他の者と同様。	증상은 다른 자들과 같다.
6-01534	11350.11	대사	1	彼も病気になったようだ。	그도 병에 걸린 모양이다.
6-01535	11350.13	대사	1	朝、モーガンの容態が悪化。	아침, 모건의 상태가 악화.
6-01536	11350.14	대사	1	夕方、死亡。	저녁, 사망.
6-01537	11350.15	대사	1	原因不明の病気に、	원인 불명의 병에
6-01538	11350.16	대사	1	皆恐れをなしている。	모두 겁을 먹고 있다.
6-01539	11350.17	대사	1	もしかすると、 我々が毎日食べている	어쩌면 우리가 매일 먹고 있는
6-01540	11350.18	대사	1	このネズミの肉が 原因かもしれない。	이 쥐고기가 원인일지도 모른다.
6-01541	11350.19	대사	1	次の数ページは汚れがひどく	다음 몇 페이지는 얼룩이 심해서
6-01542	11350.20	대사	1	判読できなかったが、 そのさらに先は	판독할 수 없었지만, 그보다 더 뒤는
6-01543	11350.21	대사	1	また読めるようになった。	다시 읽을 수 있게 되었다.
6-01544	11350.23	대사	1	船長は、船に戻るのは	선장은, 배로 돌아가는 것은
6-01545	11374.0	대사	1	自殺するのも同然だと 言っている。	자살하는 거나 마찬가지라고 말한다.
6-01546	11374.1	대사	1	しかし、このままではいずれ皆幽霊に	하지만 이대로라면 언젠가 모두 유령이
6-01547	11374.2	대사	1	なってしまうだろう。 なぜ体が消滅しつづけるのか、	되어 버릴 것이다. 왜 몸이 계속 사라지는지,
6-01548	11374.3	대사	1	その原因が わからない限り・・・	그 원인을 모르는 한・・・
6-01549	11374.5	대사	1	今朝、ゴルモン死亡。	오늘 아침, 골몬 사망.
6-01550	11374.6	대사	1	症状は他の者と同様。 ついに生存者は６名。	증상은 다른 자들과 같다. 마침내 생존자는 ６명.
6-01551	11374.7	대사	1	船長は宝箱を 埋めなければならない	선장은 보물상자를 묻어야만 한다
6-01552	11374.8	대사	1	と言っている。 運ぶには重すぎる。	고 한다. 운반하기에는 너무 무겁다.
6-01553	11374.9	대사	1	このくそったれ山から 降りられるなら、	이 빌어먹을 산에서 내려갈 수 있다면,
6-01554	11374.10	대사	1	なんだって歓迎だ・・・	뭐든 환영이다・・・
6-01555	11374.12	대사	1	ロスコウが岩棚のところで	로스코가 바위 턱에서
6-01556	11374.13	대사	1	モーガンを見たと言っているもちろん、	모건을 봤다고 한다. 물론,
6-01557	11374.14	대사	1	皆モーガンが 死んだのは知っている。	모두 모건이 죽은 건 알고 있다.
6-01558	11374.15	대사	1	どうも、皆少しいかれてきたのかもしれない。	아무래도 모두 조금씩 미쳐 가는 건지도 모른다.
6-01559	11374.16	대사	1	少なくとも ロスコウはおかしい・・・	적어도 로스코는 이상하다・・・
6-01560	11374.18	대사	1	今日、モーガンを見た。	오늘, 모건을 봤다.
6-01561	11374.19	대사	1	死んだはずのモーガンを 見るなんて、	죽었을 모건을 보다니,
6-01562	11374.20	대사	1	俺も病気にやられた みたいだ。	나도 병에 당한 것 같다.
6-01563	11374.21	대사	1	奴の顔は血だらけで、 なにも言わず、	녀석의 얼굴은 피투성이고, 아무 말도 없이
6-01564	11374.22	대사	1	じっと俺の顔を 見て笑ってやがる。	가만히 내 얼굴을 보며 웃고 있다.
6-01565	11374.23	대사	1	俺もいかれちまったらしい	나도 미쳐 버린 모양이다
6-01566	11374.25	대사	1	神よ護りたまえ！	신이여 지켜 주소서！
6-01567	11374.26	대사	1	今日、宝箱を埋めて	오늘, 보물상자를 묻고
6-01568	11374.27	대사	1	山を降りる途中、	산을 내려가던 도중,
6-01569	11374.28	대사	1	巨大な怪物にでくわした。	거대한 괴물과 마주쳤다.
6-01570	11374.29	대사	1	あれは人間だったかも しれないが、	그건 인간이었을지도 모르지만,
6-01571	11374.30	대사	1	とにかく身の丈が ３メートル以上もある。	아무튼 키가 ３미터 이상이나 된다.
6-01572	11374.31	대사	1	ロスコウを捕まえ、 頭を噛み切り、	로스코를 붙잡아 머리를 물어뜯고,
6-01573	11374.32	대사	1	笑いながら吐き捨てた。	웃으며 뱉어 버렸다.
6-01574	11374.33	대사	1	がむしゃらに逃げ走り、 とにかくここへきた。	정신없이 도망쳐서 어쨌든 여기로 왔다.
6-01575	11374.34	대사	1	ここがどこだかはわからない	여기가 어딘지는 모르겠다
6-01576	11374.35	대사	1	我々は完全に道に迷った。 船長は、	우리는 완전히 길을 잃었다. 선장은
6-01577	11374.36	대사	1	とにかく 動き続けるしかないと 言っている・・・・	어쨌든 계속 움직일 수밖에 없다고 말한다・・・・
6-01578	11374.38	대사	1	ついに “ジャイアント マウンテン”から下山した。	마침내 “자이언트 마운틴”에서 하산했다.
6-01579	11374.39	대사	1	もっとも、 これは勝手につけた名前だが	물론 이건 멋대로 붙인 이름이지만
6-01580	11374.40	대사	1	かなり大きな渓谷が続き、 そこかしこに	상당히 큰 계곡이 이어지고, 여기저기에
6-01581	11374.41	대사	1	橋や渡り綱が 張り巡らされている。	다리와 건너는 밧줄이 둘러쳐져 있다.
6-01582	11374.42	대사	1	向こうの方には 一団の人影が見える。	저편에 한 무리의 사람 그림자가 보인다.
6-01583	11374.43	대사	1	なにかを掘っている	무언가를 파고 있는
6-01584	11374.44	대사	1	らしい・・・	모양이다・・・
6-01585	11374.46	대사	1	ドワーフたちに 声をかけてみることにする。	드워프들에게 말을 걸어 보기로 한다.
6-01586	11421.0	대사	1	もしかすると、 助けてくれるかも	어쩌면 도와줄지도
6-01587	11421.1	대사	1	しれない・・・	모른다・・・
6-01588	11421.2	대사	1	最後の数文字は、 インクがかすれて	마지막 몇 글자는 잉크가 희미해져
6-01589	11421.3	대사	1	かろうじて読める程度で、 その後は	간신히 읽을 수 있을 정도였고, 그 뒤에는
6-01590	11421.4	대사	1	なにも記されていなかった。	아무것도 적혀 있지 않았다.
6-01591	11421.5	대사	1	この航海日誌を みつけたところの	이 항해일지를 발견한 곳의
6-01592	11421.6	대사	1	骨のことを思い出してみるにドワーフはたいして	뼈를 떠올려 보면 드워프는 별로
6-01593	11421.7	대사	1	助けにならなかった ようである。	도움이 되지 않았던 것 같다.
6-01594	11440.0	대사	1	山のように 積み重なっているのは、	산더미처럼 쌓여 있는 것은
6-01595	11440.1	대사	1	忘れ去られた 囚人の骨であった。それも、	잊힌 죄수의 뼈였다. 그것도
6-01596	11440.2	대사	1	鎖に繋がれたまま 死んだらしい・・・	사슬에 묶인 채 죽은 모양이다・・・
6-01597	11450.0	대사	1	骨の間を探ってみると、	뼈 사이를 뒤져 보니,
6-01598	11450.1	대사	1	指の骨のところに 変わった指輪が	손가락뼈에 특이한 반지가
6-01599	11450.2	대사	1	あるのがみつかった。 調べてみると、	있는 것이 발견되었다. 조사해 보니,
6-01600	11450.3	대사	1	周囲に文字が 彫り込まれていた。	둘레에 글자가 새겨져 있었다.
6-01601	11450.6	대사	1	あ　＊　Ｘ　＊　Ｓ	암　＊　Ｘ　＊　Ｓ
6-01602	11450.7	대사	1	ん　＊　＊　＊　わ	호　＊　＊　＊　지
6-01603	11450.8	대사	1	ごう・かいどくゆび	・해・독・반
6-01604	11470.0	대사	1	部屋の向こう側に、 朽ちた机が	방 건너편에 썩은 책상이
6-01605	11470.1	대사	1	崩れ落ちている。 明かに真中あたりが	무너져 있다. 분명히 한가운데쯤이
6-01606	11470.2	대사	1	叩き割られていて、 その周りには	부서져 있고, 그 주위에는
6-01607	11470.3	대사	1	かなりぼろぼろになった 書類が散乱している。	상당히 너덜너덜해진 서류가 흩어져 있다.
6-01608	11470.4	대사	1	どうもそれはなにか法律に	아무래도 그것은 무언가 법률에
6-01609	11470.5	대사	1	関係する文書のようで、	관계된 문서인 듯,
6-01610	11470.6	대사	1	犯罪の告発と刑の執行命令が	범죄 고발과 형 집행 명령이
6-01611	11470.7	대사	1	書き記されていた。	적혀 있었다.
6-01612	11480.0	대사	1	机の下の小仕切りの中に	책상 아래 작은 칸막이 안에
6-01613	11480.1	대사	1	鍵が一つ隠れていた。	열쇠가 하나 숨겨져 있었다.
6-01614	11490.0	대사	1	壁のくぼみには古い骨や ぼろ切れの山が	벽의 움푹한 곳에는 낡은 뼈와 넝마 더미가
6-01615	11490.1	대사	1	詰まっていた。 そして、長いこと 忘れ去られていた	가득 차 있었다. 그리고 오랫동안 잊혀 있던
6-01616	11490.2	대사	1	さまよえる魂も・・・	떠도는 영혼도・・・
6-01617	11500.0	대사	1	骨がカタカタと 音をたて始めた！	뼈가 달그락달그락 소리를 내기 시작했다！
6-01618	11500.1	대사	1	不気味で残忍そうな人影が あらわれ、	섬뜩하고 잔인해 보이는 사람 그림자가 나타나,
6-01619	11500.2	대사	1	きしむような声でうなった。	삐걱거리는 듯한 목소리로 으르렁거렸다.
6-01620	11500.3	대사	1	「まァた、つかめェたぜ！」	「또오, 잡았다아！」
6-01621	11500.4	대사	1	「ハァ、ハァ、ハァー」	「하아, 하아, 하아ー」
6-01622	11510.1	대사	1	　　　　＊危険地帯＊　　　	　　　　＊위험지대＊　　　
6-01623	11510.2	대사	1	　　　　　開門厳禁　　　　	　　　　　개문 엄금　　　　
6-01624	11510.3	대사	1	　　　　　常時厳守　　　　	　　　　　상시 엄수　　　　
6-01625	11520.0	대사	1	壁際に沿って、	벽가를 따라
6-01626	11520.1	대사	1	床から奇妙なでっぱりが	바닥에서 기묘한 돌출부가
6-01627	11520.2	대사	1	突き出している。	튀어나와 있다.
6-01628	11520.3	대사	1	壁の向こうからは、	벽 저편에서
6-01629	11520.4	대사	1	かすかな振動が 伝わってくる。	희미한 진동이 전해져 온다.
6-01630	11520.5	대사	1	なにかが動いている音が 聞こえる・・・	무언가 움직이는 소리가 들린다・・・
6-01631	11520.6	대사	1	突然、壁からなにかが 飛び出してきた！	갑자기 벽에서 무언가가 튀어나왔다！
6-01632	11540.0	대사	1	洞窟の入口から落ちた石が トンネルをくぐる	동굴 입구에서 떨어진 돌이 터널을 빠져나가는
6-01633	11540.1	대사	1	通路を塞いでいる。 その岩はびっしりと	통로를 막고 있다. 그 바위는 빽빽하게
6-01634	11540.2	대사	1	積み重なっており、 とても手で	쌓여 있어서, 도저히 손으로
6-01635	11540.3	대사	1	どけることは できそうになかった。	치울 수 있을 것 같지 않았다.
6-01636	11560.0	대사	1	壁を調べてみると、 最近そこを掘り返し、	벽을 조사해 보니, 최근 그곳을 파헤치고
6-01637	11560.1	대사	1	さらにその後を石で 埋めた形跡が	다시 그 뒤를 돌로 메운 흔적이
6-01638	11560.2	대사	1	みつかった。まるで誰かが	발견되었다. 마치 누군가가
6-01639	11560.3	대사	1	通路を掘り、その後を塞いで	통로를 파고, 그 뒤를 막고
6-01640	11560.4	대사	1	いったかのようであった。	간 것 같았다.
6-01641	11580.0	대사	1	散らばった骨々は、	흩어진 뼈들은
6-01642	11580.1	대사	1	少し冒険が 過ぎた哀れな人々の	조금 지나친 모험을 한 불쌍한 사람들의
6-01643	11580.2	대사	1	末路を語っているかの ようであった・・・	최후를 이야기하는 것 같았다・・・
6-01644	11590.0	대사	1	骨の間を探っていると、	뼈 사이를 뒤지고 있자니,
6-01645	11590.1	대사	1	気になる鍵が一つみつかった	신경 쓰이는 열쇠가 하나 발견되었다
6-01646	11600.0	대사	1	たくさんの骨が、 この怪物のすみかに	수많은 뼈가 이 괴물의 소굴에
6-01647	11600.1	대사	1	転がっていた。 ここの怪物がかなり	나뒹굴고 있었다. 이곳의 괴물이 상당한
6-01648	11600.2	대사	1	大食らいだったのは 間違いないだろう。	대식가였던 것은 틀림없을 것이다.
6-01649	11600.3	대사	1	無理矢理ここに 引きずり込まれた	억지로 이곳에 끌려 들어온
6-01650	11600.4	대사	1	犠牲者の、 遺物のかけらもいくつか	희생자의 유품 조각도 몇 개
6-01651	11610.0	대사	1	破片のほとんどは ただのゴミに	파편 대부분은 그냥 쓰레기가
6-01652	11610.1	대사	1	なってしまっていたが、 一つまだ	되어 버렸지만, 하나 아직
6-01653	11610.2	대사	1	使いものになりそうなものがみつかった。	쓸 만한 것이 발견되었다.
6-01654	11620.0	대사	1	トンネルの様子を うかがっていると、	터널의 상황을 살피고 있자니,
6-01655	11620.1	대사	1	奇妙な格好をした 黒い肌の女性たちが 目に入った。	기묘한 차림을 한 검은 피부의 여자들이 눈에 들어왔다.
6-01656	11620.2	대사	1	顔には白い文様を描き込み、	얼굴에는 흰 문양을 그려 넣고,
6-01657	11620.3	대사	1	長い槍と盾を持っている。	긴 창과 방패를 들고 있다.
6-01658	11620.4	대사	1	と、そのうちの一人が、突然	그런데 그중 한 명이 갑자기
6-01659	11620.5	대사	1	こちらを指さした。 そして次の瞬間には、	이쪽을 가리켰다. 그리고 다음 순간,
6-01660	11620.6	대사	1	彼女たちは左の通路に 消え去ってしまった。	그녀들은 왼쪽 통로로 사라져 버렸다.
6-01661	11630.0	대사	1	目の前には、まるで底なしの	눈앞에는 마치 바닥이 없는
6-01662	11630.1	대사	1	落し穴のような巨大な渓谷が	함정 같은 거대한 계곡이
6-01663	11630.2	대사	1	口を開いている。	입을 벌리고 있다.
6-01664	11640.0	대사	1	その谷の向こう側では、	그 골짜기 건너편에서는
6-01665	11640.1	대사	1	奇妙な格好の 黒い肌の女性たちが、	기묘한 차림의 검은 피부의 여자들이
6-01666	11640.2	대사	1	つる草でできたロープを 引っ張りながら、	덩굴풀로 된 로프를 끌어당기며
6-01667	11640.3	대사	1	先を争って崖淵から 立ち去ろうとしていた。	앞다투어 벼랑 끝에서 떠나려 하고 있었다.
6-01668	11650.0	대사	1	渓谷は限りなく深く、 ロープを下ろしても	계곡은 한없이 깊어, 로프를 내려도
6-01669	11650.1	대사	1	底にはつかなかった。そして、	바닥에 닿지 않았다. 그리고
6-01670	11650.2	대사	1	なにかひっかかるものでも 付けない限り、	무언가 걸리는 것이라도 달지 않는 한,
6-01671	11650.3	대사	1	向こう側に投げても谷に 落ちるばかりであった。	건너편으로 던져도 골짜기로 떨어질 뿐이었다.
6-01672	11660.0	대사	1	かぎ爪をつけたロープを	갈고리를 단 로프를
6-01673	11660.1	대사	1	渓谷の向こう側に投げると、	계곡 건너편으로 던지자,
6-01674	11662.0	대사	1	うまいこと先が 大きな岩にひっかかった。	운 좋게 끝이 큰 바위에 걸렸다.
6-01675	11662.1	대사	1	そのロープに命を托して、	그 로프에 목숨을 맡기고,
6-01676	11662.2	대사	1	渓谷の向こう側に渡った・・	계곡 건너편으로 건너갔다・・
6-01677	11670.0	대사	1	頭上には、上の方に 向かっている洞窟が	머리 위로는 위쪽을 향하는 동굴이
6-01678	11670.1	대사	1	暗闇へと続いている。 足元には小さな動物の	어둠으로 이어져 있다. 발밑에는 작은 동물의
6-01679	11670.2	대사	1	骨が散乱している。 この洞窟に住んでいる	뼈가 흩어져 있다. 이 동굴에 사는
6-01680	11670.3	대사	1	羽のある生き物の 骨らしい・・・	날개 달린 생물의 뼈인 것 같다・・・
6-01681	11680.0	대사	1	なにか変わったものは ないかと	무언가 특이한 것은 없을까 하고
6-01682	11680.1	대사	1	骨のかけらの間を 探っていると、キラキラ光る	뼛조각 사이를 뒤지고 있자니, 반짝반짝 빛나는
6-01683	11680.2	대사	1	金属やガラスの破片が みつかった。	금속과 유리 파편이 나왔다.
6-01684	11680.3	대사	1	光りものが気を 惹いたのだろう。	빛나는 것에 마음이 끌렸던 것이겠지.
6-01685	11680.4	대사	1	これで足元に鍵が 転がっていたことにも	이것으로 발밑에 열쇠가 나뒹굴고 있던 것도
6-01686	11680.5	대사	1	納得がいく・・・	납득이 간다・・・
6-01687	11690.0	대사	1	どこか、それほど 遠くないあたりから、	어딘가, 그리 멀지 않은 곳에서
6-01688	11690.1	대사	1	なにやら吸い込むような物音が聞こえてくる。	무언가 빨아들이는 듯한 소리가 들려온다.
6-01689	11690.2	대사	1	くちゃくちゃと なにか食べているような音だ	쩝쩝 무언가를 먹는 듯한 소리다
6-01690	11700.0	대사	1	前の方に不気味な物が 横たわっている・・・	앞쪽에 섬뜩한 것이 가로놓여 있다・・・
6-01691	11700.1	대사	1	それはただ そこにいるだけのようだ。	그것은 그저 거기 있을 뿐인 것 같다.
6-01692	11700.2	대사	1	どうもさっきの吸い込む音は、	아무래도 아까의 빨아들이는 소리는
6-01693	11700.3	대사	1	こいつがたてていたらしい	이 녀석이 내고 있었던 모양이다
6-01694	11700.4	대사	1	その不思議な物に 気をつけて近付いてみると、	그 신기한 것에 조심스럽게 다가가 보니,
6-01695	11700.5	대사	1	根元のところに 太い管のようなものが ついているのが	밑동에 굵은 관 같은 것이 달려 있는 것이
6-01696	11700.6	대사	1	見えた。どうも植物らしい。	보였다. 아무래도 식물인 것 같다.
6-01697	11700.7	대사	1	おっと！	이런！
6-01698	11700.8	대사	1	腹が減ってるらしい！	배가 고픈 모양이다！
6-01699	11720.1	대사	1	　　　Ｅ－Ｚ昇降機　　　　	　　　Ｅ－Ｚ 승강기　　　　
6-01700	11720.2	대사	1	　　　　　下り　　　　　　	　　　　　하행　　　　　　
6-01701	11800.0	대사	2	ちっと待ったぁ、 うすのろぉ！	잠깐 기다려라아, 얼간이이！
6-01702	11800.1	대사	1	新入りはぁ	신입은
6-01703	11800.2	대사	1	勝負に勝たねぇ限りぃ	승부에서 이기지 않는 한
6-01704	11800.3	대사	1	仲間に入れねぇんだぁ！	동료로 못 들어온다아！
6-01705	11810.0	대사	1	勝負の方法はぁ二つだぁ。	승부 방법은 두 가지다아.
6-01706	11810.1	대사	1	おなじみの戦闘かぁ、	늘 하던 전투냐아,
6-01707	11810.2	대사	1	もうちっと文化的なやつ、	아니면 좀 더 문화적인 거,
6-01708	11810.3	대사	1	そうよ、飲み比べ！	그래, 술 대결！
6-01709	11820.0	대사	1	{02}戦闘/{03}飲み比べ/	{02}전투/{03}술 대결/
6-01710	11820.2	대사	1	戦闘するのかぁ、 それとも飲み比べかぁ？	전투를 할 거냐아, 아니면 술 대결이냐아？
6-01711	11830.0	대사	1	じゃいっちょやるかぁ！	그럼 한판 붙어 볼까아！
6-01712	11830.1	대사	1	たたんじめぇな！	해치워 버려！
6-01713	11840.0	대사	1	おう、おいらの好きなぁ 勝負でぇ！	오, 내가 좋아하는 승부로군！
6-01714	11840.1	대사	1	ハーハーハー！	하하하！
6-01715	11840.2	대사	1	いっちょ飲むかぁ！	한잔 마셔 볼까아！
6-01716	11850.0	대사	7	{04}いいえ/{05}はい/	{04}아니오/{05}예/
6-01717	11850.2	대사	1	一杯５０ＧＰだぁ。 買うかぁ？	한 잔에 ５０ＧＰ다아. 살 거냐아？
6-01718	11860.0	대사	1	ジョッキ上げー！	잔 들어어！
6-01719	11870.0	대사	1	始めぇ！	시자악！
6-01720	11870.1	대사	1	ハーハーハー！！	하하하！！
6-01721	11870.2	대사	3	ゴク！	꿀꺽！
6-01722	11880.0	대사	1	フーッ、たまんねぇ！	후우, 죽여주는군！
6-01723	11882.0	대사	1	おめぇちっと 青くなってねぇか、兄弟ぇ？	너 좀 얼굴이 파래지지 않았냐, 형제여？
6-01724	11884.0	대사	1	ぜんぜん飲んだ気が しねぇやぁ！	전혀 마신 것 같지가 않다아！
6-01725	11890.0	대사	1	ウイーッ、 ちっときいてきたぁぁ！	으윽, 좀 취기가 오르는구먼！
6-01726	11895.0	대사	1	船長は酔いつぶれた！	선장은 곯아떨어졌다！
6-01727	11895.1	대사	1	勝負に勝った！	승부에 이겼다！
6-01728	11900.0	대사	1	君は気絶して床に ぶっ倒れた！	그대는 기절해서 바닥에 쓰러졌다！
6-01729	11905.0	대사	1	船長の部下が君達を 外へ放り出した！	선장의 부하가 그대들을 밖으로 내던졌다！
6-01730	11910.0	대사	1	やったじゃねえか、 こんちきしょう！	해냈잖아, 이 망할 놈아！
6-01731	11920.0	대사	1	部屋の奥の角の 小汚いベッドで、 マティー船長が	방 안쪽 구석의 지저분한 침대에서 마티 선장이
6-01732	11920.1	대사	1	この上なく幸せそうな いびきをかきながら	더없이 행복해 보이는 코를 골며
6-01733	11920.2	대사	1	ひっくり返っている。	뻗어 있다.
6-01734	11930.0	대사	1	酔いつぶれた船長は ベッドの上で大の字になり、	곯아떨어진 선장은 침대 위에 큰 대자로 누워
6-01735	11930.1	대사	1	カエルのようないびきを かいている。	개구리 같은 코를 골고 있다.
6-01736	11940.0	대사	1	船長が飛び上がるように 起きた！	선장이 벌떡 일어났다！
6-01737	11940.1	대사	1	グォーーッツ！ アーーァア あふ フーッツ！	크어어억！ 아아아아 아후 후우우！
6-01738	11940.2	대사	1	な・なんだぁ？！	뭐・뭐야아？！
6-01739	11940.3	대사	1	俺の部屋ぁ 滅茶苦茶にしたのはぁ 誰だぁ？	내 방을 엉망진창으로 만든 건 누구냐아？
6-01740	11940.5	대사	1	やっちまえ	해치워라
6-01741	12000.0	대사	1	背が高く、細身だが がっしりした体格の男が	키가 크고, 호리호리하지만 다부진 체격의 사내가
6-01742	12000.1	대사	1	近付いてきてこう言った。	다가와서 이렇게 말했다.
6-01743	12000.2	대사	1	「わしはル・モンテスじゃ！」	「나는 르 몽테스라네！」
6-01744	12010.0	대사	10	{02}いいえ/{03}はい/	{02}아니오/{03}예/
6-01745	12010.2	대사	1	スヌープチェリを みつけてくれたのかね？	스눕체리를 찾아 주었나？
6-01746	12020.0	대사	1	あぁ、どれほど長いこと 捜し続けていることか！	아아, 얼마나 오랫동안 찾아 헤맸는지！
6-01747	12025.0	대사	1	もし彼女を捜し出してくれたなら、わしが船長を自由に	만약 그녀를 찾아 준다면, 내가 선장을 풀어
6-01748	12025.1	대사	1	してやろう。ただし、 スヌープチェリが先じゃ！	주지. 단, 스눕체리가 먼저라네！
6-01749	12030.0	대사	1	「スヌープチェリ！！」	「스눕체리！！」
6-01750	12030.1	대사	1	「ついに我が手に 戻ったのぅ！」	「마침내 내 품으로 돌아왔구나！」
6-01751	12030.2	대사	1	この鍵を船長の柵のところに持って行きたまえ。	이 열쇠를 선장의 창살로 가져가게나.
6-01752	12030.3	대사	1	彼を自由の身にすることが できるじゃろう。	그를 풀어 줄 수 있을 걸세.
6-01753	12050.0	대사	1	ボオンジュール	보옹주르
6-01754	12055.0	대사	1	アディユー	아디외
6-01755	12060.0	대사	1	{01}{01}せんちょう/すぬーぷちぇり/	{01}{01}선장/스눕체리/
6-01756	12100.0	대사	1	物静かで、神秘的な 暗い感じの男が	조용하고 신비로운, 어두운 느낌의 사내가
6-01757	12100.1	대사	1	影の中から現れた。	그림자 속에서 나타났다.
6-01758	12100.2	대사	1	「掘り出し物に 興味はないか？」	「좋은 물건에 관심 없나？」
6-01759	12110.0	대사	1	どうして欲しい？	어떻게 해 주길 바라나？
6-01760	12115.0	대사	1	またな・・・	또 보세・・・
6-01761	12120.0	대사	1	{03}{03}ふらんす/せんちょう/たから/	{03}{03}프랑스/선장/보물/
6-01762	12130.0	대사	1	{03}じゃいあんと まうんてん/{03}じゃいあんとまうんてん/	{03}자이언트 마운틴/{03}자이언트마운틴/
6-01763	12130.1	대사	1	宝がなければ 合言葉もなしだ！	보물이 없으면 암호도 없다！
6-01764	12132.0	대사	1	船長は宝箱を どこに埋めた？	선장은 보물상자를 어디에 묻었지？
6-01765	12140.0	대사	1	ジャイアントマウンテン！	자이언트 마운틴！
6-01766	12140.1	대사	1	なんてこった！	이럴 수가！
6-01767	12140.2	대사	1	なんで気づかなかったんだ！	왜 눈치채지 못했던 거지！
6-01768	12140.3	대사	1	おお、そうだ・・・	오오, 그렇지・・・
6-01769	12140.4	대사	1	合言葉は 「スケルトンクルー」だ。	암호는 「스켈톤크루」다.
6-01770	12150.0	대사	1	ところで、 神秘の油はいらないか？	그런데, 신비의 기름은 필요 없나？
6-01771	12150.1	대사	1	絶対損はさせないぞ・・・	절대 손해는 안 보게 해 주지・・・
6-01772	12200.2	대사	1	　　　　＊大人１名＊　　　	　　　　＊어른 １명＊　　　
6-01773	12200.4	대사	1	　　　　　今月の　　　　　	　　　　　이달의　　　　　
6-01774	12200.5	대사	1	　　　　　合言葉　　　　　	　　　　　암호　　　　　
6-01775	12200.7	대사	1	　　　　スケルトン　　　　	　　　　스켈톤　　　　
6-01776	12200.8	대사	1	　　　　　クルー　　　　　	　　　　　크루　　　　　
6-01777	12220.0	대사	1	そこには、 判読できない文字で	그곳에는 판독할 수 없는 문자로
6-01778	12220.1	대사	1	なにかが書かれていた。	무언가가 적혀 있었다.
6-01779	12230.0	대사	1	古代の本を開き、	고대의 책을 펼치고,
6-01780	12230.1	대사	1	その文字を読み始めた。	그 문자를 읽기 시작했다.
6-01781	12230.2	대사	1	一夜目に雄羊、	첫날 밤에 숫양,
6-01782	12230.3	대사	1	次なるもまた雄羊、	다음 것도 또 숫양,
6-01783	12230.4	대사	1	祭壇の上、輝く光りに	제단 위, 빛나는 빛에
6-01784	12230.5	대사	1	三なるものを求め、	세 번째 것을 구하고,
6-01785	12230.6	대사	1	四なる夜の杖、	네 번째 밤의 지팡이,
6-01786	12230.7	대사	1	五つに再び魔の光り、	다섯 번째에 다시 마의 빛,
6-01787	12230.8	대사	1	これ祭壇を地にしずめ	이로써 제단을 땅에 가라앉혀
6-01788	12230.9	대사	1	夜に花開かん！	밤에 꽃피우리라！
6-01789	12250.0	대사	3	黒い鉄製のしゃれこうべが、頑丈なドアの	검은 쇠로 된 해골이 튼튼한 문
6-01790	12250.1	대사	3	表面に付けられている。 その顔はまるで	표면에 붙어 있다. 그 얼굴은 마치
6-01791	12250.2	대사	1	通路を睨みつけているようで眼のところには	통로를 노려보는 듯하고, 눈 부분에는
6-01792	12250.3	대사	1	かなり深い穴が開いている。まるで、昔は一組の	상당히 깊은 구멍이 나 있다. 마치 옛날에는 한 쌍의
6-01793	12250.4	대사	1	宝石が埋め込まれていたかのようであった。	보석이 박혀 있었던 것 같았다.
6-01794	12260.2	대사	1	通路を睨みつけているようで片方の眼にだけ	통로를 노려보는 듯하고, 한쪽 눈에만
6-01795	12260.3	대사	1	輝く宝石が はめ込まれていた。	빛나는 보석이 박혀 있었다.
6-01796	12270.2	대사	1	通路を睨みつけているようであったが、	통로를 노려보는 듯했지만,
6-01797	12270.3	대사	1	両の眼に輝く宝石が 埋め込まれると、	두 눈에 빛나는 보석이 박히자,
6-01798	12270.4	대사	1	悪魔のような冷たい笑みに 変わった。	악마 같은 차가운 미소로 바뀌었다.
6-01799	12300.0	대사	1	トンネルを抜けて 山から出ると、	터널을 빠져나가 산에서 나오자,
6-01800	12300.1	대사	1	眼の前には巨大な渓谷が 広がっていた。	눈앞에는 거대한 계곡이 펼쳐져 있었다.
6-01801	12300.2	대사	1	いくつもの橋が 網の目のように	수많은 다리가 그물코처럼
6-01802	12300.3	대사	1	谷の間に渡されている。	골짜기 사이에 놓여 있다.
6-01803	12300.4	대사	1	そして頭上遥か彼方には、 渓谷の真中あたりの	그리고 머리 위 저 멀리에는 계곡 한가운데쯤의
6-01804	12300.5	대사	1	最も深い谷から立ち上がる、壮大な山の頂きが	가장 깊은 골짜기에서 솟아오른 장대한 산봉우리가
6-01805	12306.0	대사	1	うかがえた。	보였다.
6-01806	12310.0	대사	1	前方には巨大な山の頂が おぼろげに見えている。	앞쪽에는 거대한 산봉우리가 어렴풋이 보이고 있다.
6-01807	12310.1	대사	1	そのごつごつした岩肌と 数ある割れ目は、	그 울퉁불퉁한 바위 표면과 수많은 균열은
6-01808	12310.2	대사	1	この先頂上への行程が かなり厳しいものに なることを	앞으로 정상까지의 여정이 상당히 험난할 것을
6-01809	12310.3	대사	1	予感させた。	예감하게 했다.
6-01810	12320.1	대사	1	　　　　魔法使いの　　　　	　　　　마법사의　　　　
6-01811	12320.2	대사	1	　　　　　洞窟　　　　　　	　　　　　동굴　　　　　　
6-01812	12330.1	대사	1	　　採掘場入場の場合　　　	　　채굴장 입장 시　　　
6-01813	12330.2	대사	1	　常時、防護ヘルメット　　	　상시, 안전 헬멧　　
6-01814	12330.3	대사	1	　　　着用のこと　　　　　	　　　착용할 것　　　　　
6-01815	12400.0	대사	1	大きくて醜いトロールが 橋の下から	크고 추한 트롤이 다리 밑에서
6-01816	12400.1	대사	1	登ってきて、眼の前に 立ちはだかった！	올라와 눈앞을 가로막았다！
6-01817	12400.2	대사	1	そして、大声でうなった！	그리고 큰 소리로 으르렁거렸다！
6-01818	12400.3	대사	1	「おいら通行料金をとる トロール、 ＴＯＬＬ　ＴＲＯＬＬだ！」	「나는 통행료를 받는 트롤, ＴＯＬＬ　ＴＲＯＬＬ이다！」
6-01819	12400.4	대사	1	「料金払わないと お前の頭をとるぞー！」	「요금을 안 내면 네 머리를 가져간다아！」
6-01820	12440.1	대사	1	料金払わないと お前の頭をとるぞー！	요금을 안 내면 네 머리를 가져간다아！
6-01821	12440.2	대사	1	オーオー、通行料を払うか？	오오, 통행료를 낼 거냐？
6-01822	12450.0	대사	1	お前さんはかしこい！	너는 똑똑하다！
6-01823	12460.0	대사	1	通りな・・・	지나가라・・・
6-01824	12470.0	대사	1	もっと金を みつけてからまたきな！	돈을 더 찾고 나서 다시 와라！
6-01825	12480.0	대사	1	ウォーーー！ なら、 お前を喰うぞー！	우오오오！ 그럼 너를 잡아먹는다아！
6-01826	12500.1	대사	1	吊り上げ橋	도개교
6-01827	12500.2	대사	1	コントロールパネル	컨트롤 패널
6-01828	12500.3	대사	1	開閉ボタン	개폐 버튼
6-01829	12510.0	대사	1	コントロールパネルのふたは錆びていて、	컨트롤 패널의 뚜껑은 녹슬어서
6-01830	12510.1	대사	1	ボタンを押しても 開かなかった。	버튼을 눌러도 열리지 않았다.
6-01831	12520.0	대사	1	どのコントロールボタンを押すか}	어느 컨트롤 버튼을 누를까}
6-01832	12520.2	대사	1	スプリングワインダー	스프링 와인더
6-01833	12520.3	대사	1	自動コイルラップ	자동 코일랩
6-01834	12520.4	대사	1	トランスラクスポンプ	트랜스랙스 펌프
6-01835	12520.5	대사	1	トラスドライバー	트러스 드라이버
6-01836	12520.6	대사	1	安全装置	안전장치
6-01837	12520.7	대사	1	中断／終了	중단／종료
6-01838	12530.0	대사	1	コントロールパネルの中には名前が書かれた	컨트롤 패널 안에는 이름이 적힌
6-01839	12530.1	대사	1	ラベルのついている 六つの小さなボタンが	라벨이 붙은 여섯 개의 작은 버튼이
6-01840	12530.2	대사	1	入っていた。 そしてパネルには、使い方の	들어 있었다. 그리고 패널에는 사용법
6-01841	12530.3	대사	1	説明が彫り込まれていた。	설명이 새겨져 있었다.
6-01842	12530.4	대사	1	＊注意＊ ワインダー始動の直前に	＊주의＊ 와인더 시동 직전에
6-01843	12530.5	대사	1	安全装置の解除を 忘れないこと！	안전장치 해제를 잊지 말 것！
6-01844	12530.6	대사	1	コイルラップの起動は、	코일랩의 기동은
6-01845	12530.7	대사	1	安全装置をかけ ポンプの作動後	안전장치를 걸고 펌프 작동 후
6-01846	12530.8	대사	1	５秒以上経過しなければ 実行してはならない。	５초 이상 지나지 않으면 실행해서는 안 된다.
6-01847	12539.0	대사	1	トラスの上昇はこれに続くが	트러스 상승은 이에 이어지지만
6-01848	12539.1	대사	1	ポンプの処理に 付帯するすべてに	펌프 처리에 부수되는 모든 것에
6-01849	12539.2	대사	1	異常がない場合にのみ 実行される。	이상이 없는 경우에만 실행된다.
6-01850	12539.3	대사	1	最後にワインダーを 始動することにより	마지막으로 와인더를 시동함으로써
6-01851	12539.4	대사	1	吊り上げ橋が起動する。	
6-01852	12539.5	대사	1	この橋の設営にあたって、	
6-01853	12539.6	대사	1	エンジニア・スタッフは 万人に使用可能な操作法を	
6-01854	12539.7	대사	1	開発することに苦慮した。	
6-01855	12539.8	대사	1	この取り扱い説明書は その一環であり、	
6-01856	12539.9	대사	1	かようにわかりやすいものができたことは、	
6-01857	12539.10	대사	1	我々のほこりとするところ である。	
6-01858	12560.0	대사	1	大きな木製の機械が	
6-01859	12560.1	대사	1	絶壁の上に設置されている。	
6-01860	12560.2	대사	1	見たところ、その機械は	
6-01861	12560.3	대사	1	重いものを空中に放り投げる	
6-01862	12560.4	대사	1	カタパルトのようなものらしい。	
6-01863	12560.5	대사	1	絶壁の向こう側には、 丸い標的らしきものが	
6-01864	12560.6	대사	1	ポツンと立てられている・・	
6-01865	12570.0	대사	1	機械を調べてみると、 それはまだ充分に	
6-01866	12570.1	대사	1	動きそうであった。 ただし、歯が	
6-01867	12570.2	대사	1	欠け落ちてしまっている 歯車を修理し、	
6-01868	12570.3	대사	1	伸びきって弾力を 失ってしまったゴムバンドの	
6-01869	12570.4	대사	1	かわりをみつけられればの話であるが・・・	
6-01870	12580.0	대사	1	ゴム糸は古いバンドの代わりにするには	
6-01871	12580.1	대사	1	細すぎるし短かすぎた。	
6-01872	12585.0	대사	1	ゴム紐は古いバンドの代わりにするには	
6-01873	12585.1	대사	1	短かすぎた。	
6-01874	12590.0	대사	1	新しいゴムバンドは ピッタリであった！	
6-01875	12595.0	대사	1	新しいゴムバンドがなければカタパルトは使えない。	
6-01876	12600.0	대사	1	直した歯車は古い機械の	
6-01877	12600.1	대사	1	所定の位置にすんなりと 収まった。	
6-01878	12605.0	대사	1	歯車がないとカタパルトは 使えない。	
6-01879	12610.0	대사	1	どの操作を実行するか}	
6-01880	12610.2	대사	1	受け皿をかけ金にかける 	
6-01881	12610.3	대사	1	バンドをひき絞る	
6-01882	12610.4	대사	1	かけ金を外す	
6-01883	12610.5	대사	1	中止	
6-01884	12620.0	대사	1	カタパルトは直った。 これで	
6-01885	12620.1	대사	1	普通の発射の操作が できるはずである。	
6-01886	12630.0	대사	1	カタパルトの受け皿に	
6-01887	12630.1	대사	1	大きな岩を収めた。	
6-01888	12640.0	대사	1	カタパルトは動くとしても、	
6-01889	12640.1	대사	1	目標に向けて飛ばす	
6-01890	12640.2	대사	1	弾になるものがなければ ならない・・・	
6-01891	12650.0	대사	1	ハズレ	
6-01892	12655.0	대사	1	あたぁーーりぃーー！！！	
6-01893	12660.1	대사	1	山を登る	
6-01894	12660.2	대사	2	安全なこの場所で待機	
6-01895	12665.0	대사	1	山肌には上の方に 登って行ったと	
6-01896	12665.1	대사	2	思われる小さな足跡が あった。	
6-01897	12670.1	대사	1	山を降りる	
6-01898	12675.0	대사	1	山肌には下の方に降りて 行ったと	
6-01899	12680.0	대사	1	滑べって落下した！	
6-01900	12690.0	대사	1	大きな石や岩が あたり一面に	
6-01901	12690.1	대사	1	転がっている。 おそらく、最近	
6-01902	12690.2	대사	1	地滑りかなにかが あったのであろう。	
6-01903	12695.0	대사	1	そこには大きな岩しか なかった。	
6-01904	12695.1	대사	1	とはいえ、 これがまったく役に	
6-01905	12695.2	대사	1	立たないとは限らない・・・	
6-01906	12700.0	대사	1	$ 小さなメモには 次のように記されていた。	
6-01907	12700.1	대사	1	情報ありがとう！	
6-01908	12700.2	대사	1	＊クイークエグ＊	
6-01909	12700.3	대사	1	追伸 感謝のしるしと思って	
6-01910	12700.4	대사	1	これを受け取ってくれ。	
6-01911	12710.1	대사	1	この宝箱の所有者は	
6-01912	12710.2	대사	1	Ｊ．Ｒ．船長と その仲間である	
6-01913	12710.3	대사	1	汝に呪いあれ！	
6-01914	12750.0	대사	1	部屋への入口は、 巨大なダイヤモンドの	
6-01915	12750.1	대사	1	透き通る境界面によって 遮られていた。	
6-01916	12750.2	대사	1	そして、その内側に、	
6-01917	12750.3	대사	1	今までに見たことも ないような	
6-01918	12750.4	대사	1	奇怪な表情が 浮かび上がっていた。	
6-01919	12750.5	대사	1	ダイヤモンドの内側で うごめいている	
6-01920	12750.6	대사	1	その頭の様子から、 どうもそれが	
6-01921	12750.7	대사	1	単なる幻影ではなく、実際に	
6-01922	12750.8	대사	1	なんらかの魂が 巨大な宝石の中に	
6-01923	12750.9	대사	1	捕らわれているらしい ということが見てとれた。	
6-01924	12750.10	대사	1	壁際に近付いて来るたびに、	
6-01925	12750.11	대사	1	なにかを語りかけようと している・・・	
6-01926	12770.0	대사	1	ダイヤモンドの壁面に 裂け目ができた。	
6-01927	12770.1	대사	1	しかし、それは 砕け散りはしなかった。	
6-01928	12780.0	대사	1	ダイヤモンドが砕け散った！	
6-01929	12780.1	대사	1	砕けた破片は まるで空気の中に 溶け込んだかのように、	
6-01930	12780.2	대사	1	煙だけを残して消え失せた	
6-01931	12790.0	대사	1	しばらくダイヤモンドの 境界面を調べてみると、	
6-01932	12790.1	대사	1	わりあいと 最近にできた大きな	
6-01933	12790.2	대사	1	亀裂があるのがみつかった。	
6-01934	12790.3	대사	1	ダイヤモンドの周囲に この割れ目を走らせ、	
6-01935	12794.0	대사	1	さらにここに大きな一撃を 加えれば、	
6-01936	12794.1	대사	1	もしかすると境界面は粉々に	
6-01937	12794.2	대사	1	砕けるかもしれない。	
6-01938	12800.0	대사	1	突然、影の中から巨大な蛇が飛び出して、	
6-01939	12800.1	대사	1	こちらに向かって 突進してきた！	
6-01940	12810.0	대사	1	いやぁ、そろそろ誰かが 助けに	
6-01941	12810.1	대사	1	来てくれる頃だって 思ってたんだ！	
6-01942	12810.2	대사	1	どれっくらい長いこと、 おいらが	
6-01943	12810.3	대사	1	ここに閉じ込められてたと 思う？	
6-01944	12810.4	대사	1	エェ？！	
6-01945	12810.5	대사	1	わっかんねぇだろ？！	
6-01946	12810.6	대사	1	百と二十年だぜ！	
6-01947	12810.7	대사	1	なんてこったい！	
6-01948	12810.8	대사	1	ゾーフィタスの 大ボケ野郎に	
6-01949	12810.9	대사	1	この尻尾が届くなら、 あんちきしょうを	
6-01950	12810.10	대사	1	ぎったんぎったんに のしてやるのによぉ！ 	
6-01951	12810.11	대사	1	おっと、 失敬・・どうもありがとョ	
6-01952	12810.12	대사	1	おめえさんのおかげで 助かった。	
6-01953	12810.13	대사	1	おいら、  ＭＹＳＴＡＰＨＡＰＨＡＳ っていうんだ。	
6-01954	12810.14	대사	1	昔はゾーフィタスって 魔法使いの弟子 やってたんだが	
6-01955	12810.15	대사	1	ちょっとしたことで 奴にここに閉じ込められて、	
6-01956	12810.16	대사	1	おまけに奴はそのことを 忘れちまいやがって・・・	
6-01957	12810.17	대사	1	ああ、わかってるって。 おめえさん、	
6-01958	12810.18	대사	1	なんでこんなでっかい蛇が、すげぇ魔法使いの	
6-01959	12810.19	대사	1	弟子なんかになれたか、 わかんねぇんだろ？	
6-01960	12810.20	대사	1	教えてやるよ！	
6-01961	12810.22	대사	1	って言うか、少なくとも あのどーしよーもねえ、	
6-01962	12810.23	대사	1	呪われたペンが現れるまではそうじゃなかった！！	
6-01963	12810.24	대사	1	ちっきしょう！	
6-01964	12810.25	대사	1	考えただけで 鳥肌が立ってくる！	
6-01965	12810.26	대사	1	おいら、ちょっと忍び込んで	
6-01966	12810.27	대사	1	あれを一回 使っただけなんだ！	
6-01967	12810.28	대사	1	お妃のお気に入りにして もらいたくって、	
6-01968	12810.29	대사	1	ちょいと “さっそうと”してて “かっこよく”	
6-01969	12810.30	대사	1	してほしいって・・・	
6-01970	12810.31	대사	1	それと王様に やきもち焼かれないように、	
6-01971	12810.32	대사	1	“安全”に過ごしたいって 書いたんだ。	
6-01972	12810.33	대사	1	それがどーだい！？	
6-01973	12810.34	대사	1	お妃様がことのほか蛇が お好きだっていうんで	
6-01974	12810.35	대사	1	おいら蛇に かえられちまったんだ！	
6-01975	12810.36	대사	1	で、魔法使いの野郎が おいらをここに 閉じ込めたんだ。	
6-01976	12847.0	대사	1	ペットにでもするつもり だったんだろうが、	
6-01977	12847.1	대사	1	おかげで王様からも 安全ってわけだ！！	
6-01978	12847.2	대사	1	まったく、 あのどーしよーもない 大ボケのペン！！！！	
6-01979	12855.0	대사	1	それで？・・・	
6-01980	12860.0	대사	1	じゃあな、がんばりな！	
6-01981	12865.0	대사	1	{02}{02}しゃれこうべ の どあ/まほうつかい の すみか/くうふく/	
6-01982	12870.0	대사	1	うぅぅーーん。 なんてうめぇんだ！	
6-01983	12870.1	대사	1	こいつはお礼を しなきゃいけねぇ！	
6-01984	12870.2	대사	1	魔法使いのすみかを探って、	
6-01985	12870.3	대사	1	それから“眼”を どうにかするんだ！	
6-01986	12900.0	대사	1	年をとったドワーフが かな床の向こうから	
6-01987	12900.1	대사	1	こちらを見上げ、 真っ赤に焼けた	
6-01988	12900.2	대사	1	トウモロコシに なにやら仕事をしながら	
6-01989	12900.3	대사	1	こう言った	
6-01990	12900.4	대사	1	「コンチキショウ！」	
6-01991	12900.5	대사	1	「おらは忙しいだ、 わかんねぇか？」	
6-01992	12910.0	대사	1	どうしてほしいんだ？	
6-01993	12920.0	대사	1	またな！	
6-01994	12930.0	대사	1	{01}{01}さいくつじょう/しんにゅうしゃ/	
6-01995	12940.0	대사	1	フム・・・ こいつぁみごとに壊れてる。	
6-01996	12940.1	대사	1	だけんども、 どうしようもねえって ほどじゃねえ。	
6-01997	12945.0	대사	1	まぁ、直るまでは、	
6-01998	12945.1	대사	1	使わねえほううがエエな。	
6-01999	12950.0	대사	1	直すにゃぁ、 １０００ＧＰかかるだよ・・・	
6-02000	12955.2	대사	1	おらに直して欲しいのか？	
6-02001	12960.0	대사	1	おら、暇潰しに つきあってるヒマねえだ。	
6-02002	12965.0	대사	1	全部前金じゃねえとダメだ！	
6-02003	12965.1	대사	1	これじゃぁ足りねぇだよ。	
6-02004	12970.0	대사	1	ちょっくらそこで待ってな。	
6-02005	12970.1	대사	1	おら、直してみるから・・・	
6-02006	12970.2	대사	1	（ドワーフは壊れた歯車を 鍛冶場に持ち込み、	
6-02007	12970.3	대사	1	なにやら作業を始めた）	
6-02008	12970.4	대사	2	ウーン、ウォーッ、フイー	
6-02009	12970.5	대사	1	チっ！ ったく！  ちっとまってな	
6-02010	12970.6	대사	1	すぐできるだ！	
6-02011	12970.7	대사	3	（バン！ バン！）	
6-02012	12970.8	대사	1	（カラン！）	
6-02013	12970.10	대사	1	（チキショウ！）	
6-02014	12970.11	대사	1	もーちっとだ。 すぐだから・・・	
6-02015	12970.14	대사	1	ほらできた！ 新品同様だべ！	
6-02016	13100.0	대사	1	「ついに自由だ！」	
6-02017	13100.1	대사	1	お前のことは知らぬ。 しかし、	
6-02018	13100.2	대사	1	すべてが始まったときより、お前が来る	
6-02019	13100.3	대사	1	ということだけは わかっておった。	
6-02020	13104.0	대사	1	わしに残された時間は 短かい。	
6-02021	13104.1	대사	1	見てのとおり、わしの体は 遠き昔に滅び去った。	
6-02022	13104.2	대사	1	こうしてここに留まれるのも、	
6-02023	13104.3	대사	1	昔のわしの力が あってこその話。	
6-02024	13104.4	대사	1	しかし、それももはや ついえようとしておる。	
6-02025	13104.5	대사	1	それゆえ、大事なこと、	
6-02026	13104.6	대사	1	お前の探索の足掛りとなる ことだけを話そう。	
6-02027	13104.7	대사	1	一つの物語じゃ。	
6-02028	13104.8	대사	1	お前、そしてお前の後に	
6-02029	13104.9	대사	1	従う者たちへの 警告とするがよい。	
6-02030	13104.10	대사	1	わしは、 ゾーフィタスとして知られた	
6-02031	13104.11	대사	1	魔法使いの半身じゃ。 お前の眼の前にある骨、	
6-02032	13104.12	대사	1	それが元は ゾーフィタスだったのじゃ。	
6-02033	13104.13	대사	1	百二十年ほど前、わしは コズミック・フォージの	
6-02034	13104.14	대사	1	探索に携わっておった。 災いをもたらすペンにして、	
6-02035	13104.15	대사	1	この世界のすべての仕組みを書き表すために	
6-02036	13104.16	대사	1	用いられたものじゃ。 ペンの話をするには、	
6-02037	13104.17	대사	1	そのペンが盗まれた 祝福された祭壇、	
6-02038	13104.18	대사	1	すなわちサークルの話を せねばならん。	
6-02039	13104.19	대사	1	ペンの力を開放しないために	
6-02040	13104.20	대사	1	ペンは聖なるサークルの内側でのみ使われねばならぬ、	
6-02041	13104.21	대사	1	という規則が 書き記されておった。	
6-02042	13104.22	대사	1	サークルからペンをとりだし	
6-02043	13104.23	대사	1	この規則を破るためには、	
6-02044	13104.24	대사	1	どうにかして例外を 作らなければならなかった。	
6-02045	13104.25	대사	1	ペンの力を開放し、そのうえ書き記された規則には	
6-02046	13104.26	대사	1	反しないような例外が 必要だったのじゃ。	
6-02047	13104.27	대사	1	そこで、おそるべき例外が 作り出された。	
6-02048	13104.28	대사	1	すなわち、 もしサークルの中以外で	
6-02049	13104.29	대사	1	ペンが用いられた場合、 それを使って	
6-02050	13104.30	대사	1	なにかを書いた者は、 まさにその	
6-02051	13104.31	대사	1	書き記したことを 自らに対する	
6-02052	13104.32	대사	1	災いとして受ける。	
6-02053	13104.33	대사	1	そして、 災いは新たなる世代が	
6-02054	13104.34	대사	1	過ぎ去るまで、 百と二十年の間	
6-02055	13104.35	대사	1	その者を苦しめ続け、	
6-02056	13104.36	대사	1	その後に開放のときが やって来る、	
6-02057	13104.37	대사	1	ペンをサークルから 取り出すために、	
6-02058	13104.38	대사	1	この災いを呼ぶ例外が 作られたのじゃ。	
6-02059	13104.39	대사	1	こうしてわしの骨が ここに横たわっているのも、	
6-02060	13144.0	대사	1	わしの行ないによる 災いの結果じゃ。	
6-02061	13144.1	대사	1	しかし、その災いの時は、 お前がここに来て、	
6-02062	13144.2	대사	1	わしを開放することによって過ぎ去ろうとしておる。	
6-02063	13144.3	대사	1	さて、聴くがよい。遠い昔に起こった事件の顛末を。	
6-02064	13144.4	대사	1	そして、この先お前が賢く、正しく振舞うための	
6-02065	13144.5	대사	1	手がかりとするがよい。	
6-02066	13144.6	대사	1	わしはゾーフィタス、 魔術と力を持った	
6-02067	13144.7	대사	1	偉大なる魔法使いじゃった。	
6-02068	13144.8	대사	1	一度力を持った者の常として	
6-02069	13144.9	대사	1	わしはその甘美な味に 酔いしれ、	
6-02070	13144.10	대사	1	味わうほどにさらなる力を 渇望するようになった。	
6-02071	13144.11	대사	1	それがゆえに、 わしはわしと同じほどの	
6-02072	13144.12	대사	1	渇望を持つ者と 汚らわしき同盟を組み、	
6-02073	13144.13	대사	1	二人して世界の制覇を 夢に描いた。	
6-02074	13144.14	대사	1	かのペンの噂を聞きつけた時	
6-02075	13144.15	대사	1	それを手にすることで 我等の勝利が	
6-02076	13144.16	대사	1	不動のものとなることは 明かであった。	
6-02077	13144.17	대사	1	そこで我等は コズミック・フォージを	
6-02078	13144.18	대사	1	手にするための計画を 練り始めた。	
6-02079	13144.19	대사	1	しかし、ペンをサークルから奪い取ったまさにその時、	
6-02080	13144.20	대사	1	我等は災いが即座に 降り注ぐということを	
6-02081	13144.21	대사	1	知るはめになったのじゃ。	
6-02082	13144.22	대사	1	かつてゾーフィタスであったわしは、	
6-02083	13144.23	대사	1	この運命を逃れようと 決意した。	
6-02084	13144.24	대사	1	そして、死せる定めの 魔法使い、	
6-02085	13144.25	대사	1	ゾーフィタスなる者が 宇宙のすべての摂理を知り、	
6-02086	13144.26	대사	1	それによって恐ろしい破滅の宿命から	
6-02087	13144.27	대사	1	逃れる術を学べるようにと、	
6-02088	13144.28	대사	1	かのペンを用いて 書き記したのじゃ。	
6-02089	13144.29	대사	1	たしかに、わしはすべてに 関するあらゆる知識を手に入れた。	
6-02090	13144.30	대사	1	そしてそれがゆえに、 わしは二つの別々の生き物に	
6-02091	13144.31	대사	1	切り離されてしまった。 この世界のすべてのものは	
6-02092	13144.32	대사	1	二つに別れる性質を 持っておる。 あるか、ないか、	
6-02093	13144.33	대사	1	その二つの状態が 共存しなければ ならないのじゃ。	
6-02094	13144.34	대사	1	ところが、わしは この世のすべての知識を	
6-02095	13144.35	대사	1	一つのものとして手に 入れてしまった。	
6-02096	13180.0	대사	1	わしはすべてを知り、 同時になにも知らない	
6-02097	13180.1	대사	1	状態でなければ ならなくなったのじゃ。	
6-02098	13180.2	대사	1	そして、わしは 二つに別れた。	
6-02099	13180.3	대사	1	“善”を知るものが “悪”をも知るがごとく。	
6-02100	13180.4	대사	1	知ることができるものは、 すべて二つに別れる。	
6-02101	13180.5	대사	1	そして分けることが できないものは、	
6-02102	13180.6	대사	1	決して知られることはない。	
6-02103	13180.7	대사	1	人は永久に知ることを 捜し求め、	
6-02104	13180.8	대사	1	それゆえ散りぢりに 別れて行くのじゃ。	
6-02105	13180.9	대사	1	これぞ知識の本質、 そのありようで、	
6-02106	13180.10	대사	1	お前の心の中でもそれに 変わりはない。	
6-02107	13180.11	대사	1	なにかを知るとき、 考えるとき、	
6-02108	13180.12	대사	1	信じるとき、 心に話しかけるとき、	
6-02109	13180.13	대사	1	その仕組みが どうなっておるのかは、	
6-02110	13180.14	대사	1	これとなんら変わりはしない	
6-02111	13180.15	대사	1	残された時間は僅かじゃ。 しかし、	
6-02112	13180.16	대사	1	まだ告げねばならぬこと がある。 ゾーフィタスであった	
6-02113	13180.17	대사	1	わしは死んだ。 しかしながら、わしの半身、	
6-02114	13180.18	대사	1	今一つのゾーフィタスは 死んではおらん。	
6-02115	13180.19	대사	1	そして、わしがお前を 助けたように、 もう一つのわしは	
6-02116	13180.20	대사	1	お前を苦しめるじゃろう！  かの者の知識は完璧ではない。	
6-02117	13180.21	대사	1	なぜなら、その半分は わしが持っておるからじゃ。	
6-02118	13180.22	대사	1	かの者の歩みはたよりなく、常に半分は正しく、	
6-02119	13180.23	대사	1	半分は誤っておるじゃろう。	
6-02120	13180.24	대사	1	精神は暗く淀んだ水たまりの中を	
6-02121	13180.25	대사	1	漂っているに違いない。 わしのごとく、かの者もまた	
6-02122	13180.26	대사	1	気がふれておろう。 しかし、お前はかの者を	
6-02123	13180.27	대사	1	見いださねばならぬ。 なぜなら、わしが	
6-02124	13180.28	대사	1	ペンとその理由を知り お前に語ったように、	
6-02125	13180.29	대사	1	かの者は“場所”と “時間”を知っておるからじゃ。	
6-02126	13180.30	대사	1	だがそれがなにかは知らぬ。それはお前がかの者から	
6-02127	13180.31	대사	1	見つけ出さねば ならぬのじゃ。	
6-02128	13180.32	대사	1	コズミック・フォージの宿命運命の手とペンは	
6-02129	13180.33	대사	1	かの者と共にある！	
6-02130	13180.34	대사	1	「これでわしは自由じゃ」	
6-02131	13180.35	대사	1	そして幻影は 消え失せていった・・・	
6-02132	13250.1	대사	1	スミッティにようこそ！	
6-02133	13250.2	대사	1	鍛冶屋と食堂	
6-02134	13253.0	대사	1	食事と修理！	
6-02135	13260.0	대사	1	フィーフィーフォーフム	
6-02136	13260.1	대사	1	ニンゲンノチノ ニオイガスル	
6-02137	13270.1	대사	1	ジャイアントクリーグ	
6-02138	13270.2	대사	1	グリン ノ	
6-02139	13270.3	대사	1	フタゴ ノ イエ	
6-02140	13280.1	대사	1	キケン！	
6-02141	13280.2	대사	1	ボタンヲオスト	
6-02142	13280.3	대사	1	デグチニツナガル	
6-02143	13810.2	대사	4	石を取りに来たのか？	
6-02144	13815.0	대사	1	{09}はい/{09}いえす/	
6-02145	13820.0	대사	1	ならば殺すまで！	
6-02146	13830.2	대사	1	貢ぎものはあるか？	
6-02147	13835.0	대사	1	なかなかよい岩を 持っておるではないか！	
6-02148	13835.1	대사	1	もらっておくぞ！	
6-02149	13835.2	대사	1	（ムシャ ムシャ）	
6-02150	13835.3	대사	1	ムムムム	
6-02151	13835.4	대사	1	ウマーイ！	
6-02152	13850.0	대사	1	わしの欲しいものを 持っておらんではないか！	
6-02153	13855.0	대사	1	立ち去れぃ！	
6-02154	13900.1	대사	1	魔法使いのすみか	
6-02155	13900.3	대사	1	猫に注意	
6-02156	13910.0	대사	1	中は物音一つせず、 きわめて平和そうだった・・・	
6-02157	13910.1	대사	1	しかしそれは、 地獄から悪魔猫が やって来るまでの話だった！	
6-02158	13915.0	대사	1	物置の中を覗いてみると、 隅の方に	
6-02159	13915.1	대사	1	曲がった杖が置き去りに なっていた。 明らかに	
6-02160	13915.2	대사	1	その存在自体が 忘れられていたようである。	
6-02161	13920.0	대사	1	どのビンをまぜる}	
6-02162	13920.2	대사	1	黄色いパウダー	
6-02163	13920.3	대사	1	青いポーション	
6-02164	13920.4	대사	1	赤いポーション	
6-02165	13920.5	대사	1	黒いパウダー	
6-02166	13920.6	대사	1	白いパウダー	
6-02167	13920.7	대사	1	緑のポーション	
6-02168	13920.8	대사	1	点火棒	
6-02169	13920.9	대사	1	いれない（終了）	
6-02170	13935.0	대사	1	ドッカーーーン！	
6-02171	13940.0	대사	1	容器のうちのいくつかは 壊れておらず、	
6-02172	13940.1	대사	1	よく密閉されていて、 中身も悪くなったり	
6-02173	13940.2	대사	1	黒い固まりになったり していなかった。	
6-02174	13940.3	대사	1	テーブルの上には その他に奇妙な	
6-02175	13940.4	대사	1	小さい木の棒があり、	
6-02176	13940.5	대사	1	その片方の端は赤く	
6-02177	13940.6	대사	1	塗られていた。	
6-02178	13950.0	대사	1	テーブル一杯の ポーション、ビン、	
6-02179	13950.1	대사	1	その他の薬品の山は、 帰ることのない	
6-02180	13950.2	대사	1	師のことをじっと静かに 待っている	
6-02181	13950.3	대사	1	かのようであった。	
6-02182	13960.0	대사	1	魔法使いの日記には、	
6-02183	13960.1	대사	1	次のようなことが 記されてあった。	
6-02184	13962.0	대사	1	星の月　１７の日	
6-02185	13962.1	대사	1	ついに、死体再可動の実験で	
6-02186	13962.2	대사	1	成功を収めた！	
6-02187	13962.3	대사	1	哀れな実験台は牧師に 連れられて	
6-02188	13962.4	대사	1	やってきた女で、 かの悪魔娘の	
6-02189	13962.5	대사	1	みだらな母親であった。 死んでから	
6-02190	13962.6	대사	1	三日も経っていながら、 その女はもう一度	
6-02191	13962.7	대사	1	息をし、歩き、見ることが できるように	
6-02192	13962.8	대사	1	なった・・・	
6-02193	13962.9	대사	1	これで心や魂まで 再生することが	
6-02194	13962.10	대사	1	できればよかったのだが、 残念なことに	
6-02195	13962.11	대사	1	その方法はない。 女は今や抜け殻だ。	
6-02196	13962.12	대사	1	なにか処置の方法が みつかるまで、	
6-02197	13962.13	대사	1	女は城の尖塔の一つに 閉じ込めることにする。	
6-02198	13962.14	대사	1	とにかくこの成功を かてにして、	
6-02199	13962.15	대사	1	次なる実験台が現れるのを	
6-02200	13962.16	대사	1	待つことにしよう。	
6-02201	13962.17	대사	1	星の月　２３の日	
6-02202	13962.18	대사	1	ついこの間打ち首となった 気のふれた牧師は、	
6-02203	13962.19	대사	1	私の最新のテーマである 霊体分離にとって	
6-02204	13962.20	대사	1	すばらしい実験となった！	
6-02205	13962.21	대사	1	かの者の首に斧が 振り下ろされた まさにその瞬間、	
6-02206	13962.22	대사	1	私はその魂がこの世界から 離脱できないように	
6-02207	13962.23	대사	1	呪文をかけた。	
6-02208	13962.24	대사	1	かの者の心と魂が 捕獲できたことで、	
6-02209	13962.25	대사	1	私のアイデアが 誤っていないことが	
6-02210	13962.26	대사	1	確かめられた。 生と死を思うがままに操り、	
6-02211	13962.27	대사	1	不死を得られるように なるのも、そう遠い	
6-02212	13962.28	대사	1	先のことではないだろう。 その時まで、	
6-02213	13962.29	대사	1	“霊封じ”の力で 牧師の霊は城の	
6-02214	13962.30	대사	1	もう一つの尖塔に 閉じ込められる。	
6-02215	13962.31	대사	1	どこかの愚か者が 間違ってこの悪霊を	
6-02216	13962.32	대사	1	解き放ったりしないように、	
6-02217	13962.33	대사	1	鍵はここに隠して おくことにしよう。	
6-02218	13962.34	대사	1	月の月　４の日	
6-02219	13962.35	대사	1	ついに我々は コズミック・フォージへ 通じる	
6-02220	13962.36	대사	1	隠された門を発見した！ これでペンまで	
6-02221	13962.37	대사	1	あと一歩だ。 すぐに旅立ちの準備を	
6-02222	13962.38	대사	1	しなければならない。 今宵、我等は飛ぶのだ！	
6-02223	13962.39	대사	1	月の月　１３の日	
6-02224	13962.40	대사	1	フォージを盗まれた！	
6-02225	13962.41	대사	1	月の月　１５の日	
6-02226	13962.42	대사	1	私のずる賢い弟子、 ＭＹＳＴＡＰＨＡＰＡＳ の姿が見えない。	
6-02227	14005.0	대사	1	どこかにいるらしいという 形跡すらない。	
6-02228	14005.1	대사	1	呪文を使って所在を 突き止めようという	
6-02229	14005.2	대사	1	試みも失敗した。 何度やっても、	
6-02230	14005.3	대사	1	あの喰いすぎの蛇の巣にいる	
6-02231	14005.4	대사	1	という結果しか戻ってこない。	
6-02232	14005.5	대사	1	あれに食べられてしまったと考えるのが	
6-02233	14005.6	대사	1	妥当なようだ。	
6-02234	14005.7	대사	1	月の月　１６の日	
6-02235	14005.8	대사	1	！いよいよ“ペン”で	
6-02236	14005.9	대사	1	何を書くかを決意した！ これで私は、	
6-02237	14005.10	대사	1	王を終わらざる死へと誘った	
6-02238	14005.11	대사	1	呪いから逃れられるはずだ	
6-02239	14005.12	대사	1	今宵、私は我が運命を 刻み込む！	
6-02240	14005.13	대사	1	それが最後の文字であった。	
6-02241	14005.14	대사	1	本の残りは白いページが 続いていた・・・	
6-02242	14100.0	대사	1	部屋は空虚で 静まり返っていた。	
6-02243	14100.1	대사	1	おそらく１００年以上もの間ここには	
6-02244	14100.2	대사	1	誰も入ったことが なかったのだろう。 そうして	
6-02245	14100.3	대사	1	部屋を眺めまわしていると、なにやら	
6-02246	14100.4	대사	1	奇妙な光が 部屋の中央に集まり、	
6-02247	14100.5	대사	1	人型を形作り始めた。 ほどなくして、	
6-02248	14100.6	대사	1	年老いてしなびた顔が 見分けられるようになると、	
6-02249	14100.7	대사	1	それは話し始めた・・・	
6-02250	14110.0	대사	1	ハロー？	
6-02251	14110.1	대사	1	ハロー？？	
6-02252	14110.2	대사	1	アニー、君かい？	
6-02253	14110.3	대사	1	見えないんだ、アニー・・・	
6-02254	14110.4	대사	1	アニー、聞こえるかい？	
6-02255	14110.5	대사	1	アニー？？	
6-02256	14110.6	대사	1	アニー、どうして 答えてくれないんだい？	
6-02257	14110.7	대사	1	私を忘れてしまったのかい？	
6-02258	14110.8	대사	1	アニー、覚えてないのかい？	
6-02259	14110.9	대사	1	私が誰なのか、 覚えてないのかい？？	
6-02260	14110.10	대사	1	私は・・・ 私は誰なんだろう・・・	
6-02261	14110.11	대사	1	覚えてる・・・	
6-02262	14110.12	대사	1	そうだ、忘れないぞ、 ずっと昔	
6-02263	14110.13	대사	1	私は・・・	
6-02264	14110.14	대사	1	聖なる職についていた・・・	
6-02265	14110.15	대사	1	信心深く、人々から あがめられる者だった・・・	
6-02266	14110.16	대사	1	私は覚えていない・・・	
6-02267	14110.17	대사	1	いや、覚えているぞ！ アニー、愛しいアニー	
6-02268	14110.18	대사	1	ああ、アニー！ 私達は道を誤った！	
6-02269	14110.19	대사	1	私はお前のために 純潔の誓いを破った！	
6-02270	14110.20	대사	1	愛しいアニー、 私は罰を受けた！	
6-02271	14110.21	대사	1	罰を受けたのだ・・・	
6-02272	14110.22	대사	1	私達の娘！	
6-02273	14110.23	대사	1	この娘をどこかに 隠さなければ・・・	
6-02274	14110.24	대사	1	奴等がやって来て この娘を連れ去ってしまう！	
6-02275	14135.0	대사	1	やめてくれ！	
6-02276	14135.1	대사	1	その娘は悪魔なのだ！	
6-02277	14135.2	대사	1	彼女は罪によって もたらされた・・・	
6-02278	14135.3	대사	1	アニー、私達の罪の せいなのだ！	
6-02279	14135.4	대사	1	この娘は呪われている！	
6-02280	14135.5	대사	1	そして、我等もまた 呪われている・・・	
6-02281	14135.6	대사	1	ああ、愛しのアニー・・・	
6-02282	14135.7	대사	1	王様にみつかった！	
6-02283	14135.8	대사	1	王があの娘を 連れて行ってしまう！	
6-02284	14135.9	대사	1	だが、彼ならあの娘を 護ってくれる・・・	
6-02285	14135.10	대사	1	アニー、彼なら我等も 護ってくれる・・・	
6-02286	14135.11	대사	1	遠い遠い昔だ・・・	
6-02287	14135.12	대사	1	アニー、もはや 私はいない・・・	
6-02288	14135.13	대사	1	でも、角笛は持っているぞ！	
6-02289	14135.14	대사	1	忘れはしない、 首の周りの寒気・・・	
6-02290	14135.15	대사	1	そして光・・・	
6-02291	14135.16	대사	1	私は光に向かって 歩いていた・・・	
6-02292	14135.17	대사	1	ああ、それなのに、 なにかが私を引き戻す！	
6-02293	14135.18	대사	1	なにかが、私が光へ進むのを	
6-02294	14135.19	대사	1	邪魔している・・・	
6-02295	14135.20	대사	1	手だ！	
6-02296	14135.21	대사	1	光から伸びた手が、	
6-02297	14135.22	대사	1	私に何かを 持ってきてくれた・・・	
6-02298	14135.23	대사	1	角笛だ！	
6-02299	14135.24	대사	1	もう時間かい？	
6-02300	14135.25	대사	1	アニー、もう時間なのかい？	
6-02301	14135.26	대사	1	角笛を吹く時なのだね？	
6-02302	14135.27	대사	1	アニー、今行くよ！	
6-02303	14135.28	대사	1	さぁ、これから角笛を 吹くよ！	
6-02304	14135.29	대사	1	（亡霊は暗い色の	
6-02305	14135.30	대사	1	角笛を持ち吹き鳴らした）	
6-02306	14135.31	대사	1	アニー、光が見えるよ！	
6-02307	14135.32	대사	1	私のために光が戻ってきた！	
6-02308	14135.33	대사	1	サヨナラ、アニー	
6-02309	14135.34	대사	1	これから、光の方へ行くよ	
6-02310	14135.35	대사	1	亡霊は突然消滅し、	
6-02311	14135.36	대사	1	暗い色の角笛が 大きな音を立てて	
6-02312	14135.37	대사	1	床に転がった！	
6-02313	14200.0	대사	1	部屋の奥に転がっている ガイコツの数は	
6-02314	14200.1	대사	1	すさまじいほどであった。 ここは城の	
6-02315	14200.2	대사	1	死体置場であったに違いない	
6-02316	14200.3	대사	1	頭ガイコツの一つは、 いくつもの骨が	
6-02317	14200.4	대사	1	取り去られていた。 それを見ていると、 脳の手術は、	
6-02318	14200.5	대사	1	成功する確率が それほど高くない ということが	
6-02319	14200.6	대사	1	思い出されてきた。	
6-02320	14250.0	대사	1	トンネルは、どう見ても 昔は洞窟の入口であった所で	
6-02321	14250.1	대사	1	突然行き止まりとなっていたしかし、もしそれ相応の	
6-02322	14250.2	대사	1	道具さえ持っていれば、 先へ掘り進むことは	
6-02323	14253.0	대사	1	それほど難しいことでは ないようであった・・・	
6-02324	14260.0	대사	1	このあたりは、まるで誰かがなんらかの理由で、	
6-02325	14260.1	대사	1	のみかなにかで岩の中を くり抜こうとしたかのように	
6-02326	14260.2	대사	1	掘り返されていた。 さらに詳しく調べてみると、	
6-02327	14260.3	대사	1	微かに空気が流れているのが感じられる。	
6-02328	14260.4	대사	1	岩の向こう側にもトンネルが	
6-02329	14260.5	대사	1	あるのかもしれない。	
6-02330	14270.0	대사	1	矢が雨のように 降り注いできた！	
6-02331	14275.0	대사	1	毒ガスが顔のまん前で 炸裂した！	
6-02332	14280.0	대사	1	横に飛び退いて 避けようとしたその瞬間、	
6-02333	14280.1	대사	1	転がる岩が壁に激突した！	
6-02334	14290.0	대사	1	背後から、すさまじく 巨大な岩の球が	
6-02335	14290.1	대사	1	坂道を転がって、勢いを 増しながら	
6-02336	14290.2	대사	1	こちらに向かってきた！	
6-02337	14290.3	대사	1	皆、通路の端に向かって 一目散に走り出した！	
6-02338	14300.0	대사	1	箱はペッタリくっついて 動かない！	
6-02339	14310.1	대사	1	像を取る	
6-02340	14310.2	대사	2	像をそのままにしておく	
6-02341	14315.0	대사	2	小間の中に、 陶土作りの小像が、	
6-02342	14315.1	대사	2	乾燥した花ビラ、 骨、ビーズ玉に	
6-02343	14315.2	대사	2	囲まれるようにして 安置されていた。	
6-02344	14320.1	대사	1	砂袋を像に投げつける	
6-02345	14320.2	대사	1	砂袋を像とすり替える	
6-02346	14330.0	대사	1	砂袋が像に当り、	
6-02347	14330.1	대사	1	像は床に揺れ落ちた！	
6-02348	14330.2	대사	2	像をさっとかすめ取った！	
6-02349	14335.0	대사	1	慎重に、素早く像を かすめ取りながら、	
6-02350	14335.1	대사	1	代わりに砂袋を置いた。 その取り替えは、	
6-02351	14335.2	대사	1	周りの花ビラが微動だに しないほどスムーズであった。	
6-02352	14340.0	대사	1	袋と像をすり替えようという試みは、	
6-02353	14340.1	대사	1	不器用さのおかげで 見事失敗し、	
6-02354	14340.2	대사	1	像は床に 揺れ落ちてしまった！	
6-02355	14350.0	대사	1	像をかすめ取った！	
6-02356	14360.0	대사	1	トンネルには砂が 一杯詰まっており、	
6-02357	14360.1	대사	1	それ以上先へは 進めそうになかった	
6-02358	14370.0	대사	1	この部屋は埋葬のための部屋のようで、	
6-02359	14370.1	대사	1	壁の土を直接掘って作られたくぼみには、	
6-02360	14372.0	대사	1	包帯を巻かれたミイラが 横たえられていた。	
6-02361	14372.1	대사	1	地面はむき出しの土と陶土で	
6-02362	14372.2	대사	1	壊れた陶器の破片が部屋中に散らばっていた。	
6-02363	14380.0	대사	1	壁には薄れかけた壁画が 描かれていた。	
6-02364	14380.1	대사	1	それは日常生活の 記録のようで、褐色の人々が	
6-02365	14380.2	대사	1	穀物を刈り取ったり、 水浴びをしたり、	
6-02366	14380.3	대사	1	衣裳を付けて踊っている様子が描かれていた。	
6-02367	14390.0	대사	1	壁は土でできていて、 奇妙な文様に	
6-02368	14390.1	대사	1	掘られた陶土の固まりで 築かれていた。	
6-02369	14390.2	대사	1	さっと見回した限りでは、 壁はすべて	
6-02370	14390.3	대사	1	同じようなスタイルで 作られており、なにやら	
6-02371	14390.4	대사	1	王宮か神聖な場所のような 雰囲気を作り上げていた。	
6-02372	14400.0	대사	1	外へ出てみると、 そこは巨大なピラミッドの	
6-02373	14400.1	대사	1	縁であった。 そこは山の上に据えられ、	
6-02374	14400.2	대사	1	周りからはジャングルで 遮断された	
6-02375	14400.3	대사	1	寺院となっていた。	
6-02376	14410.0	대사	1	空の袋に砂を詰めた。	
6-02377	14420.0	대사	1	門のてっぺんについている 丸い紋章には、	
6-02378	14420.1	대사	1	奇妙な動物の頭の図案が 刻み込まれていた。	
6-02379	14420.2	대사	1	とはいえ、その顔には 見覚えがあるようにも	
6-02380	14420.3	대사	1	思えた・・・	
6-02381	14430.0	대사	1	紋章の前で像を振ってみた	
6-02382	14450.0	대사	1	藁を編んで作られた玉座に、険しい表情で	
6-02383	14450.1	대사	1	警戒心もあらわな少女が 腰をかけていた。	
6-02384	14450.2	대사	1	彼女は凝った頭飾りを付け、小さな骨と	
6-02385	14450.3	대사	1	ビーズ玉でできた ネックレスをいくつも	
6-02386	14450.4	대사	1	首に巻いている。 そのすぐ横では、	
6-02387	14450.5	대사	1	数名の女戦士が大きな扇で	
6-02388	14450.6	대사	1	彼女をあおいでいた。 そして、	
6-02389	14450.7	대사	1	大きな気味の悪い仮面を 付けた	
6-02390	14450.8	대사	1	別の女が、 彼女の右後ろから	
6-02391	14450.9	대사	1	こちらをじっと	
6-02392	14450.10	대사	1	見つめていた。	
6-02393	14450.11	대사	1	「わたしは アマズール族の女王！」	
6-02394	14450.12	대사	1	「われらの聖地に 来たのは誰だ？」	
6-02395	14515.0	대사	1	{01}いいえ/\nはい/	
6-02396	14515.1	대사	2	なぜこの寺院へ来た？	
6-02397	14520.0	대사	1	ならば、いけにえとなれ！	
6-02398	14530.2	대사	1	供物を持って来たか？	
6-02399	14535.0	대사	1	贈物をわたしの前に置け！	
6-02400	14540.0	대사	1	{04}いいえ/{07}はい/	
6-02401	14540.2	대사	1	謝罪するか？	
6-02402	14545.0	대사	1	謝罪を受け入れよう！	
6-02403	14545.1	대사	1	そして、わたしが許しを 与えたしるしに、	
6-02404	14545.2	대사	1	お前の寄付、３０００ＧＰも受け入れよう！	
6-02405	14550.0	대사	1	わたしは謝罪と 贈物を要求する！	
6-02406	14555.0	대사	1	マウムームーは、 今宵いけにえを 求めておいでだ！	
6-02407	14560.0	대사	1	{04}いいえ/{08}はい/	
6-02408	14560.2	대사	1	３０００ＧＰの 寄付をするか？	
6-02409	14570.0	대사	1	（女王は後ろを振り向いて	
6-02410	14570.1	대사	1	仮面の女にささやいた）	
6-02411	14570.2	대사	1	言った通りだろ？	
6-02412	14570.3	대사	1	根性なしだって わかってたのさ！	
6-02413	14580.0	대사	1	ムムムム・・・	
6-02414	14580.1	대사	1	ヨイ、ヨイ	
6-02415	14580.2	대사	1	オオオ、なんと美しい！	
6-02416	14580.3	대사	1	アァーー、 それにこれを見ろ！	
6-02417	14580.4	대사	1	おや！	
6-02418	14580.5	대사	1	ちょっと待て！	
6-02419	14580.6	대사	1	これはただの安物では ないか！	
6-02420	14580.7	대사	1	わたしたちを だまそうとしたのか？！	
6-02421	14580.8	대사	1	侮辱しようというのだな！！	
6-02422	14590.0	대사	1	お前は謝罪を 受けるだけの金を 持っていない！！	
6-02423	14595.0	대사	1	{01}{01}いけにえ/イケニエ/	
6-02424	14700.0	대사	1	気味の悪い仮面の少女が	
6-02425	14700.1	대사	1	近付いてきてささやいた	
6-02426	14700.2	대사	1	！「シーーーッ！ 取りひきしない？」	
6-02427	14710.0	대사	1	あたし、あんたの味方だよ	
6-02428	14715.0	대사	1	熱くなってる奴には 気をつけて	
6-02429	14720.0	대사	1	{01}{01}じょうおう/ぱん/	
6-02430	14800.0	대사	1	前方には、 煙を吹き上げる噴火口が	
6-02431	14800.1	대사	1	待ち受けていた。 熱い石炭の層が	
6-02432	14800.2	대사	1	火山の縁まで橋のように 続いており、	
6-02433	14800.3	대사	1	ピラミッドから反対側へ渡る	
6-02434	14800.4	대사	1	唯一の道となっていた。	
6-02435	14810.0	대사	1	石炭の橋は、 熱く煮えたぎった	
6-02436	14810.1	대사	1	溶岩の上を渡って、 直接火山口まで	
6-02437	14810.2	대사	1	通じている。	
6-02438	14810.3	대사	1	溶岩の上に立つと、 火山から伝わる	
6-02439	14810.4	대사	1	地震が感じられた。それは、	
6-02440	14810.5	대사	1	まるで今にも噴火すると いわんばかりであった。	
6-02441	14810.6	대사	1	振動は次第次第に 激しくなっていった・・	
6-02442	14810.7	대사	1	足元の溶岩が 煮え立ち始めた！	
6-02443	14810.8	대사	1	突然、火山が噴火した！	
6-02444	14825.0	대사	1	「おまえが石を 取りに来たというなら」	
6-02445	14825.1	대사	1	「わしが成敗してくれよう」	
6-02446	14830.0	대사	1	シーーーーッ！！！	
6-02447	14830.1	대사	1	熱くなった石炭が 足に焼き付いた！	
6-02448	14835.0	대사	1	石炭は真っ赤になるほど 熱くなっていたが、	
6-02449	14835.1	대사	1	^足には熱さも痛みも 感じられなかった。	
6-02450	14900.0	대사	1	~{1F}角笛は水面の 遥か彼方にまで届く、	
6-02451	14900.1	대사	1	^印象的な音色で鳴り響いた。	
6-02452	14900.3	대사	1	そしてこだまも消え行き、	
6-02453	14900.4	대사	1	川一面は再び	
6-02454	14900.5	대사	1	静寂が支配した。	
6-02455	14900.6	대사	1	霧の向こうから、	
6-02456	14900.7	대사	1	暗い人影がゆっくりと現れた	
6-02457	14910.0	대사	1	細長い船の先頭に立ちながら	
6-02458	14910.1	대사	1	男はゆっくりと船を 岸辺に導いた。	
6-02459	14910.2	대사	1	「私はカロン。 遺灰の船頭をしている」	
6-02460	14920.2	대사	1	私に遺灰を持ってきたのか？	
6-02461	14925.0	대사	1	遺灰を渡しなさい・・・	
6-02462	14930.2	대사	1	川を渡りたいかね？	
6-02463	14940.0	대사	2	{06}いいえ/{07}はい/	
6-02464	14940.2	대사	1	渡し賃は５００ＧＰだ。 払うかね？	
6-02465	14950.0	대사	1	ここは死者の島だ・・・	
6-02466	14955.0	대사	1	これは亡者の島だ・・・	
6-02467	14955.1	대사	1	ここが終点だ・・・	
6-02468	14960.0	대사	1	川を渡るにはもっと金がいる	
6-02469	14965.0	대사	1	すまないが、 私はこれには触れない！	
6-02470	14965.1	대사	1	これはあなたたちが 戻したほうがよい・・・	
6-02471	14965.2	대사	1	ここに鍵がある。 死者の島に渡って、 この遺灰を	
6-02472	14965.3	대사	1	あるべきところに戻してくれいいね？	
6-02473	14970.0	대사	1	この遺灰の以前の 所有者たちは、	
6-02474	14970.1	대사	1	君達の行ないに対して 感謝を表すために、	
6-02475	14970.2	대사	1	私に力を与えてくれた・・・	
6-02476	14980.0	대사	1	５００ＧＰを、発見者の謝礼として受け取った。	
6-02477	14985.0	대사	1	彼は多くを送ってよこした	
6-02478	14985.1	대사	1	そして、お前もまた・・・	
6-02479	14985.2	대사	1	死はあまたの姿を持っている	
6-02480	14990.0	대사	1	床の上には、 数多くの奇妙なルーン文字や印で飾られた	
6-02481	14990.1	대사	1	円形の紋章が 彫り込まれていた。	
6-02482	14990.2	대사	1	その内側には、 枠に収められた墓が	
6-02483	14990.3	대사	1	ボートで水の向こうへ 運ばれる光景が	
6-02484	14990.4	대사	1	^描かれていた。	
6-02485	15000.1	대사	1	　　　　ミノスの島　　　　	
6-02486	15000.2	대사	1	　　　　亡者の地　　　　　	
6-02487	15010.0	대사	1	門の根元のあたりに	
6-02488	15011.0	대사	1	一冊の本と鍵が 一つ転がっていた。	
6-02489	15020.0	대사	1	くぼみの中に、 このミノスの島で 最期を迎えた	
6-02490	15020.1	대사	1	さまよえる魂の遺物である	
6-02491	15020.2	대사	1	骨のかけらが、山のように 積み上がっていた。	
6-02492	15030.0	대사	1	死したミノの悪霊が 巻き起こしたほこりが	
6-02493	15030.1	대사	1	おさまった後、亡霊のような表情が現れた。	
6-02494	15030.2	대사	1	このミノスの島の呪いに よって因われた者の	
6-02495	15030.3	대사	1	魂なのであろう・・・	
6-02496	15040.0	대사	1	幾千の子羊たちが屠殺された	
6-02497	15040.1	대사	1	わしがミノスの呪いから 死をもたらし、	
6-02498	15040.2	대사	1	空虚を作り出すために。 生きることを求めた者は、	
6-02499	15040.3	대사	1	皆死して平穏を得るのじゃ！	
6-02500	15100.0	대사	1	そなたはわしを 開放したのじゃ！	
6-02501	15100.1	대사	1	@何年もの間、 わしはこのミノスの島に 因われておった。	
6-02502	15100.2	대사	1	行ないではなく言葉によってもたらされた呪いのために	
6-02503	15100.3	대사	1	わしは言葉による殺人ゆえに呪われた。	
6-02504	15100.4	대사	1	言葉だけで人をあやめ、	
6-02505	15100.5	대사	1	言葉だけでその者を 死にいたらしめたのじゃ。	
6-02506	15100.6	대사	1	最初に私が『信じろ』と 言った途端、	
6-02507	15100.7	대사	1	まるで剣の刃を 見せたかのごとく、	
6-02508	15100.8	대사	1	その者の眼の光は 失せどんよりとなり、	
6-02509	15100.9	대사	1	心は機能を失い微笑みから 暖かみが消えた。	
6-02510	15100.10	대사	1	男の精神はいずこともなく さまよい、	
6-02511	15100.11	대사	1	長いこと新しきことを見、	
6-02512	15100.12	대사	1	知識をもて生きるものに 仕えていた若き瞳は	
6-02513	15100.13	대사	1	意味なく見開かれた。	
6-02514	15100.14	대사	1	わしが『真実』について 語った	
6-02515	15100.15	대사	1	まさにその日、 わし、すなわち	
6-02516	15100.16	대사	1	わしであった彼は死んだ。	
6-02517	15100.17	대사	1	そしてこの長き間、 生命の微かな残りかすが	
6-02518	15100.18	대사	1	憶えていたがために、 この消え行く思考のこだまも	
6-02519	15100.19	대사	1	またここに残った。	
6-02520	15100.20	대사	1	これはミノスの島の我が呪い	
6-02521	15100.21	대사	1	黒き水より響く 遠き声の教訓なり。	
6-02522	15100.22	대사	1	新しきものを見つめるもの、	
6-02523	15100.23	대사	1	汝に祝福あれ。災いは空虚、	
6-02524	15100.24	대사	1	すなわち見ることの あたわぬ老いぼれ、	
6-02525	15100.25	대사	1	『本当』といわねばならぬ者 に残してゆくがよい・・・	
6-02526	15100.26	대사	1	（そして亡霊はたち 消えていった）	
6-02527	15130.0	대사	1	ミノスの呪い	
6-02528	15131.0	대사	1	ミノスの島に住む者、 ミノスの呪いによって	
6-02529	15131.1	대사	1	滅び、悪霊の姿にて現れる。かの者、	
6-02530	15131.2	대사	1	他者の破滅が自らの開放の	
6-02531	15131.3	대사	1	鍵と教えられ、それがゆえに	
6-02532	15131.4	대사	1	かの地を訪れかの者と 戦う者が現れ、	
6-02533	15131.5	대사	1	かの者が勝利を収め	
6-02534	15131.6	대사	1	呪いより解き放たれる時が	
6-02535	15131.7	대사	1	訪れるのを永久に待つ。	
6-02536	15131.8	대사	1	しかるに、かの者は知らぬが	
6-02537	15131.9	대사	1	その自由、かの者の敵が	
6-02538	15131.10	대사	1	勝利を収める時にのみ 与えられる。	
6-02539	15131.11	대사	1	なぜなら、敵はかの者を	
6-02540	15131.12	대사	1	死にいたらしめた行ないに	
6-02541	15131.13	대사	1	苦悩するがゆえに破滅し、	
6-02542	15131.14	대사	1	それゆえかの者は	
6-02543	15131.15	대사	1	自由を得るのであるから	
6-02544	15150.1	대사	2	乗ってクランクを回す	
6-02545	15150.2	대사	2	放っておく	
6-02546	15160.0	대사	1	門の外の水面には、 大きな板で作られた	
6-02547	15160.1	대사	1	いかだが浮かんでいた。 そして、	
6-02548	15160.2	대사	1	頑丈そうな鋼鉄製のケーブルが壁から伸びて、	
6-02549	15160.3	대사	1	いかだのクランク付き 巻き上げ機に	
6-02550	15160.4	대사	1	つながっていた。	
6-02551	15170.0	대사	1	いかだに乗り、ケーブルを 引き出すように	
6-02552	15170.1	대사	1	クランクを回すと、 いかだはゆっくりと	
6-02553	15170.2	대사	1	下流に向かって動き始めた	
6-02554	15175.0	대사	1	いかだに乗り、ケーブルを 巻き上げるように	
6-02555	15175.1	대사	1	クランクを回すと、 いかだは流れに逆らって	
6-02556	15175.2	대사	1	上流に動き始めた・・・	
6-02557	15190.0	대사	1	水面にはいかだが 浮かんでいた。	
6-02558	15190.1	대사	1	いかだのクランク付き 巻き上げ機には	
6-02559	15190.2	대사	1	長い鋼鉄製のケーブルが つながっていた。	
6-02560	15210.1	대사	1	　　サイレンの入り江　　　	
6-02561	15210.3	대사	1	　　船乗りは警戒せよ！　　	
6-02562	15210.5	대사	1	入り江はとても静かで	
6-02563	15210.6	대사	1	誰もいないようであった・・	
6-02564	15210.7	대사	1	突然、何者かに周りを 囲まれた！	
6-02565	15300.0	대사	1	水底の奥深くから、 水しぶきと共に 怒涛のように	
6-02566	15300.1	대사	1	数多くの肉体が せりあがってきた。 一部は女性で、	
6-02567	15300.2	대사	1	残りは魚という姿態を持ったその生き物は、まるで	
6-02568	15300.3	대사	1	生まれてこのかたずっと 海の中で暮らしてきた かのごとく、	
6-02569	15304.0	대사	1	自由自在に、そして優雅に 水の中を動き回った。	
6-02570	15304.1	대사	1	いかだのたどり着いた岩は、彼女たちに	
6-02571	15304.2	대사	1	完全に取り囲まれて しまった。	
6-02572	15304.3	대사	1	彼女たちはしばらく	
6-02573	15304.4	대사	1	物音一つ立てなかったが、 水の音が静まると	
6-02574	15304.5	대사	1	たおやかに忘れ難い声色で 歌い始めた・・・	
6-02575	15304.6	대사	2	我等はサイレン	
6-02576	15304.7	대사	2	海の姉妹	
6-02577	15304.8	대사	2	我等歌う哀しみの歌	
6-02578	15304.9	대사	2	そよ風を越えて	
6-02579	15304.10	대사	2	たとえ心に愛ありとても	
6-02580	15304.11	대사	2	我等を解き放つは狂気	
6-02581	15304.12	대사	2	悪夢へ誘わん男たちを	
6-02582	15304.13	대사	2	その優しき祈り聞かせて	
6-02583	15304.14	대사	2	逃れる者は唯一	
6-02584	15304.15	대사	2	サイレンの哀歌を知る者	
6-02585	15304.16	대사	2	恐ろしき時	
6-02586	15304.17	대사	2	我等ののどより踊り出る	
6-02587	15304.18	대사	2	死の定めから逃れん	
6-02588	15304.19	대사	2	我等を舞い上がらせるは狂気	
6-02589	15304.20	대사	1	いざ！サイレン生ける者を 誘わん	
6-02590	15304.21	대사	2	海の上なる死へ・・・	
6-02591	15304.22	대사	1	そこでサイレンたちは、 無敵を誇る	
6-02592	15304.23	대사	1	船乗りたちを震え上がらせ、船の竜骨をも	
6-02593	15304.24	대사	1	きしませる、 恐ろしい不協和音の ハーモニーで	
6-02594	15304.25	대사	1	泣き叫び始めた。 そしてそれにかぶさるように	
6-02595	15304.26	대사	1	一つの声が高らかに叫んだ	
6-02596	15304.27	대사	1	姉妹たちよ、我等は何者？	
6-02597	15304.28	대사	1	続いて、大勢の声が応えた	
6-02598	15304.29	대사	1	我等はサイレン！	
6-02599	15304.30	대사	1	再び、一つの声が問う	
6-02600	15304.31	대사	1	我等なにゆえ歌う？	
6-02601	15304.32	대사	1	泣き叫ぶ声が応える	
6-02602	15304.33	대사	1	我等狂気ゆえ	
6-02603	15304.34	대사	1	歌はさらに高まり、	
6-02604	15304.35	대사	1	一つの声はそれに応えた	
6-02605	15304.36	대사	1	姉妹たちよ、我等何を歌う？	
6-02606	15304.37	대사	1	コーラスが続く	
6-02607	15304.38	대사	1	サイレンの哀歌！	
6-02608	15304.39	대사	1	歌は熱狂的に たかまっていった。	
6-02609	15304.40	대사	1	と、突然、彼女たちの一人がこちらを向き	
6-02610	15304.41	대사	1	叫んだ・・・	
6-02611	15350.0	대사	1	{01}我等を舞い上がらせるは狂気/{02}我等を解き放つは狂気/{01}我等を解き放つは死/	
6-02612	15350.2	대사	1	では、サイレンの哀歌 とはなに？	
6-02613	15360.0	대사	1	おお、高貴なる旅人よ！	
6-02614	15360.1	대사	1	我等の哀歌を 御存知であったか！	
6-02615	15360.2	대사	1	あなたがたは自ら選んだ道でもう一度自由に戻ることが	
6-02616	15360.3	대사	1	できよう。しかし、 お忘れ召されるな。 サイレンは	
6-02617	15364.0	대사	1	常に旅人を狂気へ 誘い続けねばならない ということを。	
6-02618	15364.1	대사	1	なぜなら狂気だけが彼女たちを解き放つのだから。	
6-02619	15364.2	대사	1	生けるものは水を 恐れるがよい！	
6-02620	15364.3	대사	1	とはいえ、あなたがたは 我等の歌を聞き	
6-02621	15364.4	대사	1	いまだに死を迎えてはいないそれゆえ、	
6-02622	15364.5	대사	1	我等はあなたがたの旅を 助けることにしよう・・・	
6-02623	15380.0	대사	1	我等の贈物、この魔法の翼を	
6-02624	15380.1	대사	1	お受け取りなさい。 川を旅するときに	
6-02625	15380.2	대사	1	役立ちましょう。 生けるものの	
6-02626	15380.3	대사	1	足は水の上では 役立ちませんから。	
6-02627	15380.4	대사	1	さぁ、我等は 行かねばなりません。	
6-02628	15380.5	대사	1	すぐに狂気が我等を解き放ち	
6-02629	15380.6	대사	1	今起きたことは 忘れ去られるでしょう。	
6-02630	15380.7	대사	1	我等が求める自由とは、 過去から解き放たれること。	
6-02631	15380.8	대사	1	我等を縛り哀しませることは すべて過去にあり、	
6-02632	15380.9	대사	1	それゆえ我等は歌い、忘れ、解き放たれるのです。	
6-02633	15380.10	대사	1	我等を解き放つもの、	
6-02634	15380.11	대사	1	それは記憶をなくすという 狂気なのです・・・	
6-02635	15380.12	대사	1	（そしてサイレンは静かに	
6-02636	15380.13	대사	1	水底に消え去っていった。	
6-02637	15380.14	대사	1	まるで何事も 起きなかったかのように）	
6-02638	15400.0	대사	1	ああ、哀れな旅人よ！	
6-02639	15400.1	대사	1	あなたがたは破滅した！	
6-02640	15400.2	대사	1	我等の狂気の歌を 味わうがよい！	
6-02641	15440.0	대사	1	壁の注意書きには こう書いてあった。	
6-02642	15440.1	대사	1	海にて行方不明	
6-02643	15440.2	대사	1	Ｄ・Ｊ・ロッカー	
6-02644	15440.3	대사	1	赤いＸ　東３北１	
6-02645	15450.1	대사	1	忘れものの島	
6-02646	15450.2	대사	1	捜索と発見	
6-02647	15450.4	대사	1	島の岸辺は砂に被われ	
6-02648	15450.5	대사	1	海水が打ち寄せていた・・・	
6-02649	15460.1	대사	1	＊ビンの神託所＊	
6-02650	15470.0	대사	1	古い栓がしてあるビンが	
6-02651	15470.1	대사	1	岸辺の砂の上に 転がっていた・・・	
6-02652	15480.0	대사	1	ビンの栓を開けると、中から	
6-02653	15480.1	대사	1	次のように書かれた紙が 出てきた。	
6-02654	15485.0	대사	1	ビンの神託所 御中	
6-02655	15485.1	대사	1	預かりの島での引換番号を 忘れて	
6-02656	15485.2	대사	1	しまいました。 御存知ありませんか？	
6-02657	15485.3	대사	1	愚か者より	
6-02658	15490.0	대사	1	ビンには水が入り込み	
6-02659	15490.1	대사	1	どんどん沈んで 行くだけだった・・・	
6-02660	15500.0	대사	1	ビンを水に浮かべると	
6-02661	15501.0	대사	1	ただよって いってしまった・・・	
6-02662	15510.0	대사	1	砂を掘り返してゆくと	
6-02663	15510.1	대사	1	古い金属の鍵が出てきた。	
6-02664	15520.0	대사	1	箱には、かなり昔に 捨てられた	
6-02665	15520.1	대사	1	なにかの用具が 詰まっていた。	
6-02666	15530.0	대사	1	なにかに引っかかった！	
6-02667	15530.1	대사	1	かなり重そうだ！	
6-02668	15530.2	대사	1	どうにかこうにか 水中から引き上げた	
6-02669	15530.3	대사	1	その重いロッカーは、	
6-02670	15530.4	대사	1	さびだらけになっていた。	
6-02671	15540.0	대사	1	大きな赤い”Ｘ”が	
6-02672	15540.1	대사	1	なにか特別な印のように	
6-02673	15540.2	대사	1	岩の表面に記されていた	
6-02674	15550.0	대사	1	サイレンの歌	
6-02675	15550.15	대사	1	いざ！ サイレン生ける者を誘わん	
6-02676	15550.17	대사	1	ソロ：姉妹たちよ、 我等は何者？	
6-02677	15550.18	대사	1	コーラス：我等はサイレン！	
6-02678	15550.19	대사	1	ソロ：我等なにゆえ歌う？	
6-02679	15550.20	대사	1	コーラス：我等狂気ゆえ	
6-02680	15550.21	대사	1	ソロ：姉妹たちよ、 我等何を歌う？	
6-02681	15550.22	대사	1	コーラス：サイレンの哀歌！	
6-02682	15550.23	대사	1	ソロ：では、サイレンの 哀歌とはなに？	
6-02683	15550.24	대사	1	コーラス： 我等を解き放つ狂気！	
6-02684	15580.1	대사	1	　　　　死者の川　　　　　	
6-02685	15590.0	대사	1	外の空気には水の香りが	
6-02686	15590.1	대사	1	感じられた。どうも近くに	
6-02687	15590.2	대사	1	湖か何かがあるようだ。	
6-02688	15590.3	대사	1	と、今いる岩の絶壁を 取り囲み、	
6-02689	15590.4	대사	1	曲がりくねりながら すべての方向、	
6-02690	15590.5	대사	1	眼が届く限り遠く、 遥か彼方の	
6-02691	15590.6	대사	1	洞窟まで続き、 霧の中に消え去る	
6-02692	15590.7	대사	1	それが眼に入った。	
6-02693	15600.1	대사	1	　　　　死者の島　　　　　	
6-02694	15610.0	대사	1	奇怪な納骨堂の中は、 なにやら不気味な	
6-02695	15610.1	대사	1	気配が漂っていた。 もしかすると、	
6-02696	15610.2	대사	1	それは差し迫る危機の最初の兆候かもしれなかったが、	
6-02697	15613.0	대사	1	単にあまりにも数多くの死人に囲まれているという	
6-02698	15613.1	대사	1	事実に圧倒されただけかも しれなかった・・・・	
6-02699	15620.1	대사	1	　　　　預かりの島　　　　	
6-02700	15630.0	대사	1	美しい南洋系の美女が	
6-02701	15630.1	대사	1	小さな建物からあらわれて こう言った。	
6-02702	15630.2	대사	1	「預かりの島へようこそ！」	
6-02703	15630.3	대사	1	大変申し訳ございませんが、	
6-02704	15630.4	대사	1	ただいま倉庫は一杯で ございます・・・	
6-02705	15630.5	대사	1	しばらくしてからもう一度 お越しください！	
6-02706	15640.0	대사	1	お荷物のお引き取りですか？	
6-02707	15640.1	대사	1	ああ、それは大変助かります	
6-02708	15640.2	대사	1	倉庫が一杯だったんです！	
6-02709	15650.2	대사	1	引換番号は何番ですか？	
6-02710	15660.0	대사	1	申し訳ございませんが、 引換番号がおわかりに	
6-02711	15660.1	대사	1	ならないとお荷物は お返しできません。	
6-02712	15660.2	대사	1	防犯措置ですのでよろしく お願い申し上げます。	
6-02713	15665.0	대사	1	{01}{01}ボーク/ぼーく/	
6-02714	15670.0	대사	1	はいはい、わかりました	
6-02715	15670.1	대사	1	調べて参りますので、 しばらくお待ちください	
6-02716	15670.2	대사	1	イヤーーーァ！	
6-02717	15670.3	대사	1	助けて！助けてーーー！	
6-02718	15670.4	대사	1	突然、その南洋美女は 叫びながら	
6-02719	15670.5	대사	1	建物から走り出て、 そのまま川の中に	
6-02720	15670.6	대사	1	飛び込んで、あっと言う間に	
6-02721	15670.7	대사	1	泳ぎ去ってしまった・・・	
6-02722	15685.0	대사	1	またのお越しを お待ちしております！	
6-02723	15690.0	대사	1	建物の中に入った・・・	
6-02724	15690.1	대사	1	と、中は目茶苦茶に なっていた・・・	
6-02725	15690.2	대사	1	そして、身の丈６０センチ ほどのこびとが	
6-02726	15690.3	대사	1	走り回っているのが 眼に入った・・・	
6-02727	15690.4	대사	1	ボークが大暴れしながら こっちに来るぞー！	
6-02728	15700.0	대사	1	小さな地下の霊廟には、 かびと	
6-02729	15700.1	대사	1	発酵したなにかの臭いが 充満していた。	
6-02730	15700.2	대사	1	おそらく、腐りかけた 死体の臭いも	
6-02731	15700.3	대사	1	混ざっているのだろう。 この部屋には、	
6-02732	15700.4	대사	1	長いこと誰も入り込んだことがないようであった・・・	
6-02733	15710.0	대사	1	部屋の中には、 死者の想い出を	
6-02734	15710.1	대사	1	刻んだ墓石が列を なしていた。	
6-02735	15712.0	대사	1	亡者の島などと 呼ばれているところに	
6-02736	15712.1	대사	1	このようなものがあるのは、なにか少し	
6-02737	15712.2	대사	1	そぐわないようにも思えた	
6-02738	15720.3	대사	1	働いて、働いて	
6-02739	15720.4	대사	1	一文も得られず	
6-02740	15730.3	대사	1	彼女の王子様を待ち	
6-02741	15730.4	대사	1	いまだに待ちぼうけ	
6-02742	15740.3	대사	1	立ち止まることはなく	
6-02743	15740.4	대사	1	果たされることもなく	
6-02744	15750.3	대사	1	皆に微笑を与え	
6-02745	15750.4	대사	1	自らは酒に死す	
6-02746	15760.3	대사	1	熱情を求めて	
6-02747	15760.4	대사	1	熱病に倒れる	
6-02748	15770.3	대사	1	あくなきこと乞い求め	
6-02749	15770.4	대사	1	皆からうとまれる	
6-02750	15780.3	대사	1	敬愛されるあまり	
6-02751	15780.4	대사	1	２３７回射抜かれた	
6-02752	15790.3	대사	1	あまりに人気者でありすぎて	
6-02753	15790.4	대사	1	ついには飽きられてしまった	
6-02754	15800.3	대사	1	誰も必要とせず	
6-02755	15800.4	대사	1	誰も得られず	
6-02756	15810.3	대사	1	理由持つ戦士	
6-02757	15810.4	대사	1	子供ばかりをあやめる	
6-02758	15820.3	대사	1	訳ありて死す	
6-02759	15820.4	대사	1	多くの者を殺したがゆえに	
6-02760	15830.3	대사	1	何事も恐れず	
6-02761	15830.4	대사	1	ビュイックにひかれる	
6-02762	15840.3	대사	1	そのすべての脳細胞に	
6-02763	15840.4	대사	1	いまだ飽くことを知らず	
6-02764	15850.3	대사	1	誰もわかってくれないと叫び	
6-02765	15850.4	대사	1	皆に視力を奪われる	
6-02766	15900.0	대사	1	骨の平穏を乱してしまった！	
6-02767	15950.0	대사	1	そこは城の東、	
6-02768	15950.1	대사	1	奇妙な沼が広がる地であった	
6-02769	15950.2	대사	1	その湿原の木々の間には	
6-02770	15950.3	대사	1	小道が張り巡らされ、 歩き回ることが	
6-02771	15954.0	대사	1	できるようになっていた。	
6-02772	15960.0	대사	1	霧の向こう遥か彼方に、	
6-02773	15960.1	대사	1	かすかに城のシルエットを 見分けることができた。	
6-02774	15960.2	대사	1	それはまるで木々の上に	
6-02775	15960.3	대사	1	そびえ建っているかの ようであった・・・	
6-02776	15970.0	대사	1	湿った地面には微かに小さな	
6-02777	15970.1	대사	1	足跡がついていた。 それは跳ね回る	
6-02778	15970.2	대사	1	小さな生き物の足跡のようで	
6-02779	15970.3	대사	1	近くの薮の中へ続いていた	
6-02780	16000.0	대사	1	見たこともないような 奇妙な光景が	
6-02781	16000.1	대사	1	目の前に展開していた。 たくさんの腕と脚を持った	
6-02782	16000.2	대사	1	尋常ならざる姿の男が、 沼の端に生えている	
6-02783	16000.3	대사	1	キノコのてっぺんに 座っていたのである。	
6-02784	16000.4	대사	1	男は神経質で 興奮しやすそうな 感じであった。	
6-02785	16010.0	대사	1	香りのきついキノコの上に 腰掛けた	
6-02786	16010.1	대사	1	巨大な虫のような姿の男は、ペンを使って	
6-02787	16010.2	대사	1	なにやら複雑な数式 らしきものを	
6-02788	16010.3	대사	1	忙しげに紙に 書き付けていた。	
6-02789	16020.0	대사	1	と、突然こちらの存在に 気づいた男は、	
6-02790	16020.1	대사	1	驚いて小さく鼻をならし	
6-02791	16020.2	대사	1	紙を取り落とした。	
6-02792	16020.3	대사	1	うむ・・・	
6-02793	16020.4	대사	1	なんということだ！	
6-02794	16020.5	대사	1	彼の小さな瞳は鼻の上で	
6-02795	16020.6	대사	1	大きく見開かれ、 しばらくこちらを	
6-02796	16020.7	대사	1	じっと見つめた後についに	
6-02797	16020.8	대사	1	口を開いた。	
6-02798	16030.2	대사	1	タバコはやらんのだろ？ え、どうかね？	
6-02799	16040.0	대사	1	みつけた？ みつけてくれたのか？！	
6-02800	16050.0	대사	1	まったく・・・ お話するのもお恥ずかしいが	
6-02801	16050.1	대사	2	わしは大事な水ギセルを どこかに置いてきて、	
6-02802	16050.2	대사	1	それがどこだか 憶えていないのじゃよ・・・	
6-02803	16050.3	대사	2	見てのとおり、わしは今、	
6-02804	16050.4	대사	2	問題の水ギセルの最後に 確認されている	
6-02805	16050.5	대사	2	物理的座標と、わし自身の 正確な時間的、	
6-02806	16050.6	대사	2	空間的位置に関して再計算をしておる。	
6-02807	16050.7	대사	2	そうすることによって、 この宇宙のどこに	
6-02808	16050.8	대사	2	キセルがあるのかを 突き止めようと	
6-02809	16050.9	대사	2	しておるのじゃ。	
6-02810	16070.0	대사	1	去年の夏、島の方に 休暇を取りに行ったときに	
6-02811	16070.1	대사	1	持って行ったのまでは 憶えておるのじゃ。	
6-02812	16070.2	대사	1	そこでどこかに預けた憶えもあるのじゃが、	
6-02813	16073.0	대사	1	一体それがどこだったか・・	
6-02814	16073.1	대사	1	手がかりになるものは たった一つ、	
6-02815	16073.2	대사	1	わしのポケットに入っていた小さな紙切れだけじゃ。	
6-02816	16073.3	대사	1	それにはこう書いてあったが	
6-02817	16073.4	대사	1	「お荷物のお引き取りを	
6-02818	16073.5	대사	1	ご希望の場合、担当のものに	
6-02819	16073.6	대사	1	ご連絡下さい」	
6-02820	16090.0	대사	1	引換番号？	
6-02821	16090.1	대사	1	引換番号！！？	
6-02822	16090.2	대사	1	おぉなんということだ！	
6-02823	16090.3	대사	1	あの数字はそういう意味を 持っておったのか！	
6-02824	16090.4	대사	1	どおりで、我が水星が 水瓶座の上で	
6-02825	16090.5	대사	1	金星と衝突すると 予言されるわけじゃ！	
6-02826	16090.6	대사	1	しかし、それがなんであったのかを教えてもらっても、	
6-02827	16090.7	대사	1	わしはその数字をまったく 憶えておらんのじゃ・・・	
6-02828	16090.8	대사	1	どうもこれは・・・	
6-02829	16090.9	대사	1	ビンの神託所の 出番のようじゃな！	
6-02830	16110.0	대사	1	ビンの神託所は実に 簡単な仕組みになっとる。	
6-02831	16110.1	대사	1	問いたいことを紙に書いて ビンに詰め、	
6-02832	16110.2	대사	1	そのビンを 『ビンの神託所』と	
6-02833	16110.3	대사	1	書いてあるところから川に 流せばよいのじゃ。	
6-02834	16110.4	대사	1	後はそのビンを捜し出せば、	
6-02835	16110.5	대사	1	まるで魔法のように、答えが	
6-02836	16110.6	대사	1	中に記されている というわけじゃ。	
6-02837	16120.0	대사	1	素晴らしいじゃないか、エ？	
6-02838	16120.1	대사	1	どうしてもっと早く 思い付かなかったのか！	
6-02839	16120.2	대사	1	（いも虫は何かを紙に 書き付けて	
6-02840	16120.3	대사	1	それをこちらに渡した）	
6-02841	16125.0	대사	1	このメモをビンの中に 入れて栓をして	
6-02842	16125.1	대사	1	ビンの神託所に 委せてくるのじゃ。	
6-02843	16125.2	대사	1	答えはもうすぐわかるぞ！	
6-02844	16130.0	대사	1	あァ、タバコが 吸いたいのぉ！	
6-02845	16135.0	대사	1	また会おう	
6-02846	16140.0	대사	1	ウムムムム・・・	
6-02847	16140.1	대사	3	（スパスパ）	
6-02848	16140.2	대사	1	アァーーーッウ！	
6-02849	16140.4	대사	1	いや、たまらん・・・	
6-02850	16140.6	대사	1	イーーーャ！	
6-02851	16140.7	대사	1	（スパスパ＊ゼイゼイ＊）	
6-02852	16140.8	대사	1	ゴホン！ゴホン！	
6-02853	16140.9	대사	1	（ゴフ！エヘン！ゴホン！）	
6-02854	16140.10	대사	1	もう少し軽いヤツの方が いいかもしれん・・・	
6-02855	16140.11	대사	1	＊ハーハーハー＊	
6-02856	16140.12	대사	1	これはホントに軽いヤツだ	
6-02857	16160.2	대사	1	『ちっこくなる』ヤツを やってみんかね？	
6-02858	16165.0	대사	1	気が変わったらこいつを 試してみたまえ。	
6-02859	16170.0	대사	1	なら、いつかこいつを 試してみたまえ！	
6-02860	16180.0	대사	1	さて、それでは失礼して、	
6-02861	16180.1	대사	1	わしは（ハーハー） お気に入りの木陰まで這って	
6-02862	16180.2	대사	1	わしのパイプと もう一度親交を	
6-02863	16180.3	대사	1	深めて来るとしよう （ハーハー、ウウ、ゴホン）	
6-02864	16190.0	대사	1	{01}{01}たばこ/きせる/	
6-02865	16200.0	대사	1	まったく・・・ お話するのも お恥ずかしいが、	
6-02866	16200.2	대사	1	それがどこだか憶えていないのじゃよ・・・	
6-02867	16300.1	대사	1	失われた戦士	
6-02868	16300.3	대사	1	その想い出に	
6-02869	16300.4	대사	1	彼、家路をみいださんことを	
6-02870	16310.0	대사	1	祭壇の上には 黒い骨壷が置かれ、 いくつかの	
6-02871	16310.1	대사	1	遺灰の山が安置されていた。	
6-02872	16310.2	대사	1	その遺灰は 心地よい香りを漂わせ、	
6-02873	16310.3	대사	1	暗く陰鬱な墓地の雰囲気を	
6-02874	16310.4	대사	1	和らげていた。	
6-02875	16320.0	대사	1	近くのろうそくの炎に お香をふりかけると、	
6-02876	16320.1	대사	1	甘い煙りの香りが漂い出て、	
6-02877	16320.2	대사	1	ゆっくりと骨壷の方へ	
6-02878	16320.3	대사	1	舞い降りていった。	
6-02879	16320.4	대사	1	と、あたりの雰囲気は、 まるで	
6-02880	16320.5	대사	1	やすまることがなかった魂がつかの間の平穏を	
6-02881	16320.6	대사	1	得たかのように穏やかに なった。	
6-02882	16330.0	대사	1	小さな遺灰の入った壷を	
6-02883	16330.1	대사	1	祭壇に置いた。	
6-02884	16340.1	대사	1	死者の殿堂	
6-02885	16350.0	대사	1	なにか 聞こえたような気がする・・・・	
6-02886	16360.0	대사	1	微かな、声のような音が・・	
6-02887	16360.1	대사	1	「たちさぁれぇぇぇぇ・・」	
6-02888	16360.2	대사	1	「おまえのせかいに かえれぇぇぇ・・・」	
6-02889	16365.0	대사	1	不浄なるものに死を！	
6-02890	16370.0	대사	1	愚かな侵入者め！	
6-02891	16375.0	대사	1	ほう、わたしをみつけたと いうのかね？	
6-02892	16375.1	대사	1	お前のために我等は やって来たのだよ！	
6-02893	16380.0	대사	1	天井から巨大な岩が 落ちてきた！	
6-02894	16385.0	대사	1	不気味な光が全員に 降り注いだ・・・	
6-02895	16390.0	대사	1	悪魔の風が通路を吹抜けた！	
6-02896	16400.3	대사	1	第一の守護者	
6-02897	16410.3	대사	1	第二の守護者	
6-02898	16420.3	대사	1	第三の守護者	
6-02899	16430.3	대사	1	第四の守護者	
6-02900	16440.0	대사	1	暗き夜に	
6-02901	16440.1	대사	1	死は訪れ	
6-02902	16440.2	대사	1	汝のミノス	
6-02903	16440.3	대사	1	生をえん！	
6-02904	16440.4	대사	1	そして骨から蘇った肉体が しゃべった	
6-02905	16440.5	대사	1	「ご主人様、お呼びにより 参上いたしました！」	
6-02906	16450.0	대사	1	その地下の墓地を 埋め尽くしているのが冷たく	
6-02907	16450.1	대사	1	青白いガイコツの山なのか、それとも何か	
6-02908	16450.2	대사	1	別の、身の毛がよだつような恐怖なのかは	
6-02909	16450.3	대사	1	わからなかった。しかし、 一つだけ	
6-02910	16450.4	대사	1	確かなことがあった・・・	
6-02911	16450.5	대사	1	今いるところは壮大な 危険の程近くで、	
6-02912	16450.6	대사	1	それ以上に、なにか邪悪な、なんらかの	
6-02913	16450.7	대사	1	解答に近付いているという、間違いようのない	
6-02914	16450.8	대사	1	感覚がしたのである。	
6-02915	16450.9	대사	1	なにかすべての中心と なるものが・・・	
6-02916	16470.1	대사	1	王の塚	
6-02917	16470.2	대사	1	アラムの君主	
6-02918	16470.3	대사	1	享年・・・・	
6-02919	16480.1	대사	1	妃の塚	
6-02920	16480.2	대사	1	アラムの女神	
6-02921	16480.3	대사	1	享年 蛇の年	
6-02922	16490.1	대사	1	子の塚	
6-02923	16490.2	대사	1	アラムの娘	
6-02924	16490.3	대사	1	暗黒のプリンセス	
6-02925	16500.0	대사	1	部屋は使われておらず、 まるで来るはずの者が	
6-02926	16500.1	대사	1	まだやって来ていない かのように	
6-02927	16500.2	대사	1	まっさらであった。	
6-02928	16500.3	대사	1	微かに冷たい風が 吹抜けるのが	
6-02929	16500.4	대사	1	感じられた。 そしてその風がやむと、	
6-02930	16500.5	대사	1	そこになにものかが いるような	
6-02931	16500.6	대사	1	気配がした。	
6-02932	16500.7	대사	1	誰かおさがしかね？	
6-02933	16500.8	대사	1	自身に満ち、力強い声が	
6-02934	16500.9	대사	1	背後から響いた。慌てて	
6-02935	16500.10	대사	1	振り返ってみると・・・	
6-02936	16520.0	대사	1	そこには誰もいなかった・・・	
6-02937	16520.1	대사	1	と、なにかが“しなる” 音が響き、	
6-02938	16522.0	대사	1	今度は顔に冷たい風が	
6-02939	16522.1	대사	1	吹きかかってきた。	
6-02940	16522.2	대사	1	そして、ついにそれが 目に入った！	
6-02941	16600.0	대사	1	ガアアアーーールルルル！	
6-02942	16600.1	대사	1	復讐じゃぁー！	
6-02943	16600.2	대사	1	お前はわらわが 探しておった	
6-02944	16600.3	대사	1	者ではない・・・	
6-02945	16600.4	대사	1	お前はわらわが待ち受けて おった者じゃ！	
6-02946	16600.5	대사	1	これからここ、暗黒の城で 巻き起こった、	
6-02947	16600.6	대사	1	邪悪なる災いの物語を 聞かせよう。	
6-02948	16600.7	대사	1	お前の骨身を凍らせ、鼓動を	
6-02949	16600.8	대사	1	荒立てさせるような 物語となろう。	
6-02950	16600.9	대사	1	幾年も昔のこと、 この国は淫らではあるが	
6-02951	16600.10	대사	1	力強い領主によって 統治されておった。	
6-02952	16600.11	대사	1	神につかえた王の子孫の また子孫にあたる者じゃ	
6-02953	16600.12	대사	1	だが、この者は持って 生まれた	
6-02954	16600.13	대사	1	領土だけでは 満足しなかった。	
6-02955	16600.14	대사	1	その先祖の血が、再び無敵の	
6-02956	16600.15	대사	1	王たることを欲したのじゃ。	
6-02957	16600.16	대사	1	王を王たらしめるは 王冠ではなく、	
6-02958	16600.17	대사	1	力。支配する力を もって始めて	
6-02959	16600.18	대사	1	王は王たりえ、 持たざるものは その座を失う。	
6-02960	16600.19	대사	1	真の力は、支配する力を 持つことなり。	
6-02961	16600.20	대사	1	制御することあたわざる者はまたその力も失う・・・	
6-02962	16600.21	대사	1	それがゆえに、 彼もまた、支配、	
6-02963	16600.22	대사	1	そして制御することを学び、	
6-02964	16600.23	대사	1	さらに見いだしたことを 実際に用いた。	
6-02965	16600.24	대사	1	彼は、権威を ひけらかしている限り	
6-02966	16600.25	대사	1	およそ平凡なる者の 操作はたやすく、	
6-02967	16600.26	대사	1	神より授かった力を 誇示する限り、	
6-02968	16600.27	대사	1	他者は彼に媚びへつらい、 その支配を受け入れ、	
6-02969	16600.28	대사	1	彼の権威に異議を 申し立てることは	
6-02970	16600.29	대사	1	ないということを、 知ったのじゃ。	
6-02971	16600.30	대사	1	彼は城の北に 暗黒の寺院を建立し、	
6-02972	16600.31	대사	1	そのシンボルとして 雄羊の印を用いた。	
6-02973	16600.32	대사	1	すでにして弱き者、 臆病なる者から	
6-02974	16600.33	대사	1	疑惑と恐怖をもって 見つめられてきた	
6-02975	16600.34	대사	1	雄羊じゃ・・・	
6-02976	16600.35	대사	1	そして、この王となるべき者は気が触れたのじゃ！	
6-02977	16600.36	대사	1	力を欲する彼の夢は、 おのが自身を 支配してしもうた。	
6-02978	16600.37	대사	1	このような渇望が常に そうあるように・・・	
6-02979	16638.0	대사	1	そして彼は、その権威に あらがえない者をもって	
6-02980	16638.1	대사	1	聖ならざる征服の戦いに 手を染め、	
6-02981	16638.2	대사	1	暗黒の力へと 傾倒していった・・・	
6-02982	16638.3	대사	1	地獄の底より悪魔の力を 召喚し、	
6-02983	16638.4	대사	1	彼の力はその望むがままに 強大になっていった。	
6-02984	16638.5	대사	1	彼はこの井戸より 飽くことなく飲み続け、	
6-02985	16638.6	대사	1	力が自らの魂の中に 宿ってゆくのが何故か、	
6-02986	16638.7	대사	1	疑おうともしなかった・・・	
6-02987	16638.8	대사	1	ある日、彼は彼の征服の	
6-02988	16638.9	대사	1	後ろだてとなっていた 暗黒の力の	
6-02989	16638.10	대사	1	源より、得た力の代償を	
6-02990	16638.11	대사	1	求められた。	
6-02991	16638.12	대사	1	勿論、もっとも忌まわしき 代償を！	
6-02992	16638.13	대사	1	彼は一人の女、 牧師の愛人を捕らえ、	
6-02993	16638.14	대사	1	夜半にむち打つという おそるべき	
6-02994	16638.15	대사	1	儀式をもって、 地獄より来る悪魔に	
6-02995	16638.16	대사	1	これを献上した。この世界の	
6-02996	16638.17	대사	1	正当なる支配者を 自称する悪魔に。	
6-02997	16638.18	대사	1	そして悪魔の子が生まれた。	
6-02998	16638.19	대사	1	その娘は、ふしだらな母親の元で育てられた。	
6-02999	16638.20	대사	1	あの牧師だった男が そばに置かれ、	
6-03000	16638.21	대사	1	王の過去の行ないにより、	
6-03001	16638.22	대사	1	降り掛かって来るかもしれない脅威から	
6-03002	16638.23	대사	1	彼女を守った。	
6-03003	16638.24	대사	1	娘が十と三の年、 王はその女を	
6-03004	16638.25	대사	1	自らの元に招きよせた。	
6-03005	16638.26	대사	1	彼は力を持つ新しき者と 手を結び、	
6-03006	16638.27	대사	1	娘をワナのおとりに使い、	
6-03007	16638.28	대사	1	その悪魔の父を陥れ、 葬り去ったのじゃ・・・	
6-03008	16638.29	대사	1	彼はこうして娘を おのがものとして	
6-03009	16638.30	대사	1	手にすることが できるようになった。	
6-03010	16638.31	대사	1	そして、娘がその悪魔の 父から受け継いだ力をも	
6-03011	16638.32	대사	1	自由にできるように なったのじゃ。	
6-03012	16638.33	대사	1	彼の力に対する欲望は、 そのまま娘に対する	
6-03013	16638.34	대사	1	欲望となった、その娘に！	
6-03014	16638.35	대사	1	そしてわらわ、妃であり、 高位なる僧侶であり、	
6-03015	16638.36	대사	1	一度は王その人の愛人でも あったわらわは、	
6-03016	16638.37	대사	1	捨てられたのじゃ。 娘のせいで・・・	
6-03017	16638.38	대사	1	わらわはすべてを失った・・	
6-03018	16638.39	대사	1	娘が十と四の年、娘は彼に 自らの力の出自、	
6-03019	16638.40	대사	1	その生まれ出た由縁を尋ねた彼はそれに答え、	
6-03020	16679.0	대사	1	彼女のふしだらな母親と 悪魔の父のことを	
6-03021	16679.1	대사	1	語って聞かせた。	
6-03022	16679.2	대사	1	娘はそこで一つのことを 望んだ・・・	
6-03023	16679.3	대사	1	彼等の死を望んだのじゃ！	
6-03024	16679.4	대사	1	まさに娘は悪魔の子で あった！	
6-03025	16679.5	대사	1	娘はその母を死に 追いやった！	
6-03026	16679.6	대사	1	その愛人にして、 あの牧師だった男も	
6-03027	16679.7	대사	1	同様に死へと 追い立てられた・・・	
6-03028	16679.8	대사	1	そして災いのペンの事件が 起きた・・・	
6-03029	16679.9	대사	1	王がペンの望みを 書き終わったまさにその時、	
6-03030	16679.10	대사	1	三つの出来事が起こった。	
6-03031	16679.11	대사	1	まず一つ目は、 わらわが死んだこと、	
6-03032	16679.12	대사	1	悪魔の娘のその手に かかったのじゃ・・・	
6-03033	16679.13	대사	1	二つ目は娘が子を 宿したこと、	
6-03034	16679.14	대사	1	地獄からの 新しき呪われ子じゃ・・・	
6-03035	16679.15	대사	1	そして三つ目、王自身が 変貌を遂げたのじゃ・・・	
6-03036	16679.16	대사	1	彼は不死を欲した・・・	
6-03037	16679.17	대사	1	だが、彼もまたペンの災いを	
6-03038	16679.18	대사	1	逃れることは できなかった・・・	
6-03039	16679.19	대사	1	わらわは彼等に唾を 吐きかけよう！	
6-03040	16679.20	대사	1	彼と娘とその子に！	
6-03041	16679.21	대사	1	わらわは彼等ある限り やすまらぬ！	
6-03042	16679.22	대사	1	お前は奴等を 葬り去るのじゃ！	
6-03043	16679.23	대사	1	奴等の嘘を聞いてはならぬ！	
6-03044	16679.24	대사	1	奴等はお前を欺こうと するじゃろう！	
6-03045	16679.25	대사	1	聞いてはならぬ！！	
6-03046	16679.26	대사	1	お前が奴等と戦うために、 助けになる物を	
6-03047	16679.27	대사	1	与えよう。だがしかし、 わらわの言葉を	
6-03048	16679.28	대사	1	忘れてはならぬ！！	
6-03049	16710.0	대사	1	この鍵で娘が 寝ている部屋に入り、	
6-03050	16710.1	대사	1	葬り去るがよい！	
6-03051	16715.0	대사	1	そしてこの聖なる品、 奴等の力から	
6-03052	16715.1	대사	1	お前を護るこの品を 持つがよい。	
6-03053	16715.2	대사	1	彼はお前を止めようと するだろう。だが、	
6-03054	16715.3	대사	1	これは彼を おしとどめよう・・・	
6-03055	16715.4	대사	1	さぁ、行くのじゃ！	
6-03056	16715.5	대사	1	奴等にやられる前に、 奴等を葬りされ！	
6-03057	16715.6	대사	1	わらわの復讐じゃ！！	
6-03058	16715.7	대사	1	（そして亡霊は 消え去っていった）	
6-03059	16800.0	대사	1	小さな地下室に置かれた	
6-03060	16800.1	대사	1	黒い棺の蓋は開いており、 真新しい	
6-03061	16800.2	대사	1	香水とライラックの香りが 漂っていた。	
6-03062	16800.3	대사	1	そして、彼女がそこにいた	
6-03063	16810.0	대사	1	{02}いいえ/{03}はい/{04}レベッカ/	
6-03064	16811.1	대사	1	わたしのこと、御存知？	
6-03065	16820.0	대사	1	{01}災いの王/{04}レベッカ/{01}バンパイア	
6-03066	16820.2	대사	1	わたしの名前、知ってる？	
6-03067	16830.0	대사	1	わたしはレベッカ・・・	
6-03068	16835.0	대사	1	あのヒトがあなたたちが 来るって言ってたわ・・・	
6-03069	16835.1	대사	1	あのヒト、あなたたちが わたしを殺そうとするって	
6-03070	16840.2	대사	1	わたしを殺すの？	
6-03071	16850.0	대사	1	あなたたちのこと、 信じていいのかしら・・・	
6-03072	16850.1	대사	1	もしかすると、 あなたたち賢いのね・・・	
6-03073	16860.0	대사	1	あのヒトのところに 連れていかなくっちゃ！	
6-03074	16860.1	대사	2	レベッカがこちらを 睨みつけた！	
6-03075	16870.0	대사	1	{07}いいえ/{08}はい/	
6-03076	16870.2	대사	1	ついてきてくれる？	
6-03077	16880.0	대사	1	一緒に来て・・・	
6-03078	16900.0	대사	1	巨大な黒いコウモリが、 まるで	
6-03079	16900.1	대사	1	攻撃するかのように顔の前をよぎった。	
6-03080	16910.2	대사	1	戦うつもりかね？	
6-03081	16915.0	대사	1	まるでこちらを 試しているかのように、	
6-03082	16915.1	대사	1	コウモリはもう一度 飛びかかってきた。	
6-03083	16920.0	대사	1	次に起きたのは 信じられないような、	
6-03084	16920.1	대사	1	まったく異常な光景で、 その素早さは	
6-03085	16920.2	대사	1	あやうく見落として しまいそうな程であった。	
6-03086	16920.3	대사	1	突然コウモリが消え失せ、 その同じ場所に	
6-03087	16920.4	대사	1	背の高い、黒い人影が 現れたのである・・・	
6-03088	16930.0	대사	1	失礼して自己紹介を させてもらおう。	
6-03089	16930.1	대사	1	私はこの城のあるじだ。	
6-03090	16930.2	대사	1	君達は私の許可なく、	
6-03091	16930.3	대사	1	無断でここに 入ったようだが・・・	
6-03092	16930.4	대사	1	当然それなりの理由が あるのだろう？	
6-03093	16930.5	대사	1	ここにやって来た・・・	
6-03094	16940.0	대사	1	{05}コズミック・フォージ/{06}王/{07}レベッカ/{08}ゾーフィタス/	
6-03095	16940.2	대사	1	なぜここにいるのかな？	
6-03096	16945.0	대사	1	ペン？	
6-03097	16945.1	대사	3	ハッハッハッ！	
6-03098	16945.2	대사	1	アーハハハハハ！！	
6-03099	16945.3	대사	1	ハハハハハハハハハ！！	
6-03100	16950.0	대사	1	王？？	
6-03101	16955.0	대사	1	ゾーフィタス？？	
6-03102	16960.0	대사	2	レベッカ？	
6-03103	16960.1	대사	1	彼女のそばによるな！	
6-03104	16960.2	대사	1	わかったか！？	
6-03105	16960.3	대사	1	もし少しでも近付いたら、 お前を殺す！！	
6-03106	17000.0	대사	1	愚か者！	
6-03107	17000.1	대사	1	近付くなと 言っておいたであろう！	
6-03108	17002.0	대사	1	君達はまだ子供だ・・・ 君は生き物の限界、	
6-03109	17002.1	대사	1	君達の限られた世界を 遥かに超えた物事に	
6-03110	17002.2	대사	1	関わろうとしているのだよ。	
6-03111	17002.3	대사	1	来たまえ！	
6-03112	17002.4	대사	1	君達が立ち向かっているもののがなんなのか、	
6-03113	17002.5	대사	1	試しに味あわせてあげよう！	
6-03114	17100.0	대사	1	またお会いするとは・・・	
6-03115	17100.1	대사	1	哀れな・・・君達には多少は知恵というものが	
6-03116	17100.2	대사	1	あるのではないかと 期待していたのだよ。	
6-03117	17100.3	대사	1	どうしてこうも愚か者が 多いのか・・・	
6-03118	17110.0	대사	1	さて・・・	
6-03119	17110.1	대사	1	私は多少咽が渇いているので君達の	
6-03120	17110.2	대사	1	その新鮮な首から、 ほんの少しいただくよ。	
6-03121	17110.3	대사	1	なに、渇きを癒すだけだよ	
6-03122	17110.4	대사	1	（彼はゆっくり、 牙をむきながら 近付いてきた。	
6-03123	17110.5	대사	1	しかし、誰もその場を 動くことはできなかった。	
6-03124	17110.6	대사	1	悪魔の娘、レベッカの 催眠術によって、	
6-03125	17110.7	대사	1	動きを 封じられていたのである）	
6-03126	17120.0	대사	1	アーーーァ！	
6-03127	17120.1	대사	1	生き返った！	
6-03128	17120.2	대사	1	とはいえ、君達を どうするかという問題が	
6-03129	17120.3	대사	1	まだ残っている・・・	
6-03130	17120.5	대사	1	（ほんの一瞬のしじまの後、娘は	
6-03131	17120.6	대사	1	彼の耳元でなにごとか ささやいた）	
6-03132	17120.7	대사	1	うむ、よろしい・・・	
6-03133	17120.8	대사	1	おやすみ！	
6-03134	17130.0	대사	1	（そして彼の瞳から 発した赤い光が	
6-03135	17130.1	대사	1	パーティー全員に 降り注いだ）	
6-03136	17130.2	대사	1	そして、皆気を失った・・・	
6-03137	17140.0	대사	1	ペッ！ これは何かね！？	
6-03138	17140.1	대사	1	（後ろに退く彼の頬に、 十字の火傷の	
6-03139	17140.2	대사	1	跡がクッキリと 浮かび上がっていた）	
6-03140	17140.3	대사	1	この、大たわけ者ども！ 私に一服盛るとは！！	
6-03141	17140.4	대사	1	レベッカ！ ここへ！	
6-03142	17140.5	대사	1	（彼は娘になにか言ったが、その声は	
6-03143	17140.6	대사	1	あまりに微かで 聞こえなかった。	
6-03144	17140.7	대사	1	そして彼はこちらに 振り向いて言った）	
6-03145	17140.8	대사	2	さらばだ！	
6-03146	17200.0	대사	1	天使の夢が見える・・・・	
6-03147	17200.1	대사	1	揺れ動く炎のただ中に	
6-03148	17200.2	대사	1	人影が見える・・・	
6-03149	17210.0	대사	1	こちらを脅すように 睨みつけている・・・	
6-03150	17210.1	대사	1	その瞳には凶暴な光が 宿っている・・・	
6-03151	17210.2	대사	1	強力な呪文を 呼び覚ましている・・・	
6-03152	17210.3	대사	1	こちらを破滅に 追いやる呪文を・・・	
6-03153	17214.0	대사	1	なにかをささやいている・・	
6-03154	17214.1	대사	1	その声が微かに聞こえる・・	
6-03155	17214.2	대사	1	名前のように聞こえる・・	
6-03156	17214.3	대사	1	ゾォォォフィィタァァスゥゥ	
6-03157	17214.4	대사	1	と、光景が一変する・・・	
6-03158	17220.0	대사	1	気がつくとそこは、なにやら	
6-03159	17220.1	대사	2	監獄のような部屋の隅・・・	
6-03160	17220.2	대사	1	部屋にはなにもない。 しかし壁の隅に、	
6-03161	17220.3	대사	1	小さな裂け目がある・・・ 	
6-03162	17220.4	대사	1	口の中になにやら奇妙な	
6-03163	17220.5	대사	1	味がする・・・	
6-03164	17220.6	대사	1	と、部屋の光景が 変わり始める。	
6-03165	17220.7	대사	1	それは次第に大きく	
6-03166	17220.8	대사	1	なり始め・・・	
6-03167	17220.9	대사	1	気がつくと部屋に 飲み込まれてしまっている	
6-03168	17220.10	대사	1	もう、空も見えない・・・	
6-03169	17220.11	대사	1	小さな裂け目は、まるで	
6-03170	17220.12	대사	1	トンネルのように なってしまう！	
6-03171	17220.13	대사	1	トンネルを走り抜ける・・・	
6-03172	17240.0	대사	1	気がつくとそこは、 なにやら	
6-03173	17240.2	대사	1	部屋にはなにもなく、 目の前には	
6-03174	17240.3	대사	1	門が立ちふさがっている・・	
6-03175	17240.4	대사	1	自分が誰かと話している・・	
6-03176	17240.5	대사	1	違う！ なにかしている！	
6-03177	17240.6	대사	1	彼等に何かを渡している・・	
6-03178	17240.7	대사	1	なにか邪悪なものを 渡している・・・	
6-03179	17240.8	대사	1	二つの輝く瞳・・・	
6-03180	17240.9	대사	1	彼等はとても  怒っている・・・・	
6-03181	17240.10	대사	1	門が開き彼等が 走り込んでくる・・・	
6-03182	17240.11	대사	1	彼等は自分を 殺そうとしている・・・	
6-03183	17260.0	대사	1	気がつくとそこは 小さな薄汚い部屋で、	
6-03184	17260.1	대사	1	あたりにはかびと 汚物の臭いが	
6-03185	17260.2	대사	1	充満していた。	
6-03186	17265.0	대사	1	壁の床際に 小さな裂け目があった。	
6-03187	17265.1	대사	1	その大きさは、 ちょうどネズミが	
6-03188	17265.2	대사	1	通り抜けられるほどのもの であった・・・	
6-03189	17270.0	대사	1	キノコは奇妙な味がした。	
6-03190	17270.1	대사	1	部屋の光景が変わり始めた	
6-03191	17270.2	대사	1	泡だったように見える・・・	
6-03192	17270.3	대사	1	今度はどんどん 大きくなるように・・・	
6-03193	17270.4	대사	1	いや、違う・・・	
6-03194	17270.5	대사	1	自分が小さく なっているのだ・・・	
6-03195	17270.6	대사	1	裂け目は巨大な穴となった	
6-03196	17270.7	대사	1	けれど遠い！遥かむこうだ！	
6-03197	17270.8	대사	1	必死にトンネルに 向かって走る・・・	
6-03198	17270.9	대사	1	と、再び部屋が 小さくなり始める！	
6-03199	17270.10	대사	1	トンネルに飛び込んだ・・	
6-03200	17285.0	대사	1	やった！ 成功だ！	
6-03201	17285.1	대사	1	再び、すべてが正常に戻った	
6-03202	17285.2	대사	1	・・・ピンクの象が見え、	
6-03203	17285.3	대사	1	踊るお菓子が話しかけ、	
6-03204	17285.4	대사	1	奇妙な色彩が 飛び交っていることを 除いては・・・	
6-03205	17300.0	대사	1	門の向こう側に 立っている守衛が	
6-03206	17300.1	대사	1	こちらをじっと 監視している・・・	
6-03207	17300.2	대사	1	「おい、オマエ！」	
6-03208	17300.3	대사	1	「なにしてんだかしらねぇがとにかくやめな！」	
6-03209	17310.0	대사	2	おい！	
6-03210	17310.1	대사	1	オメェはそれを 持ってねえはずだぁ！	
6-03211	17310.2	대사	1	どっから盗ってきた、エ？	
6-03212	17310.3	대사	1	ほかにどうしてオメェが 持ってるはずがある？	
6-03213	17310.4	대사	2	守衛！！！	
6-03214	17330.0	대사	1	小さな隠れ家を出ると、	
6-03215	17330.1	대사	1	外は森の真っ只中であった。	
6-03216	17330.2	대사	1	そこには木々が生い茂り、 花が咲き乱れ、	
6-03217	17330.3	대사	1	小さな動物が 走り回っていた。	
6-03218	17340.0	대사	1	水面の向こう側には 沈みかけた	
6-03219	17340.1	대사	1	小さな難破船の骨組みが 浮かんでいた。	
6-03220	17340.2	대사	1	それはいかにもたよりなげに浮いており、	
6-03221	17340.3	대사	1	いつ沈んでもおかしくない ように見えた。	
6-03222	17350.0	대사	1	大きな平板が水面を横切って	
6-03223	17350.1	대사	1	船の甲板までかけられていた	
6-03224	17360.0	대사	1	船にぶつかったのが なんであったのかは わからないが、	
6-03225	17360.1	대사	1	とにかくそれはとてつもない大きさだったはずである。	
6-03226	17360.2	대사	1	なぜなら、船は見事に半分にされてしまったのであるから・・・・	
6-03227	17370.0	대사	1	おそらくは運命を 船と共にしたその骨たちは、	
6-03228	17370.1	대사	1	最後の沈没の時を じっと待っているかの	
6-03229	17370.2	대사	1	ようであった・・・	
6-03230	17380.0	대사	1	船首のあたりの壁から、 壊れた十字架が	
6-03231	17380.1	대사	1	ぶら下がっていた。 どうもそれは	
6-03232	17380.2	대사	1	急場ごしらえの 礼拝堂のようで、	
6-03233	17380.3	대사	1	おびえた者たちの 最後の望みの綱となり、	
6-03234	17380.4	대사	1	死者の弔いを行なった場所のようであった。	
6-03235	17390.0	대사	1	壊れた十字架に触れると、 それは	
6-03236	17390.1	대사	1	床に落ちて大きな音を 立てた！	
6-03237	17390.2	대사	1	十字架はいくつもの 小さな破片に砕けた。	
6-03238	17390.3	대사	1	その先端はかなり鋭利で、 もし必要があれば、	
6-03239	17390.4	대사	1	ちょっとした木のダガーや 杭としてなら使えそうだった。	
6-03240	17400.1	대사	1	　　　＊魔法の森＊　　　　	
6-03241	17402.0	대사	1	動物をいじめては いけません	
6-03242	17402.1	대사	1	タバコを吸わないで下さい	
6-03243	17410.1	대사	1	　　　　暗闇の森　　　　　	
6-03244	17410.2	대사	1	　　　　＊注意！＊　　　　	
6-03245	17420.0	대사	1	小さなくぼみの内側には、 かなり	
6-03246	17420.1	대사	1	古くなった人の死骸が 残されていた。	
6-03247	17430.0	대사	1	腐ったローブの 裂けた残り切れが	
6-03248	17430.1	대사	1	骨のまわりに まとわりついていた。	
6-03249	17430.2	대사	1	ここは、この森に 住んでいたと思われる	
6-03250	17430.3	대사	1	年老いた修道僧の最期の やすらぎの	
6-03251	17430.4	대사	1	場であったようである。	
6-03252	17440.0	대사	1	自分が城の北の端の外側に	
6-03253	17440.1	대사	1	立っていると気づく前に、	
6-03254	17440.2	대사	1	その姿が 沼と森の上にぼーっと	
6-03255	17440.3	대사	1	霞んで見えた。	
6-03256	17450.0	대사	1	どうもなにか 洞窟らしきところに	
6-03257	17450.1	대사	1	迷い込んだようであった。	
6-03258	17450.2	대사	1	その岩棚を切り開いて 作られた壁面を	
6-03259	17450.3	대사	1	またたく炎の光が 照らしていた。	
6-03260	17460.0	대사	1	なにかが起きるのではないかと思いながら	
6-03261	17460.1	대사	1	洞窟に入ったが何事も 起こらなかった・・・	
6-03262	17470.1	대사	1	　　　　真実の岩　　　　　	
6-03263	17470.3	대사	1	かなり奇妙なことに、 岩の表面は平に、	
6-03264	17470.4	대사	1	そして奇麗に 磨き込まれており、 まるで鏡のごとく	
6-03265	17470.5	대사	1	こちらの姿を 映し出していた・・・	
6-03266	17480.0	대사	1	できる限り細心の 注意を払い、	
6-03267	17480.1	대사	1	岩を砕かないようにしながらつるはしを振るい、	
6-03268	17480.2	대사	1	その反射する表面のかけらをなんとか	
6-03269	17480.3	대사	1	取り出すことができた。	
6-03270	17500.0	대사	1	突然、幽霊があらわれた！	
6-03271	17510.0	대사	1	{01}デルファイ/{02}我等は魅惑/{01}セイレン/	
6-03272	17510.2	대사	1	おぉまぁえぇはぁ だぁれぇだぁぁ？？	
6-03273	17520.0	대사	1	{01}真実を求めて/{03}予言を求めて/{01}代償を求めて/	
6-03274	17520.2	대사	1	なぁにぃしぃにぃ きぃたぁぁ？？	
6-03275	17530.2	대사	1	しぃはぁらぁいぃはぁ すぅるぅのぉかぁぁ？？	
6-03276	17540.0	대사	1	こぉれぇかぁらぁ まぁほぉうぅのぉ	
6-03277	17540.1	대사	1	みぃずぅをぉ のぉぞぉくぅぅ・・・	
6-03278	17545.0	대사	1	そして洞窟の中に幻影が 渦巻き、	
6-03279	17545.1	대사	1	再び気の触れた 魔法使いの姿が	
6-03280	17545.2	대사	1	映し出された・・・	
6-03281	17545.3	대사	1	と、その姿が消え失せ・・	
6-03282	17550.0	대사	1	別の人影があらわれる・・	
6-03283	17551.0	대사	1	それはなにか邪悪で・・・	
6-03284	17551.1	대사	1	とてつもない力を持っている	
6-03285	17551.2	대사	1	それに立ち向かってゆく者	
6-03286	17551.3	대사	1	なにかを持っている・・・	
6-03287	17551.4	대사	1	輝くガラスの小片・・・	
6-03288	17551.5	대사	1	それを引っ込め・・・	
6-03289	17551.6	대사	1	次には、銀の十字架が	
6-03290	17551.7	대사	1	高く掲げられる・・・	
6-03291	17551.8	대사	1	続いて聖水が投げつけられ、	
6-03292	17551.9	대사	1	おぞましき怪物の顔面に 降り注ぐ・・・・	
6-03293	17551.10	대사	1	最後に、最も聖なる木から 作り出された	
6-03294	17551.11	대사	1	木の杭が、それに 突き立てられる・・・	
6-03295	17551.12	대사	1	そして、それは死に絶える！	
6-03296	17551.13	대사	1	幻影は消え去り、気がつくと	
6-03297	17551.14	대사	1	洞窟には誰も いなくなっていた・・・	
6-03298	17570.0	대사	1	立ち去れ！	
6-03299	17570.1	대사	1	（そして幽霊は消え去った）	
6-03300	17600.0	대사	1	数百もの小さな柔らかい光が	
6-03301	17600.1	대사	1	沼地の周りを 飛び回っていた。	
6-03302	17600.2	대사	1	どうもホタルらしい・・・	
6-03303	17610.0	대사	1	近付くと、それは 飛び去ってしまった・・・	
6-03304	17620.0	대사	1	小さな光は そばのしげみや木陰に	
6-03305	17620.1	대사	1	隠れてしまった。 その光を見ることは	
6-03306	17620.2	대사	1	できるが、どうしても 近付くことは	
6-03307	17620.3	대사	1	できないようであった・・・	
6-03308	17630.0	대사	1	その沼を囲んで、 小さな石が円を描くように	
6-03309	17630.1	대사	1	置かれていた。 そしてその円の真中には、	
6-03310	17630.2	대사	1	小さな腰掛けのように、 半ダースほどの	
6-03311	17630.3	대사	1	木の切株が突き出していた。	
6-03312	17640.0	대사	1	木の切株に腰掛けながら	
6-03313	17640.1	대사	1	小さな鈴をならした・・・	
6-03314	17640.2	대사	1	すると、即座に 小さなホタルたちが	
6-03315	17640.3	대사	1	隠れていたところから現れ、	
6-03316	17640.4	대사	1	ゆっくりとこちらの円の方に	
6-03317	17640.5	대사	1	近付いてきた・・・	
6-03318	17700.0	대사	1	コンニチハ！	
6-03319	17710.0	대사	1	ハイ！	
6-03320	17715.0	대사	1	バイバイ！	
6-03321	17720.0	대사	1	できることなら 助けましょう	
6-03322	17720.1	대사	1	他の精霊がするように	
6-03323	17720.2	대사	1	でもあなたたちの助けは ここではなく	
6-03324	17720.3	대사	1	森の暗闇に隠されている	
6-03325	17730.0	대사	1	デルファイを探しましょう！	
6-03326	17730.1	대사	1	デルファイは なんでも知ってる！	
6-03327	17740.0	대사	1	デルファイ探しは ミステリー	
6-03328	17740.1	대사	1	会うが最初、続くは質問	
6-03329	17740.2	대사	1	憶えておいて「我等は魅惑」	
6-03330	17740.3	대사	1	次に告げるは 「予言を求めて」	
6-03331	17740.4	대사	1	でもその次は あなたたちが答える	
6-03332	17745.0	대사	1	代償払うはあなたたちゆえ	
6-03333	17745.1	대사	1	耳をすましてすべてを学び	
6-03334	17745.2	대사	1	デルファイ告げる すべてのことを！	
6-03335	17750.0	대사	1	{01}{01}でるふぁい/デルファイ/	
6-03336	17760.0	대사	1	（指輪を光の中に かかげると	
6-03337	17760.1	대사	1	ホログラフィーの文字が 浮かび上がった）	
6-03338	17760.2	대사	1	＊＊デルファイの儀式＊＊	
6-03339	17760.3	대사	1	おまえはだれだ？	
6-03340	17760.4	대사	1	我等は魅惑	
6-03341	17760.5	대사	1	なにしにきた？	
6-03342	17760.6	대사	1	予言を求めて	
6-03343	17760.7	대사	1	しはらいはらかね ぬきふたそ	
6-03344	17760.8	대사	1	うねぢくそ・・・・	
6-03345	17760.9	대사	1	（最後の方は判別できそうに	
6-03346	17760.10	대사	1	なかった・・・）	
6-03347	17800.1	대사	1	そこを動くな！	
6-03348	17800.2	대사	1	どうして外にいるんだ？	
6-03349	17810.0	대사	1	おぉ、よくぞ参られた、 わが兄弟。	
6-03350	17810.1	대사	1	今宵の儀式のための	
6-03351	17810.2	대사	1	いけにえをお連れと みうけたが・・・	
6-03352	17810.3	대사	1	まことに結構！・・・	
6-03353	17810.4	대사	1	もしやそのうちには、	
6-03354	17810.5	대사	1	処女がおるのでは？？	
6-03355	17810.6	대사	1	なんと素晴らしい！！・・・	
6-03356	17810.7	대사	1	師も喜ばれるでしょう！	
6-03357	17810.8	대사	1	今、門をお開けいたします。しばしお待ちを。	
6-03358	17840.1	대사	1	　　　　雄羊の寺院　　　　	
6-03359	17840.3	대사	1	　　　　会員のみ　　　　　	
6-03360	17850.0	대사	1	両側の深みから立ち昇る、	
6-03361	17850.1	대사	1	煮え立つ油の蒸気で、	
6-03362	17850.2	대사	1	寺院は霧がかかった ようであった・・・	
6-03363	17850.3	대사	1	細い通路が目の前の谷へと 続いており、	
6-03364	17850.4	대사	1	その縁に立っている 奇妙な衣裳をつけた	
6-03365	17850.5	대사	1	数多くの人影は、 なにやら不気味な仕草を	
6-03366	17850.6	대사	1	繰り返していた。 それは相手に深い印象を	
6-03367	17850.7	대사	1	与えようとしているかの ようであった。	
6-03368	17860.0	대사	1	突然、人影が実体化した！	
6-03369	17900.0	대사	1	いけにえよ、炎へ進むがよい	
6-03370	17900.1	대사	1	大胆なる子供たちは 暗闇へと進まん、	
6-03371	17900.2	대사	1	無敵なる雄羊の力なかりせば	
6-03372	17900.3	대사	1	信仰は滅び、汝、 地の底へ落ちん！	
6-03373	17910.0	대사	1	そして子供たちは堪え忍ぶ、	
6-03374	17910.1	대사	1	彼等の道行は勇猛なり、	
6-03375	17910.2	대사	1	我、今だ、これなるを 制する彼なり、	
6-03376	17910.3	대사	1	我、数多くの 無敵なる支配者を持つ！	
6-03377	17920.0	대사	1	どうした？？！	
6-03378	17920.1	대사	1	まだいるのか？？	
6-03379	17920.2	대사	1	どうしてそんなことが？？	
6-03380	17923.0	대사	1	警戒警報、警戒警報！	
6-03381	17923.1	대사	1	九時の方向に侵入者！	
6-03382	18000.0	대사	1	なんということだ！！	
6-03383	18000.1	대사	1	お前は私を殺した！	
6-03384	18000.2	대사	1	私は死んだんだ！？！	
6-03385	18000.3	대사	1	そんな・・・信じられない！	
6-03386	18000.4	대사	1	どうしてだ？	
6-03387	18000.5	대사	1	なんで私を殺したりした？？！	
6-03388	18010.0	대사	1	{05}コズミック・フォージ/{08}服装が気に入らない/{08}信仰がきらい/	
6-03389	18010.2	대사	1	なんだって？	
6-03390	18020.0	대사	1	ほんとうか？？？	
6-03391	18020.1	대사	1	なにが狙いだ？	
6-03392	18025.0	대사	1	そんな、考えたことも なかった・・・	
6-03393	18025.1	대사	1	だが・・・	
6-03394	18025.2	대사	1	おまえたち、 こんなことだとは思って なかったろう？	
6-03395	18030.0	대사	1	コズミック・フォージ？？	
6-03396	18030.1	대사	1	あの腐れペンのために私を 殺したのか？？！	
6-03397	18030.2	대사	1	なんということだ！！？	
6-03398	18030.3	대사	1	私を殺すなら もっとましな理由が	
6-03399	18030.4	대사	1	ありそうなものではないか、着てるものが	
6-03400	18030.5	대사	1	気に入らないとか、信仰が 気にくわないとか・・・	
6-03401	18030.6	대사	1	それが理由というんなら、 私は教えてやらんぞ！	
6-03402	18030.7	대사	1	私なしでは、おまえたちは、みつけることなどできやしない！	
6-03403	18030.8	대사	1	目の前にあっても、	
6-03404	18030.9	대사	1	おまえたち、 気がつきゃせん！	
6-03405	18030.10	대사	1	そのありかから三歩と 離れてないところまで	
6-03406	18030.11	대사	1	行っても、みつけることなどできるはずがない！	
6-03407	18030.12	대사	1	ハハハハハ！	
6-03408	18030.13	대사	1	好きなだけ探し回るんだな。	
6-03409	18030.14	대사	1	なんの役にもたたん・・・	
6-03410	18030.15	대사	1	どうして みつからないのかって？	
6-03411	18030.16	대사	1	それはな、おまえたちが 自分の目に見える世界、	
6-03412	18030.17	대사	1	その限界の向こう側に 飛び込むことが	
6-03413	18030.18	대사	1	できないからだ。	
6-03414	18030.19	대사	1	おまえたちが目にしてる この世界は幻影、	
6-03415	18030.20	대사	1	ただのまやかし、 おまえたち自身の精神の	
6-03416	18030.21	대사	1	鏡像なのだ。	
6-03417	18030.22	대사	1	もっとも、エヘン、 そうでない例外、	
6-03418	18030.23	대사	1	例外として現実に・・・	
6-03419	18030.24	대사	1	つまり・・・、 まぁ、飛ばそう！	
6-03420	18030.25	대사	1	とにかくだ・・・	
6-03421	18030.26	대사	1	おまえたちは コズミック・フォージを 探してる。	
6-03422	18030.27	대사	1	運命のペンだ。どうもそれは	
6-03423	18030.28	대사	1	かなりの呪文らしい・・・	
6-03424	18030.29	대사	1	だが、もしそれが 呪文でなかったらどうする？	
6-03425	18030.30	대사	1	もしそれが・・・	
6-03426	18030.31	대사	1	そこまで語ってから、 彼はおもむろに	
6-03427	18062.0	대사	1	外の方を眺めた。 まるで空間の果て、	
6-03428	18062.1	대사	1	時間の果て、 認識と人間の知覚の進化に	
6-03429	18062.2	대사	1	限界を定めている 境界の果てを	
6-03430	18062.3	대사	1	見通すように・・	
6-03431	18062.4	대사	1	そして、彼は消え去った・・	
6-03432	18100.1	대사	1	コズミック・フォージの社	
6-03433	18200.0	대사	2	おやおや！	
6-03434	18200.1	대사	2	こちらにみえるとは、 なんと光栄な！	
6-03435	18200.2	대사	1	君達と再会したいと 心から願っていたのだよ。	
6-03436	18200.3	대사	1	一別以来ね・・・	
6-03437	18200.4	대사	1	（災いの王は 一瞬ひるんだように見えた。	
6-03438	18200.5	대사	1	その頬には、 十字の形のかさぶたが	
6-03439	18200.6	대사	1	あるのが見てとれた）	
6-03440	18200.7	대사	1	さて、私の “血を分けた”友よ・・・	
6-03441	18200.8	대사	1	そろそろお座なりの ご挨拶は	
6-03442	18200.9	대사	1	切り上げて、話の核心に	
6-03443	18200.10	대사	1	入ろうではないか・・・	
6-03444	18200.11	대사	1	君達は私を滅ぼそうと 思っている。	
6-03445	18200.12	대사	1	しかるに、 私は死にたくはない。	
6-03446	18200.13	대사	1	ということは、だ・・・	
6-03447	18200.14	대사	1	我々のどちらかが 死なねばならないと いうことだ！	
6-03448	18220.2	대사	1	先日は粗末な所に お通しして、	
6-03449	18220.3	대사	1	大変申し訳なかった。 なにしろ、	
6-03450	18220.4	대사	1	寺院は週末、 ずっと予約で	
6-03451	18220.5	대사	1	一杯だったものでね。	
6-03452	18220.6	대사	1	実のところ、 私はもう疲れ果てたのだよ！	
6-03453	18230.0	대사	1	死んだヴァンパイヤーの 死骸から、	
6-03454	18230.1	대사	1	見かけは彼そっくりの霊が	
6-03455	18230.2	대사	1	浮き上がってきた。 そしてその霊は、	
6-03456	18230.3	대사	1	何が起きたのかを悟ると 共に話し始めた・・・	
6-03457	18250.0	대사	1	遠い昔のこと、 私は多くのことを望んだ。	
6-03458	18250.1	대사	1	私自身のために、 私を他の誰よりも	
6-03459	18250.2	대사	1	優れた者にするように・・・	
6-03460	18250.3	대사	1	そして私は計画を立案し、 同盟者を求め、	
6-03461	18250.4	대사	1	この手に強大な力を もたらすために	
6-03462	18250.5	대사	1	全力をつくした・・・・	
6-03463	18250.6	대사	1	しかし、それでも私は 死を恐れた！	
6-03464	18250.7	대사	1	私がここに存在しなくなり、この世界に	
6-03465	18250.8	대사	1	触れることも、 力を及ぼすことも、 その影響を	
6-03466	18250.9	대사	1	受けることも できなくなる日が 来ることを、	
6-03467	18250.10	대사	1	私がどれほど恐れたことか	
6-03468	18250.11	대사	1	それゆえに、 私は死そのものよりもさらに	
6-03469	18262.0	대사	1	強大なるものからの一太刀を受けることとなった。	
6-03470	18262.1	대사	1	私は運命のペンをとって、 自然と生命の摂理に	
6-03471	18262.2	대사	1	刃むかおうとした・・・	
6-03472	18262.3	대사	1	私はかつてそうあった 姿のまま永遠に	
6-03473	18262.4	대사	1	生きることを欲し、 それは コズミック・フォージで	
6-03474	18262.5	대사	1	記されることによって 現実となった。	
6-03475	18262.6	대사	1	私は他者の血をもて生き、 それにより	
6-03476	18262.7	대사	1	さらなる生を得るものと 定められた。	
6-03477	18262.8	대사	1	まさに君達が先ほどまで 見ていたものへと	
6-03478	18262.9	대사	1	変貌させられたのだよ。	
6-03479	18262.10	대사	1	獲物を求めて 夜の闇をさまよい、 満たされる	
6-03480	18262.11	대사	1	ことのない飢えに さいなまれる、 永久に続く日々。	
6-03481	18262.12	대사	1	だが、それはいったい なんのために？？	
6-03482	18262.13	대사	1	私にはわからない・・・	
6-03483	18262.14	대사	1	なにものも 食べることなくしては 生き続けられない。	
6-03484	18262.15	대사	1	しかるに、 私は触れるものすべてを 死に誘ったがゆえ、	
6-03485	18262.16	대사	1	ついには私自身も 息絶えることに なってしまった。	
6-03486	18262.17	대사	1	私は死してなお、 死ぬことはできなかった！	
6-03487	18262.18	대사	1	フォージの災いにより 私の死骸は	
6-03488	18262.19	대사	1	無理矢理歩み続けさせられ、	
6-03489	18262.20	대사	1	常に再生、 いや充填され続けた。	
6-03490	18262.21	대사	1	ああ、なんという 呪いだろう！	
6-03491	18262.22	대사	1	生の暖かみも喜びも 感じることなく、ただ単に	
6-03492	18262.23	대사	1	死なず、永続する、 それがいかなることなのか、	
6-03493	18262.24	대사	1	どうやって君達に告げることができよう・・・	
6-03494	18262.25	대사	1	ただただ続くのみの日々・・	
6-03495	18262.26	대사	1	そしてそれでもいまだに、 私は変化を恐れ、	
6-03496	18262.27	대사	1	死を恐れ続けている・・・	
6-03497	18262.28	대사	1	死を恐れる限り、真の生への	
6-03498	18262.29	대사	1	自由を得ることはできない	
6-03499	18262.30	대사	1	私のようなもの台詞としてはおかしいかもしれないが、	
6-03500	18262.31	대사	1	これこそ私の墓標に ふさわしい！	
6-03501	18320.0	대사	1	災いは過ぎ去った！	
6-03502	18320.1	대사	1	我、夜と抱擁せん！	
6-03503	18320.2	대사	1	（そしてヴァンパイヤーは 霧の中に消え去った・・・）	
6-03504	18330.0	대사	1	（そしてヴァンパイヤーは	
6-03505	18330.1	대사	1	マントの下から 木の杭を取り、	
6-03506	18330.2	대사	1	表情も変えず 自らの心臓に	
6-03507	18330.3	대사	1	深々と突き立てた・・・）	
6-03508	18400.0	대사	1	即座に、次なる幽霊が	
6-03509	18401.0	대사	1	目の前に現れた・・・	
6-03510	18405.0	대사	1	彼女はついに その隠れ場所から、	
6-03511	18405.1	대사	1	まるで おびえているかのように	
6-03512	18405.2	대사	1	ゆっくりと出てきた。	
6-03513	18410.0	대사	1	{01}憎んでる/{05}愛してる/	
6-03514	18410.2	대사	1	あのヒトは？	
6-03515	18420.0	대사	1	あのヒトは わたしの保護者で 恩人だったわ。	
6-03516	18420.1	대사	1	わたしを ゾーフィタスの愛人 わたしの父を誘惑し、	
6-03517	18420.2	대사	1	なにも知らない わたしの母とその恋人を	
6-03518	18420.3	대사	1	殺したあのあばずれの 妃の手から救い出して	
6-03519	18420.4	대사	1	くれたのはあのヒトなの。	
6-03520	18420.5	대사	1	あのヒトは わたしの唯一の喜び。そして妃は	
6-03521	18420.6	대사	1	そんなわたしたちのことを 嫉妬したわ・・・	
6-03522	18420.7	대사	1	彼女ほど邪悪な魔女は、 きっといまだかつて	
6-03523	18420.8	대사	1	いなかったはずよ。 その冷たいことといったら、	
6-03524	18420.9	대사	1	死人も顔負けなほど。 わたしの母とその恋人は	
6-03525	18420.10	대사	1	彼女の命令で殺され、 わたしも同じように	
6-03526	18420.11	대사	1	なるところだったの・・・	
6-03527	18420.12	대사	1	だから、彼女が“悪魔の娘”の死を記したとき、	
6-03528	18420.13	대사	1	フォージの災いが彼女自身に襲いかかったのも	
6-03529	18420.14	대사	1	不思議ではないわ。 彼女、転んで	
6-03530	18420.15	대사	1	自分のナイフの上に 倒れたのよ・・・	
6-03531	18420.16	대사	1	さぁ、あなたたちは これでほんとのことを	
6-03532	18420.17	대사	1	すべて知ったわ。わたし、 あなたたちにあのペン、	
6-03533	18420.18	대사	1	運命の手、 コズミック・フォージを まかせるわ。	
6-03534	18450.0	대사	1	わたしはあの災いのペンとは関係ないわ。	
6-03535	18450.1	대사	1	でも、わたしは 生ける者たちの わるさのせいで生まれたの	
6-03536	18450.2	대사	1	だから、どこか別のところでわたしの運命をみつけるわ。	
6-03537	18460.0	대사	1	あ、それともう一つだけ！	
6-03538	18460.1	대사	1	わたし、腹違いの弟が いるの。	
6-03539	18460.2	대사	1	あの妃がわたしの父を 誘惑した夜にできた	
6-03540	18460.3	대사	1	二人の間の子供なの。	
6-03541	18460.4	대사	1	決して悪い子ではないけれど	
6-03542	18460.5	대사	1	彼女のわるいところも 受け継いでいるわ。	
6-03543	18460.6	대사	1	お願い、あの子の面倒を 見てあげて。	
6-03544	18460.7	대사	1	あの子は一人が好きだから、お部屋は	
6-03545	18460.8	대사	1	コズミック・フォージの 祭壇の真後ろに	
6-03546	18460.9	대사	1	隠されてるわ・・・	
6-03547	18460.10	대사	1	ここに鍵があるから・・・	
6-03548	18480.0	대사	1	（そして彼女も虚無の中に 立ち消えた・・・）	
6-03549	18485.0	대사	1	（そして彼女は暗黒の中に 飛び去った・・・）	
6-03550	18490.0	대사	1	きっとあなたたちの痛みを 和らげてくれる でしょう・・・	
6-03551	18500.0	대사	1	哀れなかぼそい声が 門の向こうから	
6-03552	18500.1	대사	1	聞こえてきた。	
6-03553	18500.2	대사	1	「暗号は？」	
6-03554	18505.1	대사	1	運命の目	
6-03555	18505.2	대사	1	運命の手	
6-03556	18505.3	대사	1	運命の子	
6-03557	18510.0	대사	1	黄色い光が祭壇の内側から	
6-03558	18510.1	대사	1	ほとばしっている。 そしてその中央に、	
6-03559	18510.2	대사	1	光を放つ物体が 浮かび上がっていた・・・	
6-03560	18520.0	대사	1	＊＊個人日誌＊＊	
6-03561	18520.1	대사	1	コズミック・フォージを 封じ込める以外には、	
6-03562	18520.2	대사	1	もはや新たなる災害を 妨げる道は残されていない。	
6-03563	18520.3	대사	1	あれを返す方法があれば よいのだが、	
6-03564	18520.4	대사	1	残念なことに我等の船には、まったく	
6-03565	18520.5	대사	1	燃料がない・・・	
6-03566	18520.6	대사	1	暗号を書き留める:	
6-03567	18520.7	대사	1	「運命 の 手」	
6-03568	18550.0	대사	1	コズミック・フォージを 見よ！	
6-03569	18560.2	대사	1	ペンを手にするか？	
6-03570	18570.0	대사	1	ペンに近付くと・・・	
6-03571	18575.0	대사	1	「それは私が もらっておこう！」	
6-03572	18575.1	대사	1	と、聞きなれない声が言った	
6-03573	18575.2	대사	3	続く・・・	
6-03574	18700.0	대사	2	その玉座には、 巨大なブラックドラゴンが	
6-03575	18700.1	대사	1	座していた。その様子は 不機嫌そうで、	
6-03576	18700.2	대사	1	じっと世界の神秘に思いを 巡らしながら、	
6-03577	18700.3	대사	1	彼の水晶玉に映る はっきりしない何事かを	
6-03578	18700.4	대사	1	何度も見つめていた・・・	
6-03579	18700.5	대사	1	「さて」と、彼は言った。	
6-03580	18700.6	대사	1	「どうも彼等の現在位置を 捉えたようだ」	
6-03581	18700.7	대사	1	我々は森に残っている ダイノザウルスから	
6-03582	18700.8	대사	1	燃料を補給できそうだ。	
6-03583	18700.9	대사	1	だが、我々の船の準備が 整うまで、	
6-03584	18700.10	대사	1	一年はかかるだろう・・・	
6-03585	18700.11	대사	1	後は、我々にこの旅を 成し遂げられるだけの	
6-03586	18700.12	대사	1	ガッツがあるかどうかだ	
6-03587	18700.13	대사	1	私個人としては飛ぶのは それほど	
6-03588	18700.14	대사	1	好きではないが、 皆死んでしまったとあっては	
6-03589	18700.15	대사	1	ここにいても仕方がないし	
6-03590	18720.2	대사	1	コズミック・ロードを 追ってみるかね？	
6-03591	18730.0	대사	1	わかったよ、そちらは 退屈でないと見える。	
6-03592	18731.0	대사	1	よく聞きたまえ、君達が ここに残りたいのなら、	
6-03593	18731.1	대사	1	それはそれでいい。だが私は飛び去るつもりだ。	
6-03594	18731.2	대사	1	ほら、鍵を渡しておくから、	
6-03595	18731.3	대사	1	終わったら封じ込めるのだよ	
6-03596	18731.4	대사	1	それと光のことを 忘れないように・・・	
6-03597	18740.0	대사	1	私もそのつもりさ！	
6-03598	18740.1	대사	1	さぁ、ここからおさらば しようじゃないか！	
6-03599	18750.0	대사	1	どうだい、素敵じゃないか！	
6-03600	18750.1	대사	1	乗船完了！！ さぁ行くぞ！	
6-03601	18800.1	대사	1	座していた。彼はこちらを じっと見つめ、	
6-03602	18800.2	대사	1	その厚い漆黒の獣皮は微妙に	
6-03603	18800.3	대사	1	さざなみをうつかのごとく 揺れ動いていた。	
6-03604	18800.4	대사	1	突然、彼は 耐えられなくなった！	
6-03605	18800.5	대사	1	オオオオ！グググググゥ！	
6-03606	18800.6	대사	1	彼等を殺したなぁ！	
6-03607	18800.7	대사	1	今度は私がお前を 殺してやる！	
6-03608	18810.2	대사	1	獣の口の中に飛び込むか？	
6-03609	18820.0	대사	1	目の前には巨大な獣が 寝静まっていた。	
6-03610	18820.1	대사	1	その姿はとてつもなく 大きく、部屋を	
6-03611	18820.2	대사	1	埋め尽くす程であった。 そしてその眠りは深く、	
6-03612	18820.3	대사	1	息をしているかどうかさえ 定かではなかった。	
6-03613	18820.4	대사	1	その生き物が なんであるにせよ、 ともかく	
6-03614	18820.5	대사	1	その皮は最強の鎧よりも堅くその重さは	
6-03615	18820.6	대사	1	とてつもなく重そうで、 揺り動かそうという	
6-03616	18820.7	대사	1	いかなる試みにも、 微動だにしそうに	
6-03617	18820.8	대사	1	なかった。	
6-03618	18850.0	대사	1	脳が腐ったと思われたかも しれないが、	
6-03619	18850.1	대사	1	とにかく全員が 獣の口の中へと	
6-03620	18850.2	대사	1	飛び込んだ・・・	
6-03621	18850.3	대사	1	と、そこには星々が 瞬いていた・・・	
6-03622	18900.0	대사	1	続く・・・   	
6-03623	18900.1	대사	1	ここで記録を保存すれば 引き続き	
6-03624	18900.3	대사	1	に同じキャラクターを 登場させる事ができます。	
6-03625	18900.4	대사	1	ゲームは再び 魔法の森のどこかから 再開されます。	
6-03626	18950.0	대사	1	あなたたちは煮えたぎる油の谷底へ落ち、	
6-03627	18950.1	대사	1	その底の奥深く、銀河の虚無の中に	
6-03628	18950.2	대사	1	永遠に閉じ込められることでしょう！	
