ID	위치	구분	공유	원문	번역
7-00001	1050.0	대사	1	ｾｷｭﾘﾃｨｰﾁｪｯｸ	
7-00002	1050.1	대사	1	ﾁｽﾞ ｦ ﾋﾗｲﾃｸﾀﾞｻｲ	
7-00003	1050.3	대사	1	ﾆ ｱﾙ $ ﾊ?	
7-00004	1060.0	대사	1	ﾄﾁ	
7-00005	1060.1	대사	1	ﾀｷ	
7-00006	1060.2	대사	1	ﾄｳ	
7-00007	1060.3	대사	1	ﾏﾁ	
7-00008	1060.4	대사	1	ｲﾘｴ	
7-00009	1060.5	대사	1	ｶﾜ	
7-00010	1060.6	대사	1	ｺｳﾔ	
7-00011	1060.7	대사	1	ﾓﾘ	
7-00012	1060.8	대사	1	ﾔﾏ	
7-00013	1060.9	대사	1	ｼﾏ"	
7-00014	1570.21	대사	1	^ ﾊ ｺｳｼｮｳ ﾆ ﾊｲｯﾀ	
7-00015	1570.22	대사	1	^ ﾊ ﾖﾛｺﾝﾃﾞｲﾙﾖｳﾀﾞ!	
7-00016	1570.23	대사	1	^ ﾊ ｳﾁﾄｹﾃｲﾅｲ	
7-00017	1570.24	대사	1	^ ﾊ ｲｶﾘﾀﾞｼﾀ!!	
7-00018	1600.0	대사	1	 ^ のことを 言ってるのか、	
7-00019	1600.1	대사	1	それとも ^ のことか？	
7-00020	1600.2	대사	1	なんのことだ？	
7-00021	1600.3	대사	1	それは知らない…	
7-00022	1600.4	대사	1	わからない…	
7-00023	1600.5	대사	1	^ のことか？	
7-00024	1600.6	대사	1	言ってることが わからない…	
7-00025	1600.7	대사	1	ヘ？	
7-00026	1600.8	대사	1	そりゃあよかった、 それで…	
7-00027	1600.9	대사	1	そうしたらどうだ…	
7-00028	1600.10	대사	1	待ってるんだが…	
7-00029	1600.11	대사	1	それを言うな…	
7-00030	1600.12	대사	1	なんと口汚いことを！ 同じ言葉を 返してやろう	
7-00031	1600.13	대사	1	忘れたんじゃ ないかな…	
7-00032	1600.14	대사	1	なにを 助けてほしいって？	
7-00033	1615.0	대사	1	ハハハ！	
7-00034	1615.1	대사	1	 ^ なんて 知らない…	
7-00035	1615.2	대사	1	 ^ の 噂を聞いたよ…	
7-00036	1615.3	대사	1	 ^ なんて 名前は 聞いたことない…	
7-00037	1615.4	대사	1	誰	
7-00038	1615.5	대사	1	何	
7-00039	1615.6	대사	1	いつかは 知らない…	
7-00040	1615.7	대사	1	どこ	
7-00041	1615.8	대사	1	どちらだか 知らない…	
7-00042	1615.9	대사	1	なぜ	
7-00043	1615.10	대사	1	どうやって	
7-00044	1615.11	대사	1	俺は生きてる…	
7-00045	1615.12	대사	1	知らないな…	
7-00046	1615.13	대사	1	それは 君の意見だ…	
7-00047	1615.14	대사	1	君には いいんじゃないか…	
7-00048	1615.15	대사	2	知らない…	
7-00049	1615.16	대사	1	たぶん…	
7-00050	1615.17	대사	1	と、君は 考えるわけだ…	
7-00051	1615.18	대사	1	続けてくれ…	
7-00052	1615.19	대사	1	試してみるんだな！	
7-00053	1615.20	대사	1	そいつは面白い…	
7-00054	1615.21	대사	1	教えてくれて どうも…	
7-00055	1615.22	대사	1	考えてみよう…	
7-00056	1615.23	대사	1	聞いたことが ない…	
7-00057	1615.24	대사	1	何を探している？	
7-00058	1615.25	대사	1	何をしなければ ならない？	
7-00059	1615.26	대사	1	ヘッヘ、 おれは何も 聞いてねえや	
7-00060	1615.27	대사	1	我々のパーティー	
7-00061	1615.28	대사	1	言えない…	
7-00062	1615.29	대사	1	金が足りない ようだな…	
7-00063	1615.30	대사	1	面白い噂があるんだが、 聞きたいだろ？	
7-00064	1690.0	대사	1	{03}はい/{02}いいえ/	
7-00065	1690.2	대사	1	５０ＧＰ払いますか？	
7-00066	1700.0	대사	1	エ・ラ・ティーラング	
7-00067	1700.1	대사	1	シュリ・ティーラング	
7-00068	1700.2	대사	1	Ｋボラ・ティーラング	
7-00069	1700.3	대사	1	ディーラング・ディー	
7-00070	1700.4	대사	1	ヤモ将軍	
7-00071	1700.5	대사	1	ロダン・レワークス	
7-00072	1700.6	대사	1	追跡者ラハーリック	
7-00073	1700.7	대사	1	グラッパー中尉	
7-00074	1700.8	대사	1	ウルガー王	
7-00075	1700.9	대사	1	ガリエラ卿	
7-00076	1700.10	대사	2	ボエリガード大尉	
7-00077	1700.11	대사	1	バルローン	
7-00078	1700.12	대사	1	ラップーティン	
7-00079	1700.13	대사	1	ミック・ザ・ピッグ	
7-00080	1700.14	대사	1	ケ・リ女王	
7-00081	1700.15	대사	1	ジャン・エッテ	
7-00082	1700.16	대사	1	マグナ・ダーン	
7-00083	1700.17	대사	1	カイマス・ツラン	
7-00084	1700.18	대사	1	ジーン・ゼン	
7-00085	1700.19	대사	1	ブラザー・ツォーバー	
7-00086	1700.20	대사	1	ベラ	
7-00087	1700.21	대사	1	あなたのパーティー	
7-00088	1750.0	대사	1	あなた	
7-00089	1750.1	대사	1	サーヴァント・キサ	
7-00090	1750.2	대사	1	ティーラング	
7-00091	1750.3	대사	1	あんぱに	
7-00092	1750.4	대사	1	ダーン	
7-00093	1750.5	대사	1	ムング	
7-00094	1750.6	대사	1	ゴーン	
7-00095	1750.7	대사	1	ラツキン	
7-00096	1750.8	대사	1	ヘラゾイド	
7-00097	1750.9	대사	1	コズミック・フォージ	
7-00098	1750.10	대사	1	邪悪なる恐怖	
7-00099	1770.0	대사	1	ニューシティ	
7-00100	1770.1	대사	1	ディオニスセウス	
7-00101	1770.2	대사	1	ニクタリンス	
7-00102	1770.3	대사	1	オルコグレジョウ	
7-00103	1770.4	대사	1	ラツキンノハイキョ	
7-00104	1770.5	대사	1	ムンクハラマ	
7-00105	1770.6	대사	1	てんくんのとし	
7-00106	1770.7	대사	1	アクパイル	
7-00107	1770.8	대사	1	魔女の山	
7-00108	1770.9	대사	1	失われた寺院	
7-00109	1770.10	대사	1	ジャイアントランド	
7-00110	1781.0	대사	1	神秘の島	
7-00111	1781.1	대사	1	トラモンテン	
7-00112	1781.2	대사	1	ドラゴンマウンテン	
7-00113	1781.3	대사	1	オールド・ファン	
7-00114	1781.4	대사	1	古墓地	
7-00115	1781.5	대사	1	オールドシティー	
7-00116	1781.6	대사	1	ミルミデオン・ロード	
7-00117	1781.7	대사	1	赤の森	
7-00118	1781.8	대사	1	オルコグレの森	
7-00119	1781.9	대사	1	リバー・ロード	
7-00120	1781.10	대사	1	アイラン川	
7-00121	1781.11	대사	2	荒野	
7-00122	1781.13	대사	1	北の森	
7-00123	1781.14	대사	1	古代の墓	
7-00124	1781.15	대사	1	？？不明？？	
7-00125	1800.0	대사	1	？寺院？	
7-00126	1800.1	대사	1	？ボート？	
7-00127	1800.2	대사	1	？ヘビ？	
7-00128	1800.3	대사	1	？ドラゴン？	
7-00129	1800.4	대사	1	？スフィンクス？	
7-00130	1800.5	대사	1	？神秘？	
7-00131	1800.6	대사	1	？伝説？	
7-00132	1800.7	대사	1	？クリスタル？	
7-00133	1800.8	대사	1	？星？	
7-00134	1800.9	대사	1	？球体？	
7-00135	1800.10	대사	1	？おろか者？	
7-00136	1850.0	대사	1	^は $で #と 戦っている	
7-00137	1850.1	대사	1	^は $で #を やっつけた	
7-00138	1850.2	대사	1	^は #と秘かに 協定を結んだ	
7-00139	1850.3	대사	1	^は $から #の地図を 手に入れた	
7-00140	1850.4	대사	1	^は #の地図を みつけた	
7-00141	1850.5	대사	1	^は #と同盟を 組んだ	
7-00142	1850.6	대사	1	^は $で 目撃された	
7-00143	1850.7	대사	1	^は #の 地図の謎を解いた	
7-00144	1850.8	대사	1	^は #の 名において $を制圧した	
7-00145	1850.9	대사	1	^は #の 名において $を奪還した	
7-00146	1850.10	대사	1	^は $を 探している	
7-00147	1880.0	대사	1	$は # の地図を 持っている	
7-00148	1880.1	대사	2	$が # の地図を 持っているらしい	
7-00149	1880.3	대사	1	# の地図は $の近くに 隠されているらしい	
7-00150	1900.3	대사	1	$は すぐにやられて 消え失せるだろう	
7-00151	1900.4	대사	1	$は 一番役にたたない	
7-00152	1900.5	대사	1	$は 私によく仕えている	
7-00153	1900.6	대사	1	$は 役にたたない ただ飯くらいだ	
7-00154	1900.7	대사	1	$は 信用できない	
7-00155	1900.8	대사	1	$は 我々に よく仕えている	
7-00156	1900.9	대사	1	$に 慈悲など いるものか！	
7-00157	1900.10	대사	1	$と 我々は うまくやっている	
7-00158	1900.11	대사	1	$は 我らが敵！	
7-00159	1900.12	대사	1	$は 邪悪な連中だ！	
7-00160	1900.13	대사	1	$は 導きを得ていない	
7-00161	1900.14	대사	1	$は 我らが兄弟！	
7-00162	1900.15	대사	1	$は 盗人の悪党だ！	
7-00163	1900.16	대사	1	$は 今や最良の者たちだ	
7-00164	1900.17	대사	1	$のことを 我々は疑っている	
7-00165	1900.18	대사	1	$は 煮え立つ油の中で 亡びるがよい！	
7-00166	1900.19	대사	1	$の することは予測できない	
7-00167	1900.20	대사	1	$は 我らの客人だ	
7-00168	1900.21	대사	1	$は ゆっくりと 責め苛まれるがよい！	
7-00169	1900.22	대사	1	$なら なんでもできるだろう	
7-00170	1900.23	대사	1	$は 我らがおきてを 受け入れている	
7-00171	1924.0	대사	1	$は その罪の報いを 受けるだろう！	
7-00172	1924.1	대사	1	$は 我々とは関わりがない	
7-00173	1924.2	대사	1	$は 潔白だ！	
7-00174	1924.3	대사	1	$は 危険だ！	
7-00175	1924.4	대사	1	$に は注意した方がいい	
7-00176	1924.5	대사	1	$は 使い物にならない	
7-00177	1924.6	대사	1	$の 作る食事は旨い！	
7-00178	1924.7	대사	1	$は 我々の邪魔に ならないようにしている	
7-00179	1924.8	대사	1	$は 彼らなりに よくやっている	
7-00180	1924.9	대사	1	$は うち負かすべき敵！	
7-00181	1924.10	대사	1	$は 我々を置き去りにした	
7-00182	1924.11	대사	1	$は 我らが必要とするときに 助けの手を差し延べた！	
7-00183	1924.12	대사	1	我らは勝利する！	
7-00184	1950.0	대사	1	ｵﾏｴ	
7-00185	1950.1	대사	1	ｻｰｳﾞｧﾝﾄ･ｷｻ･ｶ	
7-00186	1950.2	대사	1	ﾃｨｰﾗﾝｸﾞ	
7-00187	1950.3	대사	1	ｱﾝﾊﾟﾆ	
7-00188	1950.4	대사	1	ﾀﾞｰﾝ	
7-00189	1950.5	대사	1	ﾑﾝｸ	
7-00190	1950.6	대사	1	ｺﾞｰﾝ	
7-00191	1950.7	대사	1	ﾗﾂｷﾝ	
7-00192	1950.8	대사	1	ﾍﾗｿﾞｲﾄﾞ	
7-00193	1950.9	대사	1	ｺｽﾞﾐｯｸ･ﾌｫｰｼﾞ	
7-00194	1950.10	대사	1	ﾍﾞﾗﾄｿﾉﾃｻｷﾄﾞﾓ	
7-00195	2020.16	대사	1	休息中	
7-00196	2020.20	대사	2	何かを見つけた！	
7-00197	2020.23	대사	1	探している	
7-00198	2020.25	대사	1	何もない	
7-00199	2020.26	대사	2	効果なし	
7-00200	7000.0	대사	1	ｵｼｴﾙ	
7-00201	7000.2	대사	1	ﾃﾞｽﾖ	
7-00202	7000.3	대사	1	ﾃﾞｽﾀﾞ	
7-00203	7000.4	대사	1	ﾓｯﾃｲﾙ	
7-00204	7000.5	대사	1	ﾎｼｲ	
7-00205	7000.6	대사	1	ｱﾀｴﾙ	
7-00206	7000.7	대사	1	ﾄﾙ	
7-00207	7000.8	대사	1	ﾂｶｳ	
7-00208	7000.9	대사	1	ﾃﾆｲﾚﾙ	
7-00209	7030.0	대사	1	ﾀﾞﾚ	
7-00210	7030.1	대사	1	ﾅﾆ	
7-00211	7030.2	대사	1	ｲﾂ	
7-00212	7030.3	대사	1	ﾄﾞｺ	
7-00213	7030.4	대사	1	ﾄﾞﾁﾗ	
7-00214	7030.5	대사	1	ﾅｾﾞ	
7-00215	7030.6	대사	1	ﾄﾞｳﾔｯﾃ	
7-00216	7040.0	대사	1	ﾅｲ	
7-00217	7050.0	대사	1	ｽﾙ	
7-00218	7050.1	대사	1	ﾃﾞｷﾙ	
7-00219	7053.2	대사	1	ｼﾅｶｯﾀ	
7-00220	7070.0	대사	1	ｱﾅﾀ	
7-00221	7070.1	대사	3	ﾜﾀｼ	
7-00222	7070.2	대사	1	ﾜﾚﾜﾚ	
7-00223	7070.3	대사	1	ﾜﾚﾗﾉ	
7-00224	7070.4	대사	1	ﾜﾚﾗ	
7-00225	7070.5	대사	1	ﾜﾀｼﾀﾁ	
7-00226	7070.7	대사	2	ｷﾐ	
7-00227	7090.0	대사	1	ｿﾚ	
7-00228	7090.1	대사	1	ｺﾚ	
7-00229	7090.2	대사	1	ｱﾚ	
7-00230	7090.3	대사	1	ｺﾚﾗ	
7-00231	7090.4	대사	1	ｶﾚ	
7-00232	7090.5	대사	1	ｶﾉｼﾞｮ	
7-00233	7090.6	대사	1	ｶﾚｦ	
7-00234	7090.7	대사	1	ｶﾉｼﾞｮｦ	
7-00235	7090.8	대사	1	ｿﾚｦ	
7-00236	7090.9	대사	1	ｶﾚﾗｦ	
7-00237	7090.10	대사	1	ｶﾚﾗ	
7-00238	7120.0	대사	1	ﾊｰｲ	
7-00239	7120.1	대사	1	ﾊﾞｲ	
7-00240	7120.2	대사	1	ｲｴｽ	
7-00241	7120.3	대사	1	ﾉｰ	
7-00242	7120.4	대사	1	ﾀﾌﾞﾝ	
7-00243	7120.5	대사	1	ﾄﾞｳﾓ	
7-00244	7120.6	대사	1	ｸｿ	
7-00245	7120.7	대사	1	ﾜｽﾚﾙ	
7-00246	7120.8	대사	1	ﾀｽｹﾙ	
7-00247	7120.9	대사	1	ﾊﾊﾊ	
7-00248	7140.0	대사	1	ﾉ	
7-00249	7140.2	대사	1	ﾆﾂｲﾃ	
7-00250	7140.3	대사	1	ﾍ	
7-00251	7140.6	대사	1	ｲｸﾂｶ	
7-00252	7160.0	대사	1	ﾊｰｲ/ｺﾝﾆﾁﾊ/ｺﾝﾊﾞﾝﾜ/ﾊﾛｰ/ﾁｬｵ/ｺﾝﾆﾁﾜ/	
7-00253	7160.1	대사	1	ﾊﾞｲ/ｻﾖﾅﾗ/ﾏﾀ/ﾊﾞｲﾊﾞｲ/ｼﾞｬｱﾈ/	
7-00254	7160.2	대사	1	ｲｴｽ/ﾊｲ/ｵｰｹｰ/ﾓﾁﾛﾝ/	
7-00255	7160.3	대사	1	ﾉｰ/ｲｲｴ/ｲﾔ/ｲﾔﾀﾞ/	
7-00256	7160.4	대사	1	ﾄﾞｳﾓ/ｱﾘｶﾞﾄｳ/ｻﾝｷｭｰ/ｱﾘｶﾞﾄ/	
7-00257	7160.5	대사	1	ﾜｽﾚﾙ/ｷﾆｼﾅｲ/ﾜｽﾚﾀ/ｵﾎﾞｴﾃﾅｲ/ﾅﾝﾀﾞｯｹ/ﾅﾝﾀﾞｯﾀ/	
7-00258	7160.6	대사	1	ｸｿ/ﾊﾞｶ/ｱﾎ/ｷﾁｶﾞｲ/ﾌﾞﾀ/ｳｼﾞﾑｼ/ｼﾈ/ｼﾆﾅ/ｶｴﾙ/	
7-00259	7160.7	대사	1	ｵｼｴﾙ/ﾂｹﾞﾙ/ﾊﾅｽ/ｼﾙ/ｼｯﾃｲﾙ/ｵｼｴﾃ/ｲｳ/ﾊﾅｾ/ﾊﾅｼﾃ/	
7-00260	7160.8	대사	1	ﾌﾞﾗｯｸ･ｼｯﾌﾟ/ﾌﾞﾗｯｸｼｯﾌﾟ/ｸﾛｲﾌﾈ/	
7-00261	7160.9	대사	1	ﾃﾆｲﾚﾙ/ﾐﾂｹﾙ/ｶｳ/ｴﾙ/ﾎｼｲ/	
7-00262	7160.10	대사	1	ｱﾀｴﾙ/ｳﾙ/ﾐｾﾙ/ﾄﾘﾋｷ/	
7-00263	7160.11	대사	1	ﾎｼｲ/ｲﾙ/ｽｷ/	
7-00264	7160.12	대사	1	ﾀｽｹﾙ/ｴﾝｼﾞｮ/ｼｴﾝ/ﾀｽｹ/	
7-00265	7160.13	대사	1	ﾊﾊﾊ/ｵｶｼｲ/ﾍﾝ/ﾜﾗｯﾁｬｳ/ﾜﾗｳ/ﾍﾝﾅﾉ/	
7-00266	7160.14	대사	1	ｵｼｴﾙ ﾀﾞﾚ ･･･/ﾅﾏｴ/	
7-00267	7160.15	대사	1	ｱﾅﾀ/ｷﾐ/ｵﾏｴ/ﾅﾏｴﾊ/ﾃﾒｰ/ｷｻﾏ/	
7-00268	7160.16	대사	1	ﾓｯﾃｲﾙ/ｼｮｻﾞｲ/ｼｮｼﾞ/ﾓﾂ/ﾓｯﾃｲﾙ/	
7-00269	7160.17	대사	1	ｱﾅﾀ ﾅﾆ ｵｼｴﾙ/ｳﾜｻ/ﾋﾝﾄ/ﾊｹ/	
7-00270	7160.18	대사	1	ﾊﾞｲ/ｸﾞｰﾃﾝｽﾞﾌﾞﾗ/ﾁｬﾗ/	
7-00271	7160.19	대사	1	ﾊｲﾙ/ｱｹﾙ/ﾊｽﾞｽ/ｼﾝﾆｭｳ/	
7-00272	7160.20	대사	1	ﾃﾞｷﾙ ﾅｲ/ｽﾙﾅ/ｲｹﾅｲ/	
7-00273	7160.21	대사	1	ｽﾙ ﾅｲ/ﾃﾞｷﾅｲ/ﾀﾞﾒ/	
7-00274	7160.22	대사	1	ｼﾅｶｯﾀ ﾅｲ/ｼﾅｲﾀﾞﾛｳ/ﾅｲﾀﾞﾛｳ/	
7-00275	7160.23	대사	1	ｼﾅｶｯﾀ ﾅｲ/ｼﾅｶｯﾀﾊｽﾞ/ｼﾏｾﾝﾃﾞｼﾀ/	
7-00276	7160.24	대사	1	ｼﾞｭｰｽ/ﾏﾎｳﾉｼﾞｭｰｽ/	
7-00277	7160.25	대사	1	ﾃﾝｸｳﾉﾄｼ/ﾃﾝｸｳﾄｼ/	
7-00278	7160.26	대사	1	ﾜﾀｼ/ｱﾀｼ/ﾎﾞｸ/ｵﾚ/ﾜｼ/	
7-00279	7160.27	대사	1	ﾒｶﾞﾐｴﾅｲ/ﾒ/ﾐｴﾅｲ/ﾓｳﾓｸ/ﾒｸﾗ/	
7-00280	7160.28	대사	1	ｶﾈ/ｺｲﾝ/ｵｶﾈ/ｷﾝｶ/GP/	
7-00281	7189.0	대사	1	ｶﾚﾗ ﾃﾞｽﾖ/ﾔﾂﾗ/ｱｲﾂﾗ/	
7-00282	7189.1	대사	1	ﾈﾙ/ﾄﾏﾙ/ﾄﾏﾘ/	
7-00283	7189.2	대사	1	ｳﾐ/ｳﾐﾍﾞ/	
7-00284	7189.3	대사	1	ﾅﾆ ･･･/ﾅﾝﾃﾞｽｶ/ﾅﾝﾀﾞ/ﾅﾆ/ﾅﾝﾃﾞｼｮｳ/	
7-00285	7189.4	대사	1	ﾀﾞﾚ ･･･/ﾀﾞﾚﾃﾞｽｶ/ﾀﾞﾚ/ﾀﾞﾚﾀﾞ/ﾄﾞｲﾂ/	
7-00286	7189.5	대사	1	ﾄﾞｺ ･･･/ﾄﾞｺﾃﾞｽｶ/ﾄﾞｺ/ﾄﾞｺﾀﾞ/ﾊﾞｼｮ/	
7-00287	7189.6	대사	1	ﾄﾞｳﾔｯﾃ ･･･/ﾄﾞｳﾔｯﾃ/ﾄﾞﾉﾖｳﾆ/	
7-00288	7189.7	대사	1	ｲﾂ ･･･/ｲﾂﾃﾞｽｶ/ｲﾂﾀﾞ/ｲﾂ/	
7-00289	7189.8	대사	1	ｿﾚ ･･･/ｿﾚﾊ/ｿﾚ/ｱﾚ/ｺﾚ/	
7-00290	7189.9	대사	1	ﾚﾜｰｸｽ/ﾛﾀﾞﾝ/ﾛﾀﾞﾝ･ﾚﾜｰｸｽ/ﾛﾀﾞﾝﾚﾜｰｸｽ/	
7-00291	7189.10	대사	1	ｳｼﾅﾜﾚﾀｼﾞｲﾝ/ｼﾞｲﾝ/ﾃﾗ/	
7-00292	7189.11	대사	1	ﾀｽｹﾙ/ﾀｽｹﾃ/ﾀｽｹﾛ/	
7-00293	7189.12	대사	1	ﾄｳ/ﾀﾜｰ/ｸﾞﾚｰﾄﾀﾜｰ/ﾀﾞｰﾝﾉﾄｳ/	
7-00294	7189.13	대사	1	ﾄｳｿﾞｸ/ﾄﾞﾛﾎﾞｳ/	
7-00295	7189.14	대사	1	ﾊﾞﾙﾛｰﾝ/ﾄﾞﾝ･ﾊﾞﾙﾛｰﾝ/	
7-00296	7189.15	대사	1	ｾﾝｿｳ/ｲｸｻ/ﾀﾀｶｲ/	
7-00297	7189.16	대사	1	ｱｶｲﾎﾝ/ｱｶﾉﾎﾝ/	
7-00298	7189.17	대사	1	ﾔ/ｱﾛｰ/	
7-00299	7189.18	대사	1	ｾﾞﾝ/ﾏｽﾀｰ･ｾﾞﾝ/ｼﾞｰﾝ･ｾﾞﾝ/	
7-00300	7189.19	대사	1	ﾕﾐ/ﾎﾞｳ/ｲﾙﾓﾉ/	
7-00301	7189.20	대사	1	ｼﾞｮｵｳ/ｼﾞｮｳ/ｼﾞｮｵｵ/	
7-00302	7189.21	대사	1	ｴｯｸﾞ/ﾀﾏｺﾞ/	
7-00303	7189.22	대사	1	ﾊﾝｼｬ ﾉ ﾕﾋﾞﾜ/ﾊﾝｼｬﾉﾕﾋﾞﾜ/	
7-00304	7189.23	대사	1	ｼﾞｬｼﾞｬy/ｼﾞｮｼﾞｮ/	
7-00305	7189.24	대사	1	ｷﾞｪ/ｷﾞｮ/	
7-00306	7189.25	대사	1	ｼｪ/ｼｪ/	
7-00307	7189.26	대사	1	ｼｮ/ｼｮ/	
7-00308	7189.27	대사	1	ｼｬ/ｼｬ/	
7-00309	8000.0	대사	1	 ﾜﾚﾜﾚ@	
7-00310	8000.4	대사	1	もちろん、ここにいる！	
7-00311	8000.5	대사	1	{1F}ﾜﾚﾜﾚ@	
7-00312	8000.10	대사	1	!ﾆｭｰｼﾃｨｰ@	
7-00313	8000.12	대사	1	ニューシティーは、 誰もがいつかは たどり着くところだ。	
7-00314	8000.13	대사	1	ニューシティーは 海の北の端にある…	
7-00315	8000.15	대사	1	!ﾃﾞｨｵﾆｾｳｽ@	
7-00316	8000.17	대사	2	ディオニスセウスの グレートタワーを 支配するのは マグナ・ダーン！	
7-00317	8000.18	대사	2	ディオニスセウスは ミルミデオンの森の 西にある…	
7-00318	8000.20	대사	4	!ﾆｸﾀﾘﾝｽ@	
7-00319	8000.22	대사	1	野蛮なティーラングの群が ニクタリンスの 廃墟に陣取っている。	
7-00320	8000.23	대사	1	ニクタリンスは 赤の森の北にある…	
7-00321	8000.25	대사	6	!ｵﾙｺｸﾞﾚ@	
7-00322	8000.27	대사	1	オルコグレ城は オルコグレの森の どこかに隠されている！	
7-00323	8000.30	대사	6	!ﾗﾂｷﾝﾉﾊｲｷｮ@	
7-00324	8031.1	대사	1	ラツキンの廃墟は とても危険なところだと 言われている…	
7-00325	8031.2	대사	1	ラツキンの廃墟は 北東の森の奥深くにある…	
7-00326	8031.4	대사	8	!ﾑﾝｸﾊﾗﾏ@	
7-00327	8031.6	대사	1	ムンクの聖なる都市…	
7-00328	8031.7	대사	1	ムンクハラマは トラモンテンの森の アイラン川の先にある…	
7-00329	8031.9	대사	2	!ﾃﾝｸｳﾉﾄｼ@	
7-00330	8031.11	대사	1	ヘラゾイドの空飛ぶ機械には気をつけろ！	
7-00331	8031.12	대사	1	噂では、伝説の都市は 海の南の上空高くにあると 言われている…	
7-00332	8031.14	대사	6	!ｱｸﾊﾟｲﾙ@	
7-00333	8031.16	대사	1	アンパニがジャングルの中に巨大な要塞を築いたらしい…	
7-00334	8031.17	대사	1	アクパイルは荒野の向こう、アクパイルの山の ふもとにある…	
7-00335	8031.19	대사	1	!ｼﾞｬｲｱﾝﾄﾗﾝﾄﾞ@	
7-00336	8031.21	대사	1	人間を食らう恐ろしい巨人がうろついているらしい！	
7-00337	8031.22	대사	1	ジャイアントランドは アイラン川の北にある…	
7-00338	8031.24	대사	1	 ﾏｼﾞｮ@	
7-00339	8031.25	대사	1	東の山には恐ろしい 魔女がいるらしい！	
7-00340	8031.27	대사	1	魔女の山は遥か東、 アクパイルの北にある…	
7-00341	8031.29	대사	1	!ﾄｳ@	
7-00342	8031.34	대사	1	!ｳｼﾅﾜﾚﾀｼﾞｲﾝ@	
7-00343	8031.36	대사	1	誰も知らない！	
7-00344	8031.37	대사	1	その場所は 数百年も謎のままだ！	
7-00345	8031.39	대사	1	!ｶﾅｼﾐﾉｳﾐ%	
7-00346	8031.41	대사	1	海の秘密を守る怪物が いるという話だ…	
7-00347	8031.42	대사	1	ニューシティーには、 悲しみの海につながる 波止場がある。	
7-00348	8031.44	대사	1	{1F}ｳﾐ@	
7-00349	8031.49	대사	1	!ｼﾝﾋﾟﾉｼﾏ@	
7-00350	8031.51	대사	1	神秘の島には、 長いこと忘れ去られている 秘密が眠っている！	
7-00351	8031.52	대사	1	その島にたどり着くには、 海を渡らなければならない。	
7-00352	8031.54	대사	1	!ﾄﾗﾓﾝﾃﾝ@	
7-00353	8031.56	대사	1	トラモンテンの森は アクパイルの山の こちら側にある…	
7-00354	8031.59	대사	5	!ﾌｧﾝﾊｳｽ@	
7-00355	8031.61	대사	1	オールド・ファンハウスは ラツキンの廃墟の中にある…	
7-00356	8031.62	대사	1	そいつは ラズーカたちの隠れ家だ！	
7-00357	8094.1	대사	1	!ﾎﾞﾁ	
7-00358	8094.3	대사	2	偉大なる先祖の 多くがそこに眠っている…	
7-00359	8094.4	대사	1	墓地はニクタリンスの教会の裏にある…	
7-00360	8094.6	대사	1	 ﾄﾞﾗｺﾞﾝ@	
7-00361	8094.8	대사	1	噂では、 ドラゴンは夜に海の上を 飛んでいるらしい。	
7-00362	8094.9	대사	1	巨大なドラゴンが 南の海の向こうに いるらしい！	
7-00363	8094.11	대사	1	!ｷｮｳｶｲ@	
7-00364	8094.14	대사	1	教会はニクタリンスの 廃墟の中にある…	
7-00365	8094.16	대사	2	!ｵｰﾙﾄﾞｼﾃｨｰ@	
7-00366	8094.18	대사	1	オールドシティーの廃墟は ニューシティーの 地下にある。	
7-00367	8094.21	대사	1	!ｺｳﾔ@	
7-00368	8094.23	대사	1	海の東と西には広大な荒野が拡がっている！	
7-00369	8094.26	대사	1	!ﾊｲｶﾞﾙﾃﾞｨ@	
7-00370	8094.28	대사	1	伝説ではハイガルディが 天空を支配していたという…	
7-00371	8094.29	대사	1	そいつはただの伝説だ！	
7-00372	8094.31	대사	1	!ｱｲﾗﾝ@	
7-00373	8094.33	대사	1	川はおっかない山から 海に流れてる…	
7-00374	8094.36	대사	1	{1F}ｶﾜ@	
7-00375	8094.41	대사	1	!ﾐﾙﾐﾃﾞｵﾝ@	
7-00376	8094.43	대사	1	ミルミデオンの森は ダーンの領域だ！	
7-00377	8094.46	대사	7	 ｴｲﾁｼﾞｪﾝ･ﾗ@	
7-00378	8094.47	대사	1	すべてのティーラングの主！	
7-00379	8094.49	대사	1	ニクタリンスの廃墟で、 厳重に護衛されている という話だ…	
7-00380	8094.51	대사	5	 ｼｭﾘﾁ@	
7-00381	8094.52	대사	1	ティーラングの 恐ろしい暗殺者！	
7-00382	8094.54	대사	1	シュリチ・ティーラングは アンパニの軍隊の 邪魔をしようとしている	
7-00383	8094.55	대사	1	この近くに いないことを祈るよ！	
7-00384	8094.56	대사	3	 ｹｰﾎﾞﾗ@	
7-00385	8094.57	대사	1	ティーラングの暗殺者、 その刃には気をつけろ！	
7-00386	8094.59	대사	1	ティーラングは ニクタリンスの廃墟を 荒らしている…	
7-00387	8094.61	대사	2	{1F}ﾃﾞｨｰﾗﾝｸﾞ@	
7-00388	8094.66	대사	9	 ﾔﾓ@	
7-00389	8094.67	대사	1	アンパニの軍勢の指揮官だ！	
7-00390	8094.69	대사	2	アンパニはアクパイルの ジャングルの中に 要塞を築いた。	
7-00391	8094.71	대사	7	 ﾚﾜｰｸｽ@	
7-00392	8094.72	대사	1	ロダン・レワークスは アンパニの中でも 有数の追跡者だ！	
7-00393	8168.0	대사	1	ロダン・レワークスは ティーラングを 狩り立てている。	
7-00394	8168.1	대사	1	ティーラングのいるところ、 常にロダン・レワークスの 影有り！	
7-00395	8168.2	대사	4	 ﾗﾊｰﾘｯｸ@	
7-00396	8168.3	대사	1	アンパニは ティーラングを 全滅させたがっている！	
7-00397	8168.7	대사	2	{1F}ｸﾞﾗﾝﾄﾗｯﾊﾟｰ@	
7-00398	8168.12	대사	6	 ｳﾙｶﾞｰ@	
7-00399	8168.13	대사	1	ゴーンの王は 捕虜を生きたままで 食べるらしい！	
7-00400	8168.15	대사	1	ゴーンの王は、 城の玉座の間にいる。	
7-00401	8168.17	대사	5	 ｶﾞﾘｴﾗ@	
7-00402	8168.18	대사	1	そのゴーンの貴族は どんな武器でも 使いこなせるそうだ。	
7-00403	8168.20	대사	1	そのゴーンの貴族は オルコグレ城で 王に仕えている。	
7-00404	8168.22	대사	3	 ﾎﾞｴﾘｶﾞｰﾄﾞ@	
7-00405	8168.23	대사	1	最近彼に会っていない…	
7-00406	8168.25	대사	2	ゴーンの領土は オルコグレの森全体に 拡がっている！	
7-00407	8168.27	대사	6	 ﾊﾞﾙﾛｰﾝ@	
7-00408	8168.28	대사	1	ラツキン一の巨漢だ。 ラズーカ一家の親玉、 盗賊の首領だよ。	
7-00409	8168.30	대사	1	噂ではそいつは 人間の骨を かじってるらしい。	
7-00410	8168.32	대사	5	 ﾗﾂﾌﾟｰﾃｨﾝ@	
7-00411	8168.33	대사	1	ラツキンの盗賊は すべての木陰に 潜んでいる！	
7-00412	8168.35	대사	1	ラツキンの隠れ家は とてもうまく隠されている。	
7-00413	8168.37	대사	2	{1F}ﾐｯｸ･ｻﾞ･ﾋﾟｯｸ@	
7-00414	8168.42	대사	2	 ｹ･ﾘ@	
7-00415	8168.43	대사	1	ケ・リは伝説の ヘラゾイドの女王だ！	
7-00416	8168.45	대사	1	噂では天空の都市を 支配しているらしい。	
7-00417	8168.47	대사	2	 ｼﾞｬﾝ･ｴｯﾃ@	
7-00418	8168.48	대사	1	空飛ぶヘラゾイドは ロケットに乗っている！	
7-00419	8168.50	대사	1	ヘラゾイドが飛んできたら、男どもは 気をつけた方がいい！	
7-00420	8168.52	대사	9	 ﾏｸﾞﾅ･ﾀﾞｰﾝ@	
7-00421	8168.53	대사	2	ダーンの家の主！	
7-00422	8168.55	대사	1	グレートタワーの頂上から、毎晩不気味な悲鳴が聞こえる らしい。	
7-00423	8168.57	대사	7	 ｶｲﾏｽ･ﾂﾗﾝ@	
7-00424	8168.58	대사	1	不思議な力の伝達者、カイマス・ツランには気をつけろ！	
7-00425	8168.60	대사	1	ダーンの家は ディオニスセウスの グレートタワーの中だ。	
7-00426	8229.1	대사	5	 ｾﾞﾝ@	
7-00427	8229.2	대사	1	彼は人知を越えた力を 持っているらしい。	
7-00428	8229.4	대사	1	彼はどこかで 秘密の道場を 開いているらしい。	
7-00429	8229.6	대사	4	 ﾂｫｰﾊﾞｰ@	
7-00430	8229.7	대사	1	ブラザー・ツォーバーは アイラン川の ムンクハラマ橋を 守っている。	
7-00431	8229.9	대사	1	彼はアイラン川の ムンクハラマ橋を守っている。	
7-00432	8229.11	대사	1	 ｳﾞｨ･ﾄﾞﾐﾅ@	
7-00433	8229.16	대사	7	 ﾀﾞｰｸ･ｻｰｳﾞｧﾝﾄ@	
7-00434	8229.17	대사	1	恐るべき銀河の支配者！	
7-00435	8229.19	대사	1	誰も知らん！	
7-00436	8229.21	대사	1	 ﾄｰｹｻｰﾃﾞ@	
7-00437	8229.24	대사	1	グレートタワーの頂上から、毎晩不気味な悲鳴が 聞こえるらしい。	
7-00438	8229.26	대사	3	 ｻｰｳﾞｧﾝﾄ@	
7-00439	8229.29	대사	2	常にどこにでもいる！	
7-00440	8229.31	대사	3	{1F}ｷｻ･ｶ@	
7-00441	8229.36	대사	6	 ﾃｨｰﾗﾝｸﾞ@	
7-00442	8229.39	대사	1	ティーラングは ニクタリンスの廃墟に 住み着いているらしい。	
7-00443	8229.41	대사	1	 ｱﾝﾊﾟﾆ@	
7-00444	8229.44	대사	1	アンパニは東のジャングルに基地を作ったと 言われている。	
7-00445	8229.46	대사	5	 ﾀﾞｰﾝ@	
7-00446	8229.49	대사	1	ディオニスセウス、 そこにダーンの グレートタワーが 建っている。	
7-00447	8229.51	대사	2	 ﾑﾝｸ@	
7-00448	8229.54	대사	1	ムンクは、 聖なる都市ムンクハラマに 住んでいる。	
7-00449	8229.56	대사	1	 ｺﾞｰﾝ@	
7-00450	8229.61	대사	1	 ﾗﾂｷﾝ@	
7-00451	8229.64	대사	1	ラツキンはどこでも 自分たちの家だと 思っている。	
7-00452	8229.66	대사	2	 ﾍﾗｿﾞｲﾄﾞ@	
7-00453	8229.69	대사	1	ヘラゾイドたちは 天空の都市に住んでいる！	
7-00454	8229.71	대사	1	"ﾁｽﾞ@	
7-00455	8229.73	대사	1	持っているのを 貸してくれれば、 助けてあげられる かもしれない…	
7-00456	8229.76	대사	1	{1F}ﾁｽﾞ@	
7-00457	8229.81	대사	1	"ｼﾞｮｳﾎｳｺｳｶﾝ@	
7-00458	8229.83	대사	1	知っていることを 教えあえば、 お互い利益になるだろう。	
7-00459	8313.2	대사	1	"ﾄﾘ@	
7-00460	8313.4	대사	1	巨大な海の鳥は、 我らをとって食らう！	
7-00461	8313.5	대사	1	巨大な鳥は 海の南を飛んでいる。	
7-00462	8313.7	대사	1	 ﾍﾞﾗ@	
7-00463	8313.12	대사	1	!ｾｽﾐﾝｽﾀｰ@	
7-00464	8313.14	대사	1	セスミンスター修道院は ニューシティーにある。	
7-00465	8313.17	대사	1	{1F}ｼｭｳﾄﾞｳｲﾝ@	
7-00466	8900.0	대사	1	シーツ！	
7-00467	8900.1	대사	1	シッ！	
7-00468	8900.2	대사	1	{01}{02}ｱｸﾊﾟｲﾙ/ﾚﾜｰｸｽ/	
7-00469	8900.3	대사	1	{01}{02}ﾔﾓ/1000ｺﾞｰﾙﾄﾞ/1000/ｺﾞｰﾙﾄﾞ	
7-00470	8900.4	대사	1	{01}{02}ﾌﾞﾗｯｸ･ｼｯﾌﾟ/ﾅｰｷﾞｽﾄ/	
7-00471	8900.5	대사	2	やすめ！	
7-00472	8900.6	대사	2	さがってよし！	
7-00473	8900.7	대사	1	{01}{02}ﾔﾐｼｼﾞｮｳ/ﾍｸﾀｰ/ﾌｸｼｭｳ/	
7-00474	8900.8	대사	1	{01}{02}ｼｭﾘﾁ/ﾏｼﾞｮ/	
7-00475	8900.9	대사	1	{01}{02}ｱｽﾄﾗﾙ･ﾄﾞﾐﾅ/ﾎﾗｻ/	
7-00476	8900.10	대사	4	オー！	
7-00477	8900.11	대사	4	チャラ！	
7-00478	8900.12	대사	1	{01}{02}ﾅｲｾﾝ/ﾑﾗｶﾄｽ/	
7-00479	8900.13	대사	1	{01}{02}ﾎﾞｴﾘｶﾞｰﾄﾞ/ｵﾙｺｸﾞﾚ/	
7-00480	8900.14	대사	1	{01}{02}ﾑﾗｶﾄｽ/ｳﾗｷﾞﾘﾓﾉ/	
7-00481	8900.15	대사	3	ホヨ…	
7-00482	8900.16	대사	3	ボデンドイ…	
7-00483	8900.17	대사	1	{01}{02}ﾀﾞｰﾝ/ｶｲﾏｽ･ﾂﾗﾝ/	
7-00484	8900.18	대사	1	{01}{02}ｷｭｳﾃﾞﾝ/ﾃﾞｨｵﾆｽｾｳｽ/	
7-00485	8900.20	대사	1	イーチャ！	
7-00486	8900.21	대사	1	リーッリーッ！	
7-00487	8900.22	대사	1	{01}{02}ｷﾞﾙﾄﾞ/ﾄﾞﾝ･ﾊﾞﾙﾛｰﾝ/	
7-00488	8900.23	대사	1	{01}{02}ﾊﾞｰﾃｨｰ/ﾗｽﾞｰｶ/	
7-00489	8900.25	대사	1	ごきげんよう兄弟	
7-00490	8900.26	대사	1	導きの光、汝を護りたまえ	
7-00491	8900.27	대사	1	{01}{02}ﾂｫｰﾊﾞｰ/ｾｲﾅﾙｺﾄﾊﾞ/	
7-00492	8900.30	대사	1	オハヨ！	
7-00493	8900.31	대사	5	運命に身を任せよ！	
7-00494	8900.32	대사	1	{01}{02}ｸﾙｾｰﾀﾞｰ/ﾖｹﾞﾝ/ﾃﾝｸｳﾉﾄｼ/	
7-00495	8990.0	대사	32	 ｱﾅﾀ@	
7-00496	8996.0	대사	1	ハイ	
7-00497	8996.1	대사	1	バイ	
7-00498	8996.2	대사	1	{01}{01}ｱﾅﾀ/	
7-00499	9000.1	대사	1	俺はダンゴアー	
7-00500	9000.2	대사	1	この宿の主人で酒場の店長。偉いけど掃除もやるよ。	
7-00501	9000.3	대사	1	うちの部屋は街一番だよ！	
7-00502	9000.5	대사	1	{1F}ﾀﾞﾝｺﾞｱｰ@	
7-00503	9000.10	대사	1	#ﾍﾔ@	
7-00504	9000.15	대사	1	#ﾄﾏﾙ@	
7-00505	9000.20	대사	1	#ﾈﾙ@	
7-00506	9000.25	대사	1	#ﾉﾑ@	
7-00507	9000.30	대사	1	#ｴｰﾙ@	
7-00508	9000.35	대사	1	"ｱｰｶﾞｽﾉﾌﾞｷﾃﾝ@	
7-00509	9000.36	대사	1	アーガスの武器店は闇市場を仕切ってるって話だ。	
7-00510	9037.3	대사	2	{1F}ﾔﾐｼｼﾞｮｳ@	
7-00511	9037.9	대사	1	汚ねぇ連中だ。 そこらじゅうに ゴミをまき散らかして いきやがる。	
7-00512	9037.11	대사	1	奴らが来るように なってから、 商売あがったりだ！	
7-00513	9100.0	대사	1	 ｱﾅﾀ@/ ｷﾐ@/	
7-00514	9100.1	대사	1	俺はロザリアン	
7-00515	9100.2	대사	1	金さえ持ってくりゃ、 密売品を売ってやるよ！	
7-00516	9100.4	대사	1	俺の情報網は ニューシティーのいたる所に拡がってるぜ。	
7-00517	9100.5	대사	1	{1F}ﾛｻﾞﾘｱﾝ@	
7-00518	9100.10	대사	1	"ﾌﾞｷ@	
7-00519	9100.11	대사	1	もしかすると、 欲しいものがあるかもよ。 値段次第だ。	
7-00520	9100.15	대사	1	{1F}ﾌﾞｷ@	
7-00521	9100.20	대사	1	{1E}ﾏｽｹｯﾄｼﾞｭｳ@	
7-00522	9100.25	대사	1	{1D}ﾗｯﾊﾟｼﾞｭｳ@	
7-00523	9100.32	대사	1	死刑囚の監獄に 秘密の抜け穴があるらしい！	
7-00524	9100.35	대사	1	"ﾐﾂﾊﾞｲﾋﾝ@	
7-00525	9100.37	대사	1	取り引きしたいなら、 そっちから何か言ってみな…	
7-00526	9100.46	대사	1	ＩＵＦ、 すなわちアンパニ帝国軍の 指揮官ヤモ将軍のことだ。	
7-00527	9100.48	대사	1	将軍はアクパイルの ジャングルの中にある 基地から命令を下される。	
7-00528	9100.51	대사	1	ロダン・レワークスは ヤモ将軍の秘密指令で 任務についている。	
7-00529	9100.52	대사	1	ロダンはシュリチという ティーラングを 追いかけている。	
7-00530	9100.53	대사	1	たぶん、 ティーラングどもを捕まえる罠を仕掛けてるんだろう。	
7-00531	9100.57	대사	1	アンパニ帝国軍のことだ。	
7-00532	9100.58	대사	1	ＩＵＦの司令部は アクパイルにある。	
7-00533	9100.62	대사	1	我々の司令部が あるところだ。	
7-00534	9100.63	대사	1	アクパイルは アクパイル山のこちら側、 ジャングルの東にある。	
7-00535	9100.65	대사	5	{1F}ｼﾚｲﾌﾞ@	
7-00536	9200.1	대사	1	私はパルク。 防具を作っている。	
7-00537	9200.2	대사	1	ニューシティーでは、 私の作る防具が一番だよ！	
7-00538	9203.2	대사	1	{1F}ﾊﾟﾙｸ@	
7-00539	9203.7	대사	1	"ﾎﾞｳｸﾞ@	
7-00540	9203.12	대사	1	 ｾﾝｿｳ@	
7-00541	9203.13	대사	1	近いうちに 戦争がありそうな気配だよ。間違いないね。	
7-00542	9203.17	대사	1	 ｼｭｳｼﾞﾝ@	
7-00543	9203.18	대사	1	サーヴァント・キ・サ・カがゴーンの将校を捕まえたよ。	
7-00544	9203.23	대사	1	サーヴァント・キ・サ・カ、あいつらは ダーク・サーヴァントの 軍勢だ。	
7-00545	9203.25	대사	1	奴ら、治安官の事務所を 乗っ取った。	
7-00546	9203.34	대사	1	それは秘密だ！	
7-00547	9203.37	대사	5	{1F}ｼﾛ@	
7-00548	9203.42	대사	1	!ﾁｱﾝｶﾝﾉｼﾞﾑｼｮ@	
7-00549	9203.44	대사	1	囚人が ほうり込まれてる所さ！	
7-00550	9203.45	대사	1	治安官の事務所は ニューシティーにある。	
7-00551	9203.48	대사	1	ウルガー王は偉大なる ゴーン帝国の支配者！	
7-00552	9203.50	대사	1	オルコグレ城の玉座で 国を治めていらっしゃる。	
7-00553	9203.53	대사	1	王の騎士ガリエラ卿は ウルガー王に 忠実に仕えている。	
7-00554	9203.54	대사	1	彼はゴーン王家を 護ろうと必死だ。	
7-00555	9203.56	대사	1	彼はオルコグレの森全体に 拡がるゴーンの領土の 守護者だ。	
7-00556	9300.1	대사	1	我はベルカンゾ	
7-00557	9300.2	대사	1	様々な 魔法をお売りする…	
7-00558	9300.3	대사	1	用があるものは、 我を探すがよい！	
7-00559	9300.5	대사	1	{1F}ﾍﾞﾙｶﾝｿﾞ@	
7-00560	9300.10	대사	2	"ﾏﾎｳ@	
7-00561	9300.11	대사	1	我、様々な魔法を持つ。	
7-00562	9300.15	대사	1	{1F}ﾏｼﾞｯｸ@	
7-00563	9300.20	대사	1	{1E}ﾎﾟｰｼｮﾝ@	
7-00564	9300.25	대사	1	{1D}ｽｸﾛｰﾙ@	
7-00565	9300.30	대사	1	{1C}ﾊﾟｳﾀﾞｰ@	
7-00566	9300.35	대사	1	{1B}ﾎﾝ@	
7-00567	9300.40	대사	1	{1A}ｼﾞｭﾓﾝ@	
7-00568	9300.45	대사	3	 ﾖｿﾓﾉ@	
7-00569	9300.46	대사	1	遥か遠くから来た よそものたちが、 今我らの世界を いきかっている！	
7-00570	9300.50	대사	2	{1F}ｶｲﾏｽ･ﾂﾗﾝ@	
7-00571	9300.51	대사	1	ダーンの教えの伝導者、 偉大なるカイマス・ツラン！	
7-00572	9354.2	대사	2	マグナ・ダーンは ダーンの家の主なり！	
7-00573	9354.4	대사	2	マグナ・ダーンは ダーンのグレートタワーの 頂上から命令を下す！	
7-00574	9354.6	대사	7	{1F}ﾄｰｹｻｰﾃﾞ@	
7-00575	9354.11	대사	2	 ｱﾙﾏｺﾞﾙﾃ@	
7-00576	9354.12	대사	1	ブラザー・アルマゴルテは ダーンの家に訪れる 入会者の案内役。	
7-00577	9354.14	대사	2	ブラザー・アルマゴルテは ダーンのグレートタワーで みつかるだろう。	
7-00578	9354.16	대사	3	 ﾄｰﾚﾝ･ﾀﾞｰﾝ@	
7-00579	9354.17	대사	3	ダーンの家では、 そのブラザーに 丁重に接すれば 万事がうまくゆく。	
7-00580	9354.19	대사	3	彼はダーンの塔の 神聖な広間に入れる。	
7-00581	9354.21	대사	8	!ﾃﾞｨｵﾆｽｾｳｽ@	
7-00582	9354.22	대사	2	ディオニスセウス、 グレートタワー、 そしてダーンの家！	
7-00583	9354.24	대사	1	ディオニスセウスの グレートタワーは ミルミデオンの 森に影を落す。	
7-00584	9354.26	대사	6	{1F}ﾄｳ@	
7-00585	9354.31	대사	3	"ﾀﾞｰﾝﾉｲｴ@	
7-00586	9354.33	대사	1	聖なるダーンの家は 正義のグレートタワー にある。	
7-00587	9354.34	대사	3	聖なるダーンの家は ディオニスセウスの グレートタワーにある。	
7-00588	9354.36	대사	3	"ｾｲﾅﾙﾋｶﾘ@	
7-00589	9354.37	대사	3	聖なる光、汝を導きたまえ！	
7-00590	9400.1	대사	1	私はボエリガード。 ゴーン軍の大尉だ。	
7-00591	9400.2	대사	1	私はゴーン軍の大尉だ。	
7-00592	9400.3	대사	1	私はここから脱出する！	
7-00593	9400.5	대사	2	{1F}ﾎﾞｴﾘｶﾞｰﾄﾞ@	
7-00594	9400.10	대사	1	#ｵﾙｺｸﾞﾚ@	
7-00595	9400.15	대사	1	#ｼﾛ@	
7-00596	9400.20	대사	1	#ｱﾝｻﾂｼｬ@	
7-00597	9400.26	대사	1	サーヴァント・キ・サ・カの軍勢は、 この世界を 破壊しようとしている。	
7-00598	9400.35	대사	1	"ﾊｶｲ@	
7-00599	9400.36	대사	1	それ以上のことは知らない！	
7-00600	9400.41	대사	1	ウルガー王は 我らゴーン帝国の支配者だ。	
7-00601	9400.43	대사	1	王はオルコグレ城の玉座で 国を治めていらっしゃる。	
7-00602	9444.2	대사	1	ガリエラ卿は、 直属の騎士として ウルガー王に 忠誠を誓っている。	
7-00603	9444.3	대사	1	卿は ゴーン王家を護るために 尽くされている。	
7-00604	9444.5	대사	1	卿はオルコグレの森 全体に拡がる ゴーンの領土の守護者だ。	
7-00605	9444.6	대사	5	 ﾑﾗｶﾄｽ@	
7-00606	9444.7	대사	1	ムラカトスは ゴーンの魔法使いだ。	
7-00607	9444.9	대사	1	ムラカトスは オルコグレ城の中に 部屋を持っている。	
7-00608	9444.11	대사	5	{1F}ﾏﾎｳﾂｶｲ@	
7-00609	9444.16	대사	5	!ｾﾝｿｳ@	
7-00610	9444.18	대사	1	私が恐れているのは、 戦争が起きて 国土が荒廃することだ。	
7-00611	9500.1	대사	1	私はファーザー・ルラエ	
7-00612	9500.2	대사	1	私は体の傷と 心の痛みを癒す者…	
7-00613	9500.3	대사	1	私は このセスミンスター修道院の聖なるホールに住んでいる。	
7-00614	9500.5	대사	1	{1F}ﾙﾗｴ@	
7-00615	9500.10	대사	1	#ｲﾔｽ	
7-00616	9500.15	대사	1	#ﾀｽｹ@	
7-00617	9500.20	대사	1	#ﾐﾁﾋﾞｷ@	
7-00618	9500.25	대사	1	#ｺｺﾛ@	
7-00619	9500.30	대사	1	#ｾｲｼﾝ@	
7-00620	9500.35	대사	1	#ｾｲﾅﾙｷﾞｼｷ@	
7-00621	9500.40	대사	1	#ｾｲﾅﾙﾐﾁ@	
7-00622	9500.45	대사	2	#ｾｲﾅﾙﾆﾝﾑ@	
7-00623	9500.50	대사	1	 ｿﾞｳ@	
7-00624	9500.51	대사	1	あの像は 時の始まりよりここにある。	
7-00625	9500.55	대사	5	!ｷｭｳﾃﾞﾝ@	
7-00626	9500.56	대사	3	夢の地を歩み、 ムンクハラマの宮殿を探せ。	
7-00627	9500.60	대사	5	{1F}ﾕﾒ@	
7-00628	9500.67	대사	1	聖なる都市、聖なる任務の街ムンクハラマ。	
7-00629	9500.68	대사	1	聖なる都市ムンクハラマは、アイラン川の東にある。	
7-00630	9500.71	대사	3	ダーンの家の病める主、 そして聖なる任務の妨害者！	
7-00631	9500.73	대사	2	ディオニスセウスの塔の 頂上で、 邪悪な儀式を行っている。	
7-00632	9576.0	대사	1	軽蔑すべき 不敬のものども！ ダーンの魂に災いあれ！	
7-00633	9576.2	대사	3	ディオニスセウスの 邪悪な塔から、 よこしまな力を 及ぼそうとしている。	
7-00634	9576.5	대사	3	偽りを述べ、人を裏切る カイマス・ツランを 信じてはならん！	
7-00635	9576.11	대사	3	ディオニスセウス、 よこしまな塔と冒涜の民、 ダーンのすみか！	
7-00636	9576.12	대사	3	あのダーンの領域にいるのは嘘つきばかりだ！	
7-00637	9600.1	대사	1	私は ワンダーランド教授じゃ。	
7-00638	9600.2	대사	1	私は我々の歴史の記録を 編纂しておる。	
7-00639	9600.3	대사	1	私はここ、ニューシティーに住んでおる。	
7-00640	9600.5	대사	1	{1F}ﾜﾝﾀﾞｰﾗﾝﾄﾞ@	
7-00641	9600.10	대사	1	{1E}ｷｮｳｼﾞｭ@	
7-00642	9600.15	대사	1	"ﾐﾄﾘｽﾞ@	
7-00643	9600.16	대사	2	彼らは君に似ておったよ。 多少は違うがな。	
7-00644	9600.17	대사	1	オールドシティーの見取図は私が作っておる 記録の一部じゃ。	
7-00645	9600.18	대사	1	私は今は見取図を 持っておらん。 このノートだけじゃ。	
7-00646	9600.20	대사	1	#ﾚｷｼ@	
7-00647	9600.25	대사	1	#ｷﾛｸ@	
7-00648	9600.30	대사	1	#ﾉｰﾄ@	
7-00649	9600.35	대사	1	#ｵｰﾙﾄﾞｼﾃｨｰ@	
7-00650	9600.40	대사	1	#ｹﾝｷｭｳ@	
7-00651	9600.45	대사	1	#ｺﾌﾞﾝｼｮｶﾝ@	
7-00652	9600.50	대사	1	!ﾄｼｮｶﾝ@	
7-00653	9600.52	대사	1	私は邪魔されずに 研究するために 図書館に来たのだよ！	
7-00654	9600.53	대사	1	我々の歴史の記録は、 このニューシティー図書館に あるのがすべてじゃ。	
7-00655	9600.55	대사	2	 ﾊｲｶﾞﾙﾃﾞｨ@	
7-00656	9600.56	대사	1	彼らは不思議な存在じゃ。 たいしたことは わかっておらん。	
7-00657	9600.58	대사	1	彼らは海の向こうの山から やってきたという説もある。	
7-00658	9600.60	대사	1	"ｾｲﾅﾙｲｼ@	
7-00659	9600.62	대사	1	それは時の始まりに作られた神聖なおきてじゃ。	
7-00660	9600.63	대사	1	もう何世紀も前に 失われてしまった…	
7-00661	9665.3	대사	1	彼らは何も言わん。	
7-00662	9665.5	대사	1	"ｱｶｲﾎﾝ@	
7-00663	9665.6	대사	1	そんなことに関わっておる 暇はないのじゃ！	
7-00664	9665.10	대사	1	{1F}ｼﾝﾜ@	
7-00665	9665.16	대사	1	ドン・バルローンは ラズーカ一家の親玉じゃ。	
7-00666	9665.18	대사	1	あいつはどこでも 見張っておる！	
7-00667	9665.21	대사	1	ラツプーティンは ラズーカ一家の手先じゃ。	
7-00668	9665.23	대사	1	このあたりを うろついているじゃろう。	
7-00669	9665.25	대사	4	 ﾌﾞﾗｲﾝﾄﾞﾒｲｽ@	
7-00670	9665.26	대사	1	あぁ、年老いた ブラインドメイスか。 ヒッヒッヒッ…	
7-00671	9665.28	대사	1	いつか君も会うことに なるだろう。	
7-00672	9665.32	대사	1	北方の我らの森の家じゃ。	
7-00673	9665.33	대사	1	森の中、谷を降り、谷を抜け山を越えた向こうじゃ。	
7-00674	9665.35	대사	3	{1F}ﾓﾘﾉｲｴ@	
7-00675	9665.41	대사	1	オールド・ファンハウスには近寄らんほうがよいぞ。	
7-00676	9665.45	대사	5	 ﾗｽﾞｰｶ@	
7-00677	9665.46	대사	1	ラズーカ一家は強力じゃ！	
7-00678	9665.48	대사	1	ラズーカ一家は どこにでもおる！	
7-00679	9800.1	대사	1	私はガリエラ卿。 ゴーンの領域の守護者。	
7-00680	9800.2	대사	1	私はゴーンの領域の守護者。	
7-00681	9800.3	대사	1	我々はゴーン帝国の 国境線上を警護している。	
7-00682	9800.5	대사	2	{1F}ｶﾞﾘｴﾗ@	
7-00683	9800.10	대사	1	"ﾃｶﾞﾐ@	
7-00684	9800.12	대사	1	その知らせを早く王の元へ！	
7-00685	9800.15	대사	1	#ﾎﾞｴﾘｶﾞｰﾄﾞ@	
7-00686	9800.16	대사	1	最近ボエリガード大尉の 消息が途絶えている。 心配だ。	
7-00687	9800.22	대사	1	オルコグレ城の中に 入れるのは愛国者のみ！	
7-00688	9800.23	대사	1	ここから森の中を西へ進み、さらに少し北へ上がった ところにある。	
7-00689	9800.30	대사	1	!ｺｯｷｮｳ@	
7-00690	9800.32	대사	1	ゴーンの領土は オルコグレの森中に 拡がっている。	
7-00691	9800.35	대사	1	{1F}ﾘｮｳﾄﾞ@	
7-00692	9836.5	대사	1	ウルガー王は 偉大なるゴーン帝国の 指導者！	
7-00693	9836.7	대사	1	オルコグレ城の玉座から 国を治めている。	
7-00694	9836.9	대사	1	{1F}ｵｳ@	
7-00695	9836.15	대사	1	ああ、哀れな魔法使い！ 誰かに裏切られたのだ！	
7-00696	9836.16	대사	1	哀れなムラカトス！ 偉大な魔法使いも今や屍！	
7-00697	9836.17	대사	1	ムラカトスは死んだ。	
7-00698	9836.26	대사	1	ゴーンの国に内戦が おころうとしている。	
7-00699	9900.1	대사	1	わしはブラザー・モーザー	
7-00700	9900.2	대사	1	妙なるブレンドを 作っておる。	
7-00701	9900.3	대사	1	わしは このちっぽけな店におるよ。	
7-00702	9900.5	대사	1	{1F}ﾓｰｻﾞｰ@	
7-00703	9900.10	대사	1	#ﾋﾐﾂﾉﾄﾞｳｼﾞｮｳ@	
7-00704	9900.11	대사	1	そこに至るには 夢の地を抜けねばならん。	
7-00705	9900.15	대사	1	{1F}ﾄﾞｳｼﾞｮｳ@	
7-00706	9900.20	대사	1	#ﾕﾒ@	
7-00707	9900.25	대사	1	#ｸﾞﾗﾝ･ﾒﾗﾝｼﾞ@	
7-00708	9900.30	대사	1	#ｷｭｳﾃﾞﾝ@	
7-00709	9900.35	대사	1	"ｵﾁｬ@	
7-00710	9900.37	대사	1	一ビン買ってみては どうかな？	
7-00711	9900.38	대사	1	秘伝のハーブと スパイスを使って、 ここで作っておるのじゃ。	
7-00712	9900.40	대사	1	"ﾊｰﾌﾞ@	
7-00713	9900.42	대사	1	それは誰にも 言ったことがない秘密じゃ。	
7-00714	9900.45	대사	1	{1F}ｽﾊﾟｲｽ@	
7-00715	9900.50	대사	1	"ﾎﾟｰｼｮﾝ@	
7-00716	9900.52	대사	1	私の特製を 一つ買ってみてはどうかね？	
7-00717	9900.55	대사	1	"ﾄｸｾｲ@	
7-00718	9900.57	대사	1	健康にいいのや荒っぽいの、なんでも揃っておる。	
7-00719	9900.62	대사	1	夢がまことになる都市、 それがムンクハラマじゃ。	
7-00720	9900.63	대사	4	聖なる都市ムンクハラマは アイラン川の東にある。	
7-00721	9900.65	대사	5	 ﾙﾗｴ@	
7-00722	9900.66	대사	1	ファーザー・ルラエには 随分長いこと お会いしておらん。	
7-00723	9900.68	대사	1	最後に会ったのは、 わしがニューシティーへ 向かった時じゃった。	
7-00724	10000.1	대사	2	私はブラザー・ツォーバー。ムンクハラマ橋を 守っておる。	
7-00725	10002.1	대사	1	私はこのアイラン川で ムンクハラマへ 渡る橋を守っている。	
7-00726	10002.3	대사	2	{1F}ﾂｫｰﾊﾞｰ@	
7-00727	10002.8	대사	1	#ｶﾜ@	
7-00728	10002.13	대사	1	#ﾊｼ@	
7-00729	10002.18	대사	1	#ｹｰﾌﾞﾙ@	
7-00730	10002.23	대사	1	#ﾑﾝｸﾊﾗﾏ@	
7-00731	10002.28	대사	4	"ｾｲﾅﾙﾐﾁ@	
7-00732	10002.29	대사	3	よきブラザーは 皆聖なる道を行く。	
7-00733	10002.30	대사	1	聖なる任務へ至る正しき道。	
7-00734	10002.31	대사	1	セスミンスター修道院の ファーザー・ルラエが 助けてくれよう。	
7-00735	10002.33	대사	3	"ｾｲﾅﾙﾆﾝﾑ@	
7-00736	10002.35	대사	1	我らは聖なる任務に 仕えておる！	
7-00737	10002.36	대사	2	聖なる道を歩むもの、 己の目的をも知る。	
7-00738	10002.38	대사	3	{1F}ｾｲﾅﾙｹｲﾔｸ@	
7-00739	10002.43	대사	1	!ﾁｶｾｶｲ@	
7-00740	10002.45	대사	1	ムンクハラマの 秘密の寺院は、 地下世界に隠されておる。	
7-00741	10002.46	대사	1	それは聖なるムンクハラマの地下にある。	
7-00742	10002.48	대사	2	{1F}ｼﾞｲﾝ@	
7-00743	10002.53	대사	1	 ﾌﾞﾗｻﾞｰ･ﾓｰｻﾞｰ@	
7-00744	10002.54	대사	3	彼の作るお茶は ヒドイ代物らしい。	
7-00745	10002.56	대사	2	ムンクハラマの 薬屋にいるだろう。	
7-00746	10002.59	대사	2	マスター・ゼンは 五花術の達人だ。	
7-00747	10002.61	대사	2	彼はムンクハラマの 秘密の道場の主だ。	
7-00748	10002.63	대사	1	!ﾋﾐﾂﾉﾄﾞｳｼﾞｮｳ@	
7-00749	10002.64	대사	1	マスター・ゼンを さがしたまえ。	
7-00750	10002.68	대사	2	 ﾌｧｰｻﾞｰ･ﾙﾗｴ@	
7-00751	10002.69	대사	2	ファーザー・ルラエは 聖なる道の歩き方を 教えてくれよう。	
7-00752	10002.71	대사	1	彼はニューシティーの セスミンスター修道院に いる。	
7-00753	10002.74	대사	2	ダーンの家の病める主にして聖なる任務の妨害者だ。	
7-00754	10002.76	대사	2	ディオニスセウスの グレートタワーの頂上で、 よこしまな儀式を 行っているらしい。	
7-00755	10002.84	대사	2	軽蔑すべき不敬のものども！ダーンの魂に災いあれ！	
7-00756	10087.4	대사	1	偽りを述べ、 人を裏切る カイマス・ツランを 信じてはならん！	
7-00757	10087.6	대사	4	カイマス・ツランは、 近付くものすべてに よこしまな考えを おしつける！	
7-00758	10087.18	대사	10	"ﾖｹﾞﾝ@	
7-00759	10087.19	대사	1	予言はよこしまなる者を清め救済をもたらすだろう！	
7-00760	10200.1	대사	1	おいらバーティーだ。	
7-00761	10200.2	대사	1	おいらバッチリ飛んでく棒を作ってる。	
7-00762	10200.3	대사	2	カネ持ってきてヨ！	
7-00763	10200.4	대사	1	おいらはバーティーズの 店にいる！	
7-00764	10200.5	대사	1	{1F}ﾊﾞｰﾃｨｰ@	
7-00765	10200.10	대사	2	"ｶﾈ@	
7-00766	10200.12	대사	1	おいらキラキラ光る カネ大好き。 持ってきてヨ！	
7-00767	10200.13	대사	1	チガウチガウ！ &カネはおいらのもの！	
7-00768	10200.15	대사	1	"ﾕﾐ@	
7-00769	10200.17	대사	1	おいら射るもの持ってる。 あんた買うといい。	
7-00770	10200.18	대사	2	カネくれヨ！	
7-00771	10200.19	대사	1	あんたのいるもん あげるから、 カネくれヨ！	
7-00772	10200.20	대사	1	"ｱﾛｰ@	
7-00773	10200.22	대사	1	おいら特別のジュースつきの最高の棒、持ってる！	
7-00774	10200.24	대사	1	あんたの いるもんあげるから、 カネくれヨ！	
7-00775	10200.25	대사	1	{1F}ﾎﾞｳ@	
7-00776	10200.30	대사	1	"ﾊﾈ@	
7-00777	10200.32	대사	1	棒を飛ばすのは魔法の羽ヨ！	
7-00778	10200.33	대사	1	おいら棒を飛ばす 魔法のジュース持ってる！	
7-00779	10200.34	대사	1	魔法の羽あげるから、 カネくれヨ！	
7-00780	10200.35	대사	1	{1F}ﾊﾈ@	
7-00781	10200.42	대사	1	おいら羽を飛ばす 魔法の特別の ジュース持ってる！	
7-00782	10200.43	대사	1	カネくれヨ、 そしたらあんたのいるもん あげるヨ！	
7-00783	10200.45	대사	1	{1F}ｼﾞｭｰｽ@	
7-00784	10251.0	대사	1	ラズーカは太った連中。 ラツキンの主ヨ。	
7-00785	10251.1	대사	1	ラズーカ太ってる。 カネたくさん、 宝物たくさん持ってる。	
7-00786	10251.2	대사	2	ラズーカ宝物隠してる。 ラズーカに言っちゃだめ。	
7-00787	10251.3	대사	2	ラズーカ秘密の 隠し場所持ってる。 おいらあんたに言わない。	
7-00788	10251.4	대사	1	"ﾀｶﾗﾓﾉ@	
7-00789	10251.6	대사	1	バーティーが持ってるのの何倍ものカネ！	
7-00790	10251.10	대사	1	ドン・バルローン、 ラズーカ一家の親玉。	
7-00791	10251.12	대사	1	どこもかしこも見張ってる。	
7-00792	10251.15	대사	1	ラツプーティンは ラズーカ一家の手下。	
7-00793	10251.17	대사	1	うろついてるよ、 そこらを！	
7-00794	10251.20	대사	1	ブラインドメイスの じじいか。 ヘッヘッヘッ。	
7-00795	10251.22	대사	1	いつか会うだろうヨ！	
7-00796	10251.24	대사	3	 ﾐｯｸ･ｻﾞ･ﾋﾟｯｸ@	
7-00797	10251.25	대사	1	おいらのお得意の一人ヨ！	
7-00798	10251.27	대사	1	ここによく来るヨ！	
7-00799	10251.31	대사	1	この森の中の家…	
7-00800	10251.32	대사	1	谷を降りて、谷を越え、 山の向こうの森の中ヨ！	
7-00801	10251.35	대사	1	オールド・ファンハウスには近よんない方がいい！	
7-00802	10251.39	대사	4	!ﾗﾂｹﾙ@	
7-00803	10251.40	대사	1	ラツケルの店には変なもんがたくさん揃ってるネ	
7-00804	10251.42	대사	1	ラツケルの店はこの先、 回って上がればいける。 すぐみつかるヨ！	
7-00805	10251.44	대사	3	"ｷﾞﾙﾄﾞ@	
7-00806	10251.46	대사	1	ブラインドメイスの じじいなら なんか役に立つかもヨ！	
7-00807	10251.49	대사	4	"ﾄｳｿﾞｸ@	
7-00808	10251.51	대사	2	その道の達人は、 みんなギルドに入っている…	
7-00809	10400.1	대사	1	私はアルマゴルテ。	
7-00810	10400.2	대사	1	私はダーンの 仲間のブラザー。	
7-00811	10400.3	대사	1	このダーンの 家に住んでいる。	
7-00812	10400.5	대사	1	{1F}ｱﾙﾏｺﾞﾙﾃ@	
7-00813	10400.10	대사	1	#ｼﾚﾝ%	
7-00814	10414.1	대사	1	#ﾅｶﾏ%	
7-00815	10414.6	대사	1	"ｼﾞｮﾝｶﾞ@	
7-00816	10414.8	대사	1	ジョンガのスパイスは 特別な祝福。 賢く使うがよい。	
7-00817	10414.9	대사	1	そなたのよき信仰を 証だてるため、 聖なる儀式の壺に 注ぐがよい。	
7-00818	10414.11	대사	1	{1F}ｾｲﾅﾙｷﾞｼｷ@	
7-00819	10414.17	대사	1	マグナ・ダーンは ダーンの家の主。	
7-00820	10414.19	대사	1	マグナ・ダーンは グレートタワーの頂上で 命令を下される。	
7-00821	10414.27	대사	1	偉大なるカイマス・ツラン。我らが教えの伝道士！	
7-00822	10414.36	대사	2	 ﾍﾞﾙｶﾝｿﾞ@	
7-00823	10414.37	대사	2	ブラザー・ベルカンゾは 助けがいるものを 助けている。	
7-00824	10414.39	대사	2	よきブラザー・ベルカンゾは様々なところを 歩き回っている。	
7-00825	10414.42	대사	1	グレートタワー、 ダーンの家がある ディオニスセウス！	
7-00826	10414.44	대사	2	ディオニスセウスの グレートタワーは ミルミデオンの森に 影を落す。	
7-00827	10414.53	대사	1	聖なるダーンの家は正義の グレートタワーにある。	
7-00828	10414.56	대사	1	 ﾊｲﾌｧｰｻﾞｰ	
7-00829	10414.57	대사	1	最も献身的なもののみが ハイファーザーの位に つける。	
7-00830	10414.59	대사	1	ハイファーザーは マグナ・ダーンの玉座の 傍らに控える。	
7-00831	10414.61	대사	2	34}ﾏﾎｳ@	
7-00832	10414.63	대사	1	ダーンの家の高位のものは、皆偉大なる力を持っておる。	
7-00833	10414.67	대사	2	その罪深き名を口にするな！ マグナ・ダーンが お怒りになる！	
7-00834	10486.0	대사	2	あの酒飲みを 黙らせたいものだ！	
7-00835	10486.5	대사	2	ファーザー・ルラエは 不敬なるムンクの 救い難い愚か者！	
7-00836	10486.7	대사	2	ニューシティーのまん中で、ムンクの嘘偽りを 広めているらしい。	
7-00837	10486.11	대사	2	その邪悪なる土地には 正義のかけらもない！	
7-00838	10486.16	대사	1	予言では、 世界は終わり 罪深きものも消え去る。	
7-00839	10486.19	대사	2	"ｺﾄﾊﾞ@	
7-00840	10486.21	대사	1	悔い改めよ！ 終末の前に、己の邪悪を 悔い改めよ！	
7-00841	10486.30	대사	1	ムンクの地に 幾千の災いあれ！	
7-00842	10486.34	대사	1	"ﾂﾎﾞ@	
7-00843	10486.36	대사	1	聖なる儀式の壺は、 汝の供物を備えるもの。	
7-00844	10486.37	대사	1	グレートタワーの いたるところにある。	
7-00845	10600.1	대사	1	私はケ・リ。 ヘラゾイドの女王。	
7-00846	10600.3	대사	1	私は天空の都市、 ハイガルディアの守護者。	
7-00847	10600.5	대사	1	{1F}ｹ･ﾘ@	
7-00848	10600.10	대사	1	{1E}ｼﾞｮｵｳ@	
7-00849	10600.15	대사	1	!ﾊｲｶﾞﾙﾃﾞｨｱ@	
7-00850	10600.17	대사	1	天空の都市ハイガルディアはハイガルディの守護者 ヘラゾイドの故郷！	
7-00851	10600.18	대사	1	天空の都市は ドラゴンマウンテンの 遥か頂上にあり。	
7-00852	10600.20	대사	1	{1F}ﾃﾝｸｳﾉﾄｼ@	
7-00853	10600.25	대사	1	 ｲﾀﾞｲﾅﾙｿｳｿﾞｳｼｬ@	
7-00854	10600.26	대사	1	その名に祝福あれ！	
7-00855	10600.28	대사	1	高きところから すべてを支配する！	
7-00856	10600.30	대사	1	#ﾊｲｶﾞﾙﾃﾞｨ@	
7-00857	10600.35	대사	1	#ｾﾝｿﾞ@	
7-00858	10600.40	대사	1	#ｾｲﾅﾙﾌﾟﾗﾝ@	
7-00859	10600.45	대사	1	#ﾖｹﾞﾝ@	
7-00860	10600.50	대사	1	#ｼﾝﾖｳ@	
7-00861	10600.55	대사	1	#ｲﾀﾞｲﾅﾙｼﾚﾝ@	
7-00862	10600.61	대사	1	お前に似ているが、 違いもある	
7-00863	10662.3	대사	2	 ﾌｫｰﾝｻﾞﾝｸﾞ@	
7-00864	10662.4	대사	1	その名において、 おまえこそ かの予言の先ぶれなり！	
7-00865	10662.8	대사	1	#ﾎｿﾞﾝ@	
7-00866	10662.12	대사	1	保存の間は、 この天空の都市にあり！	
7-00867	10662.18	대사	1	{1E}ｲｻﾝ@	
7-00868	10662.23	대사	2	"ｳﾝﾒｲ@	
7-00869	10662.28	대사	2	 ｸﾙｾｰﾀﾞｰ@	
7-00870	10662.29	대사	1	クルセーダーには 非運が訪れよう！	
7-00871	10662.34	대사	1	ジャン・エッテは クルセーダーを 探索するために 北方に送り出した。	
7-00872	10662.38	대사	2	"ﾛｹｯﾄ@	
7-00873	10662.39	대사	2	空飛ぶ機械を駆れるのは 我らヘラゾイドのみ！	
7-00874	10662.41	대사	1	天空の都市には数多くの 空飛ぶ機械がある。	
7-00875	10662.43	대사	2	{1F}ｿﾘ@	
7-00876	10662.48	대사	1	"ｷｶｲ	
7-00877	10662.49	대사	2	天空の都市には 数多くの機械がある。	
7-00878	10662.53	대사	1	#ﾊﾀｼﾞﾙｼ@	
7-00879	10662.54	대사	1	おまえの言っている旗印を みせてやろう…	
7-00880	10662.58	대사	1	#ｿｾﾝ@	
7-00881	10750.0	대사	1	#ﾌｫｰﾝｻﾞﾝｸﾞ@	
7-00882	10800.1	대사	1	私はソグヘイム。	
7-00883	10800.2	대사	1	この海辺に住んでいる。	
7-00884	10800.5	대사	1	{1F}ｿｸﾞﾍｲﾑ@	
7-00885	10800.10	대사	1	#ﾌﾞﾛﾝﾊﾞﾃﾞｸﾞ@	
7-00886	10800.15	대사	1	{1F}ｷｹﾝ@	
7-00887	10800.20	대사	1	{1E}ｳﾐﾉｶｲﾌﾞﾂ@	
7-00888	10800.25	대사	1	#ﾄﾘ@	
7-00889	10800.30	대사	1	#ﾎﾞｰﾄ@	
7-00890	10800.35	대사	2	{1F}ﾌﾈ@	
7-00891	10800.40	대사	1	{1E}ﾌﾈ@	
7-00892	10800.45	대사	1	"ｵﾖｸﾞ@	
7-00893	10800.47	대사	1	海を泳いで渡る気なら、 考え直した方がいい。	
7-00894	10800.50	대사	1	#ｷｦﾂｹﾛ@	
7-00895	10800.55	대사	1	"ﾄﾛﾌｨｰ@	
7-00896	10800.56	대사	1	こんなのはオタマジャクシ みたいなもんだ。	
7-00897	10900.1	대사	1	私はジーン・ゼン。 五花術の道場の マスターじゃ。	
7-00898	10902.3	대사	2	{1F}ｾﾞﾝ@	
7-00899	10902.8	대사	1	"ﾊﾅ@	
7-00900	10902.10	대사	1	価値あるもののみが 五花術の奥義を学べる。	
7-00901	10902.14	대사	1	ファーザー・ルラエは 聖なる道の歩み方を教える。	
7-00902	10902.16	대사	2	彼はニューシティーの セスミンスター修道院で 過ごしておる。	
7-00903	10902.18	대사	3	 ﾓｰｻﾞｰ@	
7-00904	10902.19	대사	1	彼はヒドイお茶を 作るらしい。	
7-00905	10902.21	대사	2	彼はムンクハラマの 薬屋にいる。	
7-00906	10902.30	대사	1	我ら聖なるムンクハラマにて聖なる任務への道を歩む！	
7-00907	10902.31	대사	4	聖なる道をゆくもの、 聖なる任務に生きる。	
7-00908	10902.39	대사	2	夢の地を歩み、 ムンクハラマの宮殿を探せ…	
7-00909	10902.50	대사	3	聖なる都市、 聖なる任務の都市、 ムンクハラマ！	
7-00910	10902.53	대사	3	 ﾑﾝｸﾊﾗﾑ@	
7-00911	10902.54	대사	3	ムンクすべての神聖な予言者聖なるムンクハラム！	
7-00912	10902.56	대사	1	聖なる道を歩むもの、 ムンクハラムの 導きを受ける！	
7-00913	10902.61	대사	1	ディオニスセウスの 塔の頂上で、 邪悪な儀式を行っている。	
7-00914	10902.74	대사	2	誤った教えに 導かれるものども。 その邪悪、 この世から清めねばならぬ！	
7-00915	10902.76	대사	2	ディオニスセウスの塔から、その邪悪な考えを 広めておる！	
7-00916	10979.3	대사	2	ディオニスセウス、 邪悪な塔、 そして狂信者ダーンの家！	
7-00917	10979.4	대사	2	ダーンの家を歩くものは 邪悪な者のみ！ 気をつけよ！	
7-00918	10979.12	대사	1	予言は我らの世界から 邪悪を洗い清めるであろう！	
7-00919	11000.1	대사	1	ブラインドメイスと 呼ばれております。	
7-00920	11000.2	대사	1	最近はそれほど…	
7-00921	11000.3	대사	1	なんとかやっております…	
7-00922	11000.5	대사	1	{1F}ﾌﾞﾗｲﾝﾄﾞﾒｲｽ@	
7-00923	11000.12	대사	1	不運なものが生きるのは 大変でございます…	
7-00924	11000.13	대사	1	それは お持ちになっていた方が よろしゅうございます！	
7-00925	11000.15	대사	1	"ｷﾞｼﾞｭﾂ@	
7-00926	11000.17	대사	1	必要なのは多少のチャームでございましょう。	
7-00927	11000.18	대사	1	ラツケルの店にいけば 手に入るかもしれません。	
7-00928	11000.20	대사	1	{1F}ﾁｬｰﾑ@	
7-00929	11000.26	대사	1	ラツケルの店には あなたの技術の 助けになるものが たくさんあります。	
7-00930	11000.28	대사	3	探せばみつかりますよ！	
7-00931	11000.30	대사	1	"ﾒｶﾞﾐｴﾅｲ@	
7-00932	11000.32	대사	1	不幸な事故でございます…	
7-00933	11000.35	대사	1	"ｼﾞｺ@	
7-00934	11000.37	대사	1	お話したくございません…	
7-00935	11000.40	대사	1	"ｱｼｵﾄ@	
7-00936	11000.42	대사	1	ブラインドメイスは 様々なことを 聞いております…	
7-00937	11000.46	대사	1	ラズーカ一家は 暗黒街の親分でございます。	
7-00938	11000.48	대사	2	ラズーカ一家は オールド・ファンハウスに 隠れているとも 言われております。	
7-00939	11000.50	대사	1	{1F}ｵﾔﾌﾞﾝ@	
7-00940	11000.55	대사	1	{1E}ｱﾝｺｸｶﾞｲ@	
7-00941	11000.61	대사	1	ドン・バルローンは ラズーカ一家の 冷酷な親分です、	
7-00942	11000.67	대사	1	その道の達人は、 みなギルドに 入っております。	
7-00943	11069.1	대사	1	!ｷﾞﾙﾄﾞ@	
7-00944	11069.3	대사	1	ラツケルの店、 すべての盗賊のギルド！	
7-00945	11069.6	대사	1	#ﾌｧﾝﾊｳｽ@	
7-00946	11069.11	대사	1	#ﾊﾝｼｬ@	
7-00947	11069.16	대사	1	 ﾏﾎｳﾂｶｲ@	
7-00948	11069.17	대사	1	ずっと昔に死にました。 私はなにもしりません。	
7-00949	11069.22	대사	1	ラツプーティンは ラズーカ一家の手先です。	
7-00950	11069.24	대사	1	どこか うろついているでしょう。	
7-00951	11069.27	대사	1	ミック・ザ・ピックは 誰よりも素早いです。	
7-00952	11069.29	대사	1	しりませんよ。	
7-00953	11069.31	대사	2	 ﾊﾞｰﾃｨｰ@	
7-00954	11069.32	대사	1	切れ味がいいものを たくさん売ってます。	
7-00955	11069.34	대사	1	バーティーの店は ぐるっとまわって あがって下がれば みつかりますよ！	
7-00956	11069.38	대사	1	この森の中の我々の家です。	
7-00957	11069.39	대사	1	谷を降り、谷を抜け、 山を越えた森の中です。	
7-00958	11200.1	대사	1	おれはカボム軍曹。 兵站部の責任者だ。	
7-00959	11200.2	대사	1	おれは兵站部の責任者だ。	
7-00960	11200.3	대사	1	装備や弾丸が必要なら、 この兵站部で俺を探せ。	
7-00961	11200.5	대사	4	{1F}ｶﾎﾞﾑ@	
7-00962	11200.10	대사	1	!ﾍｲﾀﾝﾌﾞ@	
7-00963	11200.12	대사	1	ＩＵＦの装備や弾丸は すべてここで揃える。	
7-00964	11200.13	대사	1	もしなにか必要なら、 俺に言ってくれ。	
7-00965	11200.14	대사	1	防備は完璧だ！	
7-00966	11200.15	대사	1	"ｿｳﾋﾞ@	
7-00967	11200.17	대사	1	ここには兵隊用の装備が なんでも揃っている。	
7-00968	11200.18	대사	1	ここにあるものを調べて、 いるものがあったら 言ってくれ。	
7-00969	11200.19	대사	1	装備はここにあるのが 全部だ。	
7-00970	11200.20	대사	1	{1F}ｿｳﾋﾞ@	
7-00971	11200.25	대사	1	{1E}ﾀﾞﾝｶﾞﾝ@	
7-00972	11200.30	대사	4	"ﾏｽｹｯﾄｼﾞｭｳ@	
7-00973	11200.31	대사	1	撃ち方は射撃場で習え。	
7-00974	11200.35	대사	4	{1F}ﾗｯﾊﾟｼﾞｭｳ@	
7-00975	11200.40	대사	1	!ｼｬｹﾞｷｼﾞｮｳ@	
7-00976	11200.42	대사	1	練習するなら射撃場に 的をおかないとならん。	
7-00977	11200.43	대사	1	グロモ中尉の所にいけば、 的をどうすればいいか 教えてくれ。	
7-00978	11200.44	대사	1	そいつは 北のバラックの向こうだ。 まっすぐいきな。	
7-00979	11245.0	대사	4	 ｸﾞﾛﾓ@	
7-00980	11245.1	대사	1	射撃場にいるよ。 さぁ、なにかいるのか？ そうでなければいけ！	
7-00981	11245.5	대사	1	 ｽﾊﾟｲ@	
7-00982	11245.6	대사	1	我が軍は、 我々の中にいるスパイを 捜索しているらしい。	
7-00983	11245.11	대사	1	ヤモ将軍は アンパニ帝国軍の司令官だ。	
7-00984	11245.13	대사	1	彼のオフィスは 司令部の中にある。	
7-00985	11245.16	대사	1	追跡のプロ、 ロダン・レワークスは ヤモ将軍の特命を受けて 行動中だ。	
7-00986	11245.18	대사	2	ティーラングを捕まえる罠を仕掛けているんだろう。	
7-00987	11245.21	대사	1	追跡者ラハーリックは ＩＵＦの偵察任務に ついている。	
7-00988	11245.25	대사	3	 ｸﾞﾗﾝﾄﾗｯﾊﾟｰ@	
7-00989	11245.26	대사	1	グラントラッパー中尉は ヤモ将軍の密命を 受けている…	
7-00990	11245.28	대사	1	最近姿を見ていない。	
7-00991	11245.30	대사	4	 ﾛｻﾞﾘｱﾝ@	
7-00992	11245.31	대사	3	ロザリアンは 日焼けした商人だ。 なんでここにいるのか、 俺は知らん。	
7-00993	11245.33	대사	1	ニューシティーに いるらしい…	
7-00994	11245.35	대사	1	 ﾊﾞﾙﾌﾞﾗｸ@	
7-00995	11245.36	대사	1	バルブラク軍曹は、 徴兵局で入隊受け付けを している。	
7-00996	11245.38	대사	1	徴兵局へいって、 実際にあってみたらどうだ？	
7-00997	11245.42	대사	4	ＩＵＦは アンパニ帝国軍の略だ。	
7-00998	11245.43	대사	1	ＩＵＦは常によい偵察隊員を求めている。	
7-00999	11245.45	대사	5	"ﾎﾗｻ@	
7-01000	11245.47	대사	4	それは機密事項だ！	
7-01001	11245.52	대사	1	アクパイルは この惑星における、 我々の臨時司令部だ。	
7-01002	11245.53	대사	1	アクパイルは アクパイル山のこちら側だ。	
7-01003	11245.60	대사	4	"ﾔﾐｼｼﾞｮｳ@	
7-01004	11245.61	대사	1	ニューシティーのどこかに 闇市場があるらしい。	
7-01005	11245.66	대사	1	ティーラングのウジ虫ども、あいつらは 死んでしまえばいい！	
7-01006	11312.1	대사	1	そこら中にいるが、 いつか宇宙から 一掃してやる！	
7-01007	11400.1	대사	1	私はシュリチ・ティーラング	
7-01008	11400.2	대사	1	私はティーラングの 暗殺者の主。	
7-01009	11400.3	대사	1	私の計略は おまえには関係ない。	
7-01010	11400.5	대사	1	{1F}ｼｭﾘﾁ@	
7-01011	11400.11	대사	1	ティーラングの主、 偉大なるエイチジェン・ラはとても賢い。	
7-01012	11400.13	대사	1	エイチジェン・ラは北の方で完璧に警護されている。	
7-01013	11400.16	대사	1	ケーボラ・ティーラングは エイチジェン・ラの ずるがしこい子分。	
7-01014	11400.20	대사	2	 ﾃﾞｨｰﾗﾝｸﾞ@	
7-01015	11400.21	대사	1	ディーラングは ケーボラの無謀な甥。	
7-01016	11400.25	대사	3	"ﾅﾙｷﾞｽﾄ@	
7-01017	11400.27	대사	2	シーッ！ そのことは 口に出してはならん！	
7-01018	11400.30	대사	3	"ｴｯｸﾞ@	
7-01019	11400.37	대사	1	北にある ニクタリンスの廃墟は、 今は我々の基地。	
7-01020	11400.38	대사	1	ニクタリンスは赤の森の北。	
7-01021	11400.41	대사	1	ヤモ将軍は アンパニのデブ司令官だ。	
7-01022	11400.43	대사	1	東のアクパイル山で、 縮み上がっている。	
7-01023	11400.45	대사	1	#ﾚﾜｰｸｽ@	
7-01024	11400.51	대사	1	その名前は二度と 口にするな。	
7-01025	11400.55	대사	6	 ｱｽﾄﾗﾙ･ﾄﾞﾐﾅ@	
7-01026	11400.56	대사	1	伝説の球体のことを 知っているなら、 教えてくれ。	
7-01027	11400.60	대사	2	 ﾍｸﾀｰ@	
7-01028	11400.61	대사	1	ヒーッヒヒ、 奴の苦しみは我が喜び。	
7-01029	11500.1	대사	1	おれは ケーボラ・ティーラング。 エイチジェン・ラの 強力な部下よ。	
7-01030	11500.3	대사	1	おれの計略を 教える必要はねぇ。	
7-01031	11500.5	대사	1	{1F}ｹｰﾎﾞﾗ@	
7-01032	11500.11	대사	1	おれは 偉大なエイチジェン・ラ のことを話すほど 厚かましくねぇ。	
7-01033	11512.1	대사	1	エイチジェン・ラは 我らの北方の基地から 命令を下される。	
7-01034	11512.4	대사	2	暗殺者の主、 無敵の シュリチ・ティーラング！	
7-01035	11512.5	대사	1	暗殺者の主は帝国のために 特別な任務についている。	
7-01036	11512.6	대사	1	シュリチは 彼の思うがままに 動いている。	
7-01037	11512.9	대사	1	ディーラング・ ティーラングは 俺の若くて強い甥っ子だ。	
7-01038	11512.11	대사	1	ディーラングは、 今ごろアンパニの カエルどもを 震え上がらせてるだろう。	
7-01039	11512.25	대사	2	北のニクタリンスの廃墟は、おれたちの基地になってる。	
7-01040	11512.26	대사	1	ニクタリンスは 赤の森の北だ。	
7-01041	11512.29	대사	2	ヤモ将軍は アンパニのカエルどもの 親分だ。	
7-01042	11512.31	대사	2	今ごろ アクパイルのジャングルで 震えてるだろうよ！	
7-01043	11512.34	대사	2	ロダン・レワークスは デブのアンパニどもの 追跡屋だ。	
7-01044	11512.36	대사	1	みつけたら ブッ殺してやる！	
7-01045	11512.39	대사	1	その名を 二度と口にするなよ…	
7-01046	11512.44	대사	1	伝説の球体のことを、 なんか知ってるなら 教えてくれ…	
7-01047	11512.49	대사	1	なんのことだかわからん。 これ以上話すのはよそう。	
7-01048	11512.58	대사	1	{1E}ｶﾈ@	
7-01049	11600.1	대사	1	俺は ディーラング・ティーラング帝国の重要な指導者だ。	
7-01050	11600.3	대사	1	俺は弱虫アンパニを探しだし息の根を止めてやる。	
7-01051	11600.11	대사	1	偉大なエイチジェン・ラ、 ティーラングの主は とても賢い。	
7-01052	11600.13	대사	1	エイチジェン・ラは北方で 厳重な警護を受けている。	
7-01053	11614.3	대사	1	暗殺者の主は 帝国のために 特別な任務についている。	
7-01054	11614.4	대사	1	シュリチは、 自分の思うがままに 動いている。	
7-01055	11614.7	대사	1	ケーボラ・ティーラングは 俺のおじき。 エイチジェン・ラの 次に偉い。	
7-01056	11614.9	대사	1	ケーボラ・ティーラングは アンパニに罠を 仕掛けてるんだろう。	
7-01057	11614.13	대사	1	我らの スペース・シャトルだ… なぜその名を知ってる？！	
7-01058	11614.18	대사	1	シーッ！ そいつのことは 黙ってた方がいい。	
7-01059	11614.24	대사	1	ニクタリンスは 赤の森の北にある。	
7-01060	11614.34	대사	1	みつけたらブッ殺してやる！	
7-01061	11614.37	대사	1	俺は全然こわくねぇ。 このディーラング様の前に 出てきやがれ！	
7-01062	11614.39	대사	1	会ったことはねえが、 黒い船に乗ってるらしい。	
7-01063	11614.42	대사	1	伝説の球体のことを なんか知ってるなら 教えてくれ…	
7-01064	11614.46	대사	4	"ｸﾛｲﾌﾈ@	
7-01065	11614.48	대사	1	ダーク・サーヴァントの 乗る黒い船はデダエリスと 呼ばれている。	
7-01066	11614.49	대사	1	上空のどこかにいるらしい。	
7-01067	11614.51	대사	1	{1F}ﾃﾞﾀﾞｴﾘｽ@	
7-01068	11700.1	대사	1	俺はロダン・レワークス。 ヘクターの息子で アンパニ一の追跡者だ。	
7-01069	11700.2	대사	1	俺は シュリチ・ティーラングの 首を狙ってる。 絶対復讐を成し遂げてやる！	
7-01070	11703.2	대사	1	{1F}ﾚﾜｰｸｽ@	
7-01071	11703.8	대사	1	俺のおやじだ…	
7-01072	11703.9	대사	1	シュリチ・ティーラングの 手にかかって殺された…	
7-01073	11703.13	대사	3	ヤモ将軍は ＩＵＦの指揮官だ。	
7-01074	11703.15	대사	1	司令部は アクパイルの基地にある。	
7-01075	11703.18	대사	1	追跡者ラハーリックは ＩＵＦの偵察隊員だ。	
7-01076	11703.20	대사	1	どこかでティーラングを 仕留める罠を はっているんだろう。	
7-01077	11703.23	대사	1	グラントラッパー中尉は ヤモ将軍の 特命を受けて行動中だ。	
7-01078	11703.24	대사	1	それに関しては話せない。	
7-01079	11703.25	대사	1	最近会ってない。	
7-01080	11703.30	대사	1	噂では、ニューシティーで 闇市場を営んでいるらしい。	
7-01081	11703.33	대사	1	ＩＵＦの士官だ。	
7-01082	11703.35	대사	1	最後に会ったときは、 彼はアクパイルの 基地にいた。	
7-01083	11703.42	대사	1	{1E}ﾊﾞﾙﾌﾞﾗｸ@	
7-01084	11703.50	대사	3	ＩＵＦの司令部は アクパイルの基地にある。	
7-01085	11703.59	대사	3	アクパイルには 我々の司令部がある。	
7-01086	11703.60	대사	3	アクパイルは 東のジャングルを抜け、 アクパイル山のこちら側だ。	
7-01087	11703.69	대사	2	それがなんだか知らないなら俺には教えてやることは できねえ。	
7-01088	11703.70	대사	1	アクパイルの基地にいけば、そこで誰かが 教えてくれるよ。	
7-01089	11703.77	대사	3	{1E}ﾒｲﾚｲ@	
7-01090	11703.83	대사	3	ニューシティーに 闇市場があるらしい。	
7-01091	11703.88	대사	1	俺はティーラングが 滅亡するまで働き続けるぜ！	
7-01092	11792.1	대사	1	そこらじゅうにいるが、 いつか一掃してやる！	
7-01093	11792.4	대사	3	エイチジェン・ラは いかれたティーラングの頭だ	
7-01094	11792.5	대사	3	エイチジェン・ラは ティーラングの汚い考えを 宇宙中に広めてる！	
7-01095	11792.6	대사	2	ティーラングの奴らは、 北のどこかに隠れてやがる。	
7-01096	11792.8	대사	1	#ｼｭﾘﾁ@	
7-01097	11792.13	대사	1	{1F}ﾌｸｼｭｳ@	
7-01098	11792.19	대사	1	そいつは恐い名前だ。 勝てる奴はいねぇ。	
7-01099	11792.21	대사	3	黒い雲の影には 奴の黒い船がいるって噂だ。	
7-01100	11792.25	대사	3	黒い船は ダーク・サーヴァントの 旗艦だ！	
7-01101	11792.26	대사	1	噂じゃ黒い船は えらく近いところに いるらしい。	
7-01102	11792.29	대사	3	伝説の球体のことを 知ってるなら、 教えてくれ。	
7-01103	11900.1	대사	1	俺は追跡者ラハーリック。 ＩＵＦの偵察隊員だ。	
7-01104	11900.2	대사	1	ティーラングを 全滅させるために、 奴らのアジトを探してる。	
7-01105	11900.5	대사	1	{1F}ﾗﾊｰﾘｯｸ@	
7-01106	11900.13	대사	2	彼はアクパイルの基地にある司令部から 命令を発している。	
7-01107	11900.16	대사	1	最高の追跡者 ロダン・レワークスは ヤモ将軍の命令を受けて 動いている。	
7-01108	11900.17	대사	1	ロダンは 恐るべきティーラング、 シュリチを探している。	
7-01109	11900.18	대사	1	ティーラングを捕らえる、 罠を仕掛けているんだろう。	
7-01110	11900.21	대사	1	グラントラッパー中尉は ヤモ将軍の特命を受けて 行動中だ。	
7-01111	11900.22	대사	1	それについては 何も言えない。	
7-01112	11900.23	대사	1	最近彼には会っていない。	
7-01113	11900.28	대사	1	ニューシティーのあたりに いるらしい…	
7-01114	11931.0	대사	2	彼はＩＵＦの士官だ。	
7-01115	11931.2	대사	1	最後にあったのは アクパイルの基地でだった。	
7-01116	11931.9	대사	2	{1E}ﾊﾞﾙﾊﾞﾗｸ@	
7-01117	11931.37	대사	1	アクパイルの基地にいけば、そこで 誰かが教えてくれるよ。	
7-01118	11931.55	대사	2	ティーラングの ウジ虫どもに死を！	
7-01119	11931.57	대사	2	いつかこの宇宙から 追い払ってやる！	
7-01120	11931.65	대사	1	シュリチ・ティーラングは ティーラングの暗殺者の 親玉だ！	
7-01121	11931.66	대사	2	シュリチ・ティーラングは レワークスの復讐を恐れて 縮み上がってるさ！	
7-01122	11931.67	대사	1	もしシュリチをみつけたら、奴らを一網打尽してやる！	
7-01123	11931.70	대사	1	そいつは 背筋が寒くなる名前だぜ！	
7-01124	11931.71	대사	1	恐ろしい サーヴァントには 慈悲のかけらもない！	
7-01125	12008.0	대사	2	噂では黒い船は 近くにいるらしい…	
7-01126	12100.1	대사	1	私はグラントラッパー中尉。ＩＵＦの特務士官だ。	
7-01127	12100.3	대사	1	そいつは機密事項だ、 ぼうず。	
7-01128	12100.16	대사	1	最高の追跡者 ロダン・レワークスは ヤモ将軍の命令を 受けて動いている。	
7-01129	12100.17	대사	1	ロダンはシュリチという名のティーラングを 探してるらしい。	
7-01130	12100.18	대사	1	ティーラングをとらえる罠を仕掛けているんだろう。	
7-01131	12100.21	대사	1	追跡者ラハーリックは ＩＵＦ一の偵察隊員だ。	
7-01132	12100.23	대사	1	ティーラングを捕らえる罠を仕掛けているんだろう。	
7-01133	12100.26	대사	1	ロザリアンは 日焼けした商人だ。 なんでここにいるのか、 私は知らない。	
7-01134	12100.28	대사	1	ニューシティーのあたりで 彼を見かけた という話をきいた…	
7-01135	12100.33	대사	1	彼と最後に会ったのは アクパイルの基地だった。	
7-01136	12100.67	대사	1	それがなんだか知らないなら私には 教えてやることはできない。	
7-01137	12168.0	대사	1	アクパイルの基地にいけば、そこで誰かが教えてくれる。	
7-01138	12168.25	대사	1	ティーラングの奴らは、 北のどこかに隠れている。	
7-01139	12168.28	대사	1	シュリチ・ティーラングは ティーラングの 暗殺者の親玉だ！	
7-01140	12168.30	대사	1	もしシュリチをみつけたら 奴らを一網打尽してやる！	
7-01141	12168.33	대사	1	その名前を聞くと 背筋が寒くなる！	
7-01142	12168.34	대사	1	恐ろしいサーヴァントには 慈悲のかけらもない！	
7-01143	12300.1	대사	1	私はウルガー王。 ゴーン帝国の支配者。	
7-01144	12300.2	대사	1	私は内戦の危機から 我が帝国を 救おうとしておる。	
7-01145	12300.3	대사	1	私は諸国を旅しながら 計略を練っている。	
7-01146	12300.5	대사	1	{1F}ｳﾙｶﾞｰ@	
7-01147	12300.11	대사	1	ガリエラ卿は我が玉座に 忠誠を誓った家臣だ。	
7-01148	12300.12	대사	1	彼はその剣をもって 我が王家を守ろうとしておる	
7-01149	12300.14	대사	1	彼はゴーン帝国に襲いかかる内戦の危機を 防ごうとしている。	
7-01150	12316.0	대사	1	彼は最近消息が途絶えている心配だ。	
7-01151	12316.5	대사	3	ああ、 哀れな魔法使いムラカトス！ 誰かに裏切られたのだ！	
7-01152	12316.6	대사	3	哀れなムラカトス。 偉大な魔法使いも今や屍！	
7-01153	12316.7	대사	3	ムラカトスは死んだ！	
7-01154	12316.15	대사	1	オルコグレ城は今やゴーンの血の海に浸っておる。	
7-01155	12316.25	대사	1	予言がなんだ！ 私は我が帝国を取り戻す！	
7-01156	12316.31	대사	1	内戦が我が国と 国軍を引き裂いておる！ 帝国も終焉じゃ！	
7-01157	12316.32	대사	3	内戦は我が国土を引き裂き、帝国を二分してしまった！	
7-01158	12316.34	대사	1	 ｹｲﾘｬｸ@	
7-01159	12316.35	대사	1	話してしまえば、 すべては 水の泡になってしまう！	
7-01160	12400.1	대사	1	私はガリエラ卿。 ゴーンの王家の忠実な家臣。	
7-01161	12400.2	대사	2	私は内戦の悲劇から 我が祖国を 救おうとしている。	
7-01162	12400.3	대사	1	私はこの命にかけて、 我が君の帝国を 取り戻すまで戦う！	
7-01163	12400.11	대사	2	ウルガー王は 偉大なるゴーン帝国の 支配者！	
7-01164	12400.13	대사	2	我が国の将来について 熟慮なさっている。	
7-01165	12400.16	대사	1	彼は最近消息が 途絶えている。 心配だ。	
7-01166	12400.31	대사	2	オルコグレ城は今やゴーンの血の海に浸っている。	
7-01167	12400.41	대사	1	予言など 成就するはずがない！	
7-01168	12447.0	대사	2	内戦が我が国と 国軍を引き裂いている！帝国も終焉だ！	
7-01169	12500.1	대사	1	私はボエリガード大尉。 無敵のゴーン帝国の将校だ。	
7-01170	12500.3	대사	1	私は裏切り者を 追いかけている。	
7-01171	12500.16	대사	1	ガリエラ卿は ウルガー王に忠誠を誓った 王家の家臣！	
7-01172	12500.17	대사	1	彼はその剣をもって ゴーン帝国を 守ろうとしている。	
7-01173	12500.19	대사	1	彼は、ゴーン帝国に 襲いかかる内戦の危機を 防ごうとしている。	
7-01174	12500.41	대사	1	予言など成就しない！	
7-01175	12500.50	대사	1	 ｳﾗｷﾞﾘﾓﾉ@	
7-01176	12500.51	대사	1	ゴーンの国を滅亡させようとする者たちだ！	
7-01177	12500.52	대사	1	誰もが欺かれ、今や誰もが その被害を受けている！	
7-01178	12500.53	대사	1	どこかにいるはずだが、 必ず捕まえてみせる！	
7-01179	12500.54	대사	1	{1F}ｳﾗｷﾞﾘ@	
7-01180	12600.1	대사	1	私はマスター・ゼン。 五花術の主じゃ。	
7-01181	12600.2	대사	1	私は道場で 五花術と聖なる任務の道を 教えておる。	
7-01182	12600.3	대사	1	私は聖なる任務の道を 説くために旅をしておる。	
7-01183	12604.7	대사	1	ブラザー・ツォーバーは ムンクハラマへの 橋を守っておる。	
7-01184	12604.12	대사	1	ファーザー・ルラエは 聖なる道をゆくものを 導いておる。	
7-01185	12604.39	대사	1	セスミンスター修道院の ファーザー・ルラエなら、 聖なる道の歩き方を 教えてくれよう。	
7-01186	12604.43	대사	1	我ら聖なる ムンクハラムの教え、 聖なる任務の道を歩む！	
7-01187	12604.54	대사	2	聖なるムンクハラムは 聖なる道をゆくもの すべてを導く。	
7-01188	12604.56	대사	1	 ﾀﾞｰﾝ%	
7-01189	12674.2	대사	1	偽りを述べ人を裏切る カイマス・ツランを 信じてはならん！	
7-01190	12674.12	대사	1	予言は我らの世界から邪悪を洗い清めるであろう！	
7-01191	12674.16	대사	1	#ﾊﾅ@	
7-01192	12674.21	대사	1	#ﾀﾞﾘｱ@	
7-01193	12800.1	대사	1	私はブラザー・ツォーバー。ムンクハラマへ 渡る橋を守っておる。	
7-01194	12800.2	대사	1	罰当たりなダーンども、 いつかこらしめてやる！	
7-01195	12800.12	대사	1	マスター・ゼンは 聖なる任務の秘密を守り、 正しき道を歩んでいる。	
7-01196	12800.18	대사	1	彼はニューシティーの セスミンスター修道院にいる	
7-01197	12800.43	대사	1	セスミンスター修道院の ファーザー・ルラエが 聖なる道の 歩き方を教えてくれよう。	
7-01198	12844.6	대사	1	#ｾｲﾅﾙｹｲﾔｸ@	
7-01199	12844.42	대사	1	予言は よこしまなるものを清め、 救済をもたらすだろう！	
7-01200	12900.1	대사	1	おいらはラツプーティン。 ラズーカ一家のもんだ。	
7-01201	12900.3	대사	1	おまえの 知ったこっちゃねぇ。	
7-01202	12900.5	대사	1	{1F}ﾗﾂﾌﾟｰﾃｨﾝ@	
7-01203	12900.11	대사	1	ドン・バルローンは 一家の親分だ。	
7-01204	12900.13	대사	1	そいつは言えねえ。	
7-01205	12900.16	대사	1	ミック・ザ・ピックは 誰よりもすばしっこい奴よ！	
7-01206	12900.18	대사	1	知るもんか！	
7-01207	12900.21	대사	1	ああブラインドメイスか、 ヘッヘッヘッ…	
7-01208	12900.23	대사	1	そのうち会うだろうよ。	
7-01209	12924.3	대사	1	北の森の中は おいらたちの森の家だ。	
7-01210	12924.4	대사	2	森の中、谷を降り、谷を抜け山を越えた向こうだ。	
7-01211	12924.12	대사	1	オールド・ファンハウスには近寄んないほうがいいぜ。	
7-01212	12924.17	대사	2	ラツケルの店には 変わったもんが たくさんある。	
7-01213	12924.19	대사	1	ラツケルの店は おいらたちの森の家にある。	
7-01214	12924.23	대사	1	ブラインドメイスなら なにか教えてくれるかもよ。ヘッヘッ。	
7-01215	12924.27	대사	1	無敵のラズーカ一家！	
7-01216	12924.29	대사	2	ラズーカ一家は どこにでもいるぜ！	
7-01217	13000.1	대사	1	俺はミック・ザ・ピック。 ラツキン一のふだつきよ！	
7-01218	13000.3	대사	1	俺は行きたい所にいく！	
7-01219	13000.11	대사	1	ドン・バルローンは ラズーカ一家の親分だ！	
7-01220	13000.13	대사	1	親分はいたるところを 見張ってる！	
7-01221	13000.16	대사	1	ラツプーティンは ラズーカ一家のもんだ。	
7-01222	13000.18	대사	1	どこかを うろついてるだろう！	
7-01223	13000.21	대사	1	バーティーは 切れ味がいいもんを 売ってる。	
7-01224	13000.23	대사	1	バーティーの店は 俺たちの森の家にある。	
7-01225	13000.26	대사	1	だまされちゃいけねぇ。 あの年寄りが ラツキン一素早いんだ！	
7-01226	13000.28	대사	1	この近くに いないでほしいね！	
7-01227	13000.32	대사	1	北にある俺たちの森の家だ。	
7-01228	13000.41	대사	1	オールド・ファンハウスは ずっと閉まったっきりだ。	
7-01229	13000.43	대사	1	俺たちの森の家の 南の端にあるぜ。	
7-01230	13044.4	대사	1	ラツケルの店は 森の家にある。	
7-01231	13044.8	대사	1	ブラインドメイスが 助けてくれるだろうよ、 ヘッヘッ	
7-01232	13044.12	대사	1	ラズーカ一家は無敵よ！	
7-01233	13044.18	대사	1	その道の達人は、 みんなギルドに入ってるぜ。	
7-01234	13100.1	대사	1	私はカイマス・ツラン。 ダーンの 聖なる言葉の伝道者。	
7-01235	13100.3	대사	1	私は罪多き人々に聖なる光を説くために旅している。	
7-01236	13100.21	대사	1	ブラザー・アルマゴルテは ダーンの家にやってくる 入会者の案内役だ。	
7-01237	13100.47	대사	1	聖なるダーンの家は 正義のグレートタワーに ある。	
7-01238	13149.1	대사	1	 ﾊｲﾌｧｰｻﾞｰ@	
7-01239	13149.2	대사	1	最も献身的な者のみが ハイファーザーの 位につける。	
7-01240	13149.4	대사	1	ハイファーザーは マグナ・ダーンの 玉座に傍らに控える。	
7-01241	13149.8	대사	1	ダーンの家の高位のものは、皆偉大なる力を持っている。	
7-01242	13149.33	대사	1	予言では、世界は終わり 罪深きものも消え去る。	
7-01243	13149.38	대사	1	悔い改めよ！終末の前に、 己の邪悪を悔い改めよ！	
7-01244	13300.1	대사	1	私はヘラゾイドの ジャン・エッテ。	
7-01245	13300.3	대사	1	私はクルセーダー到来の兆を探している。	
7-01246	13300.5	대사	1	{1F}ｼﾞｬﾝ･ｴｯﾃ@	
7-01247	13300.11	대사	1	ケ・リ様は 天空の都市の女王！	
7-01248	13300.13	대사	1	ケ・リ女王は 天空の都市に君臨している！	
7-01249	13300.16	대사	1	我らはヘラゾイドの軍勢、 天空の都市の守護者！	
7-01250	13300.21	대사	1	ハイガルディは遥か昔に 姿を消した我らの遠き祖先。	
7-01251	13300.23	대사	1	ハイガルディは遥か昔に この世界を離れた。	
7-01252	13300.26	대사	1	天空の都市は、 ハイガルディの守護者 ヘラゾイドの故郷！	
7-01253	13327.1	대사	1	天空の都市は遥か南、 海の向こうにある。	
7-01254	13327.3	대사	1	{1F}ﾊｲｶﾞﾙﾃﾞｨｱ@	
7-01255	13327.11	대사	1	天空の都市には 数多くの空飛ぶ機械がある。	
7-01256	13327.18	대사	1	"ｷｶｲ@	
7-01257	13327.24	대사	1	我らはクルセーダーの到来を待っている！	
7-01258	13327.29	대사	1	その名において、おまえこそかの予言の先ぶれなり！	
7-01259	13327.34	대사	1	予言が成就した暁には、 我らは天国へと 旅立つであろう。	
7-01260	13327.38	대사	1	{1F}ｻｲﾝ^3ｼﾙｼ	
7-01261	14000.0	대사	1	＊　寺院　＊	
7-01262	14000.1	대사	1	人生の複雑さに 人は迷い混乱し、	
7-01263	14000.2	대사	1	恐れと不確かさの前に 我を忘れる。	
7-01264	14000.3	대사	1	よりどころなき者は 苦悩の中に迷い、 	
7-01265	14000.4	대사	1	聖域を持つものは 平安と安定を得る。	
7-01266	14000.5	대사	1	汝、創造者をさがし、 その眼に光を。	
7-01267	14000.6	대사	1	その者の内に 構造の知識あり。	
7-01268	14000.7	대사	1	巡りゆく水の流れから 石の造物を得よ。	
7-01269	14000.8	대사	1	四なる角に供物をなし、 光を通さざる色合い	
7-01270	14000.9	대사	1	移しとられしとき、 その労は報われん。	
7-01271	14000.10	대사	1	まばゆき輝きあるとき、 人は恐れをいだかん。	
7-01272	14000.11	대사	1	かくして天国は見いだされ、道のりは先へ続かん。	
7-01273	14000.12	대사	1	かくして 己自身は見いだされ、 人生は先へ続かん。	
7-01274	14050.0	대사	1	＊　ボート　＊	
7-01275	14050.1	대사	1	人生の船は天候のままに漂い	
7-01276	14050.2	대사	1	まさに海のごとく、 なぎとしけを知る。	
7-01277	14050.3	대사	1	しけに飲まれるものは 必ずや姿を消し、	
7-01278	14050.4	대사	1	海を渡る術を知るものは その旅を続ける。	
7-01279	14050.5	대사	1	恐れが怒りに変わるとき、	
7-01280	14050.6	대사	1	人はその魂を失い、 悪魔が高笑いを始める。	
7-01281	14050.7	대사	1	しかるに、その舌を鎮め 驚嘆をもたらせば、	
7-01282	14058.0	대사	1	汝、啓発を受け、 至福の喜びを知る。	
7-01283	14058.1	대사	1	かくして造物は見いだされ、水の上を進まん。	
7-01284	14058.2	대사	1	かくして 己自身は見いだされ、 人生を進まん。	
7-01285	14100.0	대사	1	＊　ヘビ　＊	
7-01286	14100.1	대사	1	ヘビが身をくねらせ とぐろを巻くように、 人生の道乗りもうねる。	
7-01287	14100.2	대사	1	ヘビを理解するもの、 無敵の塔を登り、	
7-01288	14100.3	대사	1	目的地なく旅立つもの、 混乱の雲の中を	
7-01289	14100.4	대사	1	啓発を受けることもなく 無限にさまよう。	
7-01290	14100.5	대사	1	かくして 暗黒の霧と遭遇し、 光を見いだし、	
7-01291	14100.6	대사	1	その絡み合った 目的にいたる波止場を 認めん。	
7-01292	14100.7	대사	1	かくして人生の霧と遭遇し、光を見いだし、	
7-01293	14100.8	대사	1	その絡み合った 運命にいたる道筋を認めん。	
7-01294	14150.0	대사	1	＊　ドラゴン　＊	
7-01295	14150.1	대사	1	ドラゴンのすみかの中、 人は自らの願望を求め てさまよい、	
7-01296	14150.2	대사	1	そのすべての暗闇の中に 怪物はひそまん。	
7-01297	14150.3	대사	1	その内なる夢は 高貴な報酬に飢え、	
7-01298	14150.4	대사	1	その外なる世界は 実りなき闘争と挫折、 そして無で成り立つ。	
7-01299	14150.5	대사	1	ただ、見いだしたるものを 再見する者のみ、	
7-01300	14150.6	대사	1	そのもろき知識の割れ目に 隠されし、	
7-01301	14150.7	대사	1	新たなる意味を捜し当てん。	
7-01302	14150.8	대사	1	かくして影のドラゴンに 立ち向かい、	
7-01303	14150.9	대사	1	迷宮の隠されし財宝を 見いださん。	
7-01304	14150.10	대사	1	かくして影の恐怖に 立ち向かい、	
7-01305	14150.11	대사	1	隠されし人生の財宝を 見いださん。	
7-01306	14200.0	대사	1	＊　スフィンクス　＊	
7-01307	14200.1	대사	1	おけ一杯のナメクジは 彼女の子宮となり、	
7-01308	14200.2	대사	1	醜く臭きもののただ中に 彼女の魂の種は横たわる。	
7-01309	14200.3	대사	1	さかまく水の上なる 塩の床より 無垢の再生はなされ、	
7-01310	14200.4	대사	1	混沌の海からの 解放もなされん。	
7-01311	14200.5	대사	1	これ、まさに 人生にたとえられん。 すなわち、	
7-01312	14200.6	대사	1	不可思議なる 声の海に生まれ、 塩の大地に生き、 彼をつき動かす	
7-01313	14200.7	대사	1	秘密の密やかなささやきを 永久に捜し求め、	
7-01314	14200.8	대사	1	その眼を見開き、 空に向かって立ちはだかる。	
7-01315	14200.9	대사	1	かくして橋は見いだされ、	
7-01316	14210.0	대사	1	泡立つ混乱からはい登らん。	
7-01317	14210.1	대사	1	かくして 己自身は見いだされ、 人生の混沌からはい登らん。	
7-01318	14250.0	대사	1	＊　神秘　＊	
7-01319	14250.1	대사	1	汝のゆく死者の国、	
7-01320	14250.2	대사	1	幽霊と悪魔の島あり。	
7-01321	14250.3	대사	1	汝の知識過去に根ざすとき、 	
7-01322	14250.4	대사	1	汝の思考、死者と亡者の 神秘の残響とはならず。	
7-01323	14250.5	대사	1	過去の間を 無為に見つめるもの、 その眼になにもとらえず。	
7-01324	14250.6	대사	1	一人離れ、 入念に記録とりしもの、	
7-01325	14250.7	대사	1	その驚くべき水に おさまる秘密を見いださん。	
7-01326	14250.8	대사	1	真実のごとく 死を抱擁するは、 暗き神秘の中に住まうこと。	
7-01327	14250.9	대사	1	輝く日に汝の眼をさらし、 それを汝が真実とせよ。	
7-01328	14250.10	대사	1	かくして神秘から逃れ、 島の立体を離れん。	
7-01329	14250.11	대사	1	かくして過去から逃れ、 島の心を離れん。	
7-01330	14300.0	대사	1	＊　伝説　＊	
7-01331	14300.1	대사	1	地図の上に 書かれていたものは 遥か昔に薄れており、	
7-01332	14300.2	대사	1	いくつかの穴が 開いている以外、 文書はほとんど	
7-01333	14300.3	대사	1	白紙同然だった。	
7-01334	14300.4	대사	1	かろうじて、 まん中あたりに開いた 穴の周辺に、	
7-01335	14300.5	대사	1	かすかに赤い染料が 残っていた。	
7-01336	14350.0	대사	1	＊　クリスタル　＊	
7-01337	14350.1	대사	1	人の心、すべての言語と 言葉をこえ、	
7-01338	14350.2	대사	1	その独自の舌もて語る。	
7-01339	14350.3	대사	1	そして、 心は意味とシンボルの 内に生き、	
7-01340	14350.4	대사	1	そのはかない理解を示す 一瞬の閃きにて成り立つ。	
7-01341	14350.5	대사	1	これ、いにしえの魔法の クリスタルの球のごとく、	
7-01342	14350.6	대사	1	秘匿された知識への 回廊として 未知のベールを貫き、	
7-01343	14350.7	대사	1	心はクリスタルを そのシンボルとし、 人の知覚を	
7-01344	14350.8	대사	1	その外へと押し拡げる。	
7-01345	14350.9	대사	1	ドラゴンのＤは 最初の文字。	
7-01346	14350.10	대사	1	そしてオベリスクのＯ それに続かん。	
7-01347	14350.11	대사	1	ムーンのＭ、 アイランドのＩ、 これらは十字の横に	
7-01348	14350.12	대사	1	刻印されん。	
7-01349	14350.13	대사	1	冥府と夜、暗黒の領域は Ｎの文字、	
7-01350	14350.14	대사	1	これらを死の裏に示さん。	
7-01351	14350.15	대사	1	星はアストラル。 これはまさにＡ。 そして最後に	
7-01352	14350.16	대사	1	卵、すなわちエッグのＥ。	
7-01353	14367.0	대사	1	かくしてクリスタルの 一つの意味、	
7-01354	14367.1	대사	1	幾千の組み合せの中に 閃かん。	
7-01355	14367.2	대사	1	かくして 人生の一つの意味、	
7-01356	14367.3	대사	1	幾千の次元の中に閃かん。	
7-01357	14400.0	대사	1	＊　星　＊	
7-01358	14400.1	대사	1	その凝視、天国より 星々の神秘までを 見渡すとき、	
7-01359	14400.2	대사	1	汝、自らの魂を映す 鏡を覗かん。	
7-01360	14400.3	대사	1	汝、すべての事象の 深き井戸を見るや…	
7-01361	14400.4	대사	1	もしくは、 無秩序にうごめく 混沌の渦を見るや。	
7-01362	14400.5	대사	1	そこに、過去の記憶と 未来のビジョンが合致し、	
7-01363	14400.6	대사	1	すべての人類の 免れざる運命は横たわらん。	
7-01364	14400.7	대사	1	混沌より秩序を見いだし、 汝を取り巻くと共に	
7-01365	14400.8	대사	1	その一部でもある世界に、 崩れ落ちる激動の中の	
7-01366	14400.9	대사	1	美を見いだせ。	
7-01367	14400.10	대사	1	他のいかなる事象からも 独立せしこと、	
7-01368	14400.11	대사	1	これぞ 人類の類まれなる贈物。	
7-01369	14400.12	대사	1	これぞ目的にして意義、 そして意味。	
7-01370	14400.13	대사	1	すべての生命が その内外を動き、	
7-01371	14400.14	대사	1	冷酷な変化の激動を 目撃するとき、	
7-01372	14400.15	대사	1	その聖なる秩序から、 人はその目的と	
7-01373	14400.16	대사	1	意味を知る。	
7-01374	14400.17	대사	1	石を見るがごとく 生命を見よ。	
7-01375	14400.18	대사	1	そして汝自身の 秩序を創造せよ。	
7-01376	14400.19	대사	1	最初は男を見よ。 そしてそれが正しきとき、	
7-01377	14400.20	대사	1	すべての周期が訪れん。	
7-01378	14400.21	대사	1	続いてその男の下を見よ。 そしてそれが正しきとき、	
7-01379	14400.22	대사	1	ふたたびすべての周期が 訪れん。	
7-01380	14400.23	대사	1	かくして破片から パズルはなされ、	
7-01381	14400.24	대사	1	解答は引き出されん。	
7-01382	14400.25	대사	1	かくして混沌から 秩序は導かれ、	
7-01383	14400.26	대사	1	意味は引き出されん。	
7-01384	14450.0	대사	1	＊　球体　＊	
7-01385	14450.1	대사	1	一つの旅路が次なるものに 続くがごとく、	
7-01386	14450.2	대사	1	すべての生命も先へ続かん。	
7-01387	14450.3	대사	1	宇宙の秘密、 種子の内に横たわり、	
7-01388	14450.4	대사	1	生命の秘密、 細胞の内に横たわらん。	
7-01389	14450.5	대사	1	そして汝の内に、 汝の神秘の秘密、 横たわらん。	
7-01390	14450.6	대사	1	汝こそが鍵なり！	
7-01391	14500.0	대사	1	－おろか者－	
7-01392	14500.1	대사	1	地図は広大な荒野の スケッチで、 	
7-01393	14500.2	대사	1	その中に、Ｘで終わる線が 引かれていた。	
7-01394	15000.0	대사	1	木々の間を静かに吹き抜ける穏やかな風に、	
7-01395	15000.1	대사	1	この数カ月感じたことが なかった精気が 蘇るような気がする。	
7-01396	15000.2	대사	1	長いこと、 不思議な空飛ぶ機械の	
7-01397	15000.3	대사	1	狭苦しい船内に 閉じ込められていた後では、	
7-01398	15000.4	대사	1	大きく深呼吸できることだけでも幸せを感じる。	
7-01399	15000.5	대사	1	だがすぐに、なにやら 不思議な感覚が	
7-01400	15000.6	대사	1	体の中で疼き始めた。	
7-01401	15000.7	대사	1	それは決して 見知らぬ感覚ではなかった。	
7-01402	15000.8	대사	1	まるで昔なくしたものを 見つけたような…	
7-01403	15000.9	대사	1	今、君は周囲の空気の中に、	
7-01404	15000.10	대사	1	まごうことなき危険の匂いをかぎとっていた。	
7-01405	15020.0	대사	1	森の中を歩いていて、 君は突然立ち止まった。	
7-01406	15020.1	대사	1	怒涛のような思考の激流が 体の中を突き抜ける。	
7-01407	15020.2	대사	1	君自身の心の奥底に しまい込んでいた、	
7-01408	15020.3	대사	1	暗く重苦しい思いが…	
7-01409	15020.4	대사	1	君は、今ここにいる ということの重大さに	
7-01410	15020.5	대사	1	あらためて衝撃を 感じていた。	
7-01411	15020.6	대사	1	人類に運命というものが あるのだろうか？	
7-01412	15020.7	대사	1	この宇宙にも 運命があるのだろうか？	
7-01413	15020.8	대사	1	宇宙の歴史を すべて変えてしまうことなど	
7-01414	15020.9	대사	1	本当に可能なのだろうか？	
7-01415	15020.10	대사	1	逆に、すべてをあるがままにしておくことは可能なのか？	
7-01416	15020.11	대사	1	変化の先触れ、 ダーク・サーヴァントとは 何者か？	
7-01417	15020.12	대사	1	そして自分自身の役割とは？	
7-01418	15020.13	대사	1	自分の行動は この宇宙に新しい	
7-01419	15020.14	대사	1	秩序をもたらすのか？ それとも	
7-01420	15020.15	대사	1	その崩壊に 手を貸すことになるのか？	
7-01421	15020.16	대사	1	そして自分はその違いに 気づくことがあるのか…	
7-01422	15020.17	대사	1	こういった思いは、 現れた時と	
7-01423	15020.18	대사	1	同じように唐突に 心の内から消え去り、	
7-01424	15020.19	대사	1	君は再び周りの森に 目をやった…	
7-01425	15020.20	대사	1	おそらく、 この世界のどこかに、 その答えは あるかもしれない。	
7-01426	15020.21	대사	1	だが、ないかもしれない…	
7-01427	15060.0	대사	1	君は地面からゆっくりと 起き上がった。	
7-01428	15060.1	대사	1	だが、 どうしてここにいるのか、 よくわからなかった。	
7-01429	15060.2	대사	1	覚えていることといえば、 美しい花の間を	
7-01430	15060.3	대사	1	歩いているうちに、だんだん眠くなったことだけだった。	
7-01431	15070.0	대사	1	目の前に、 色鮮やかで香芳の強い 野性のランが	
7-01432	15070.1	대사	1	咲き乱れる、 広大な荒野が拡がっていた。	
7-01433	15070.2	대사	1	立ち上る花粉のためか、 地面からほんの	
7-01434	15070.3	대사	1	数メートルの ところに霞がかかっている。	
7-01435	15075.0	대사	1	鼻をつくケシの花粉が漂う 平原のまん中で、 君は上空に現れた 	
7-01436	15075.1	대사	1	灰色の巨大な物体を 唖然としたたままみつめた。	
7-01437	15075.2	대사	1	君は自分の目を疑った。 だが、何度見直しても、 空をゆく	
7-01438	15075.3	대사	1	その物体は、 巨大な灰色の鯨以外の なにものでもなかった。	
7-01439	15080.0	대사	1	ニューシティーの街は、 寒々として活気がなかった。	
7-01440	15080.1	대사	1	立ち止まって、 路地の間を吹き抜ける 風の咆哮に 	
7-01441	15080.2	대사	1	耳をかたむけていると、 鎧戸の閉められた 窓の背後から、	
7-01442	15080.3	대사	1	密やかな声でささやかれる 話し声が	
7-01443	15080.4	대사	1	聞こえてくるかのように 思えた。	
7-01444	15080.5	대사	1	そして、落葉のたてる 乾いた音と共に、	
7-01445	15080.6	대사	1	微かな 足音がするような気がした。	
7-01446	15080.7	대사	1	まるで暗黒の雲に覆われ、 窒息したかのように、	
7-01447	15080.8	대사	1	そこに息づいていたはずの 生命の息吹は、 今は感じられなかった。	
7-01448	15090.0	대사	1	　　　　ここまで　　　　　	
7-01449	15090.1	대사	4	　　　ニューシティー　　　	
7-01450	15100.0	대사	2	　　　　ここより　　　　　	
7-01451	15105.0	대사	1	周りの樹々は 見上げるほどに高く、 森はその薄ぐらい影の中、	
7-01452	15105.1	대사	1	「気をつけろ！」 とささやいているかのように不気味だった。	
7-01453	15110.0	대사	1	近くでなにかが砕けるような音がする。	
7-01454	15110.1	대사	1	たぶん動物が枝を 噛んでいるのだろう。	
7-01455	15110.2	대사	1	それとも、 骨を噛んでいるのか…	
7-01456	15120.0	대사	1	木の根元に、 古びて腐食しかけた 宝箱が置いてあった。	
7-01457	15120.1	대사	1	それは、 放置されたにしては あまりにも不自然で、	
7-01458	15120.2	대사	1	持主が原住生物の 餌食になった可能性も 考えられた。	
7-01459	15125.0	대사	1	古びた箱の中には、 いくつかのアイテムと、	
7-01460	15125.1	대사	1	金貨のつまった 袋が入っていた。	
7-01461	15130.0	대사	1	小さな沼から、 穏やかな広い海が 拡がっていた。	
7-01462	15131.0	대사	1	岸辺には、 白いドームが奇妙な形で	
7-01463	15131.1	대사	1	半分砂に埋まっていた。	
7-01464	15135.0	대사	1	掘り出してみると、 それはドームなどではなく、	
7-01465	15135.1	대사	1	人間の頭蓋骨の かけらだった。	
7-01466	15135.2	대사	1	とたんに、先ほどまでは 穏やかに見えた岸辺も、	
7-01467	15135.3	대사	1	それほど魅惑的には 思えなくなった。	
7-01468	15145.0	대사	1	朽ちかけた 文書にはこう書かれていた。	
7-01469	15145.2	대사	2	買うなら今、 急いでパルクの店へ！	
7-01470	15145.3	대사	1	　　　パルクの鎧店！　　　	
7-01471	15145.5	대사	1	　鎧と革製品ならおまかせ　	
7-01472	15145.6	대사	1	　所在地ニューシティー　　	
7-01473	15155.0	대사	1	森は徐々に濃くなり始め、 いかにも 待ち伏せがありそうな	
7-01474	15155.1	대사	1	雰囲気が漂い始めた。	
7-01475	15160.0	대사	1	目の前に、 突然不気味な人影が 立ちはだかった。	
7-01476	15170.0	대사	3	扉には、色鮮やかな真っ赤なエンブレムが 掲げられていた。	
7-01477	15170.1	대사	2	だが、 それが何を意味するのかは よくわからなかった。	
7-01478	15175.0	대사	1	その小屋は粗雑な作りで 薄汚れており、	
7-01479	15175.1	대사	1	多分サーヴァントの 守衛の詰め所のようだった。	
7-01480	15180.0	대사	1	{01}観光/{01}商売/{02}パルク/{01}サヴァント/	
7-01481	15180.2	대사	1	ニューシティーに なにをしにきた？	
7-01482	15185.0	대사	1	ニューシティーは 立入り制限区域だ。 入ってはならない。	
7-01483	15190.0	대사	1	目的地は了承された 通ってよい。	
7-01484	15195.0	대사	1	待て！	
7-01485	15195.1	대사	1	サーヴァント帝国の命により	
7-01486	15195.2	대사	1	ニューシティーへの 立入りは制限されている。	
7-01487	15200.0	대사	1	　　コンクエラー・イン　　	
7-01488	15200.1	대사	1	　　　　宿と酒場　　　　　	
7-01489	15210.0	대사	1	宿の中は静まり返っており、君たちの他に	
7-01490	15210.1	대사	1	客がいる様子はなかった。	
7-01491	15210.2	대사	1	広間には ゴミが散らばっており、 壁には	
7-01492	15210.3	대사	1	できの悪い絵が、 多少曲がったまま 掲げられていた。	
7-01493	15210.4	대사	1	置かれたままの皿の上には、数日前の	
7-01494	15210.5	대사	1	食べ残しがのったままに なっていた。	
7-01495	15210.6	대사	1	宿の主人は、 あまり奇麗好きと 言うわけでは なさそうだった。	
7-01496	15210.7	대사	1	すぐに、薄汚れたいかにも 気むずかしそうな男が、	
7-01497	15210.8	대사	1	散らかった部屋の奥から 歩み出てきた。	
7-01498	15220.0	대사	1	フーッ！	
7-01499	15220.1	대사	1	散らかっていて 申し訳ないね。 最近ヒマでね。	
7-01500	15220.2	대사	1	部屋がいるのかい？	
7-01501	15220.3	대사	1	まぁ少なくとも、 ティーラングを	
7-01502	15220.4	대사	1	連れてるわけじゃ ないようだな。	
7-01503	15220.5	대사	1	とにかく、 そこに突っ立てないで 入りな。	
7-01504	15220.6	대사	1	エールでも ひっかけてみちゃどうだい？	
7-01505	15220.7	대사	1	家にいるつもりで、 くつろいでくんな。	
7-01506	15220.8	대사	1	どうする？ 二晩泊まるかい？ それとも三日？！？	
7-01507	15250.0	대사	1	アニュ！	
7-01508	15255.0	대사	1	ウトゥバ！	
7-01509	15260.0	대사	1	{01}{01}アーガス/	
7-01510	15265.0	대사	1	おっとお前さん 小銭がたりねぇようだな！	
7-01511	15300.0	대사	10	{02}いいえ/{03}はい/	
7-01512	15300.2	대사	1	１部屋５０ＧＰだ。 どうする？	
7-01513	15305.0	대사	1	外はあぶねぇが、 やられるのは お前さんだからな。	
7-01514	15310.0	대사	1	鍵をもっていきな。 好きな部屋を選ぶといい。	
7-01515	15315.0	대사	1	ニューシティーじゃ 一番いい部屋だよ。	
7-01516	15320.0	대사	4	{05}いいえ/{06}はい/	
7-01517	15320.2	대사	1	エール一杯３０ＧＰだ。 飲むかい？	
7-01518	15325.0	대사	1	一生弱虫でいるつもりかい？	
7-01519	15330.0	대사	1	エールは最高だ！	
7-01520	15330.1	대사	1	ところで、ちょっと面白い 話しがあるんだ。	
7-01521	15335.0	대사	1	こいつはいい麦で できてるんだぜ。	
7-01522	15400.0	대사	1	　　アーガスの武器店　　　	
7-01523	15400.1	대사	1	　　　　武器の店　　　　　	
7-01524	15410.0	대사	1	店の中は薄暗く、 かっては様々な	
7-01525	15410.1	대사	1	破壊兵器が飾られて いたはずの壁には、	
7-01526	15410.2	대사	1	その痕跡だけが残っていた。	
7-01527	15410.3	대사	1	店にはわずかばかりの カゴが散らばっている以外、	
7-01528	15410.4	대사	1	ほとんど品物らしきものは なかった。	
7-01529	15410.5	대사	1	壁には、一目見ただけでは その使い方も	
7-01530	15410.6	대사	1	効果もよくわからない 品物の絵が、	
7-01531	15410.7	대사	1	いくつか掲げられていた。	
7-01532	15410.8	대사	1	大柄の角がある人影が、 これから起きるかもしれない	
7-01533	15410.9	대사	1	一悶着に備えて、 不気味な剣と ラッパのような筒を	
7-01534	15410.10	대사	1	こちらに 向けたままで近付いてきた。	
7-01535	15430.0	대사	1	ハウ！　何をしに来た？	
7-01536	15430.1	대사	1	店は閉まってる。 永久にな！	
7-01537	15450.0	대사	1	ハウ！	
7-01538	15455.0	대사	1	グーテンズブラ！	
7-01539	15460.0	대사	1	{01}{01}オールドシティー/	
7-01540	15470.0	대사	1	{01}武器屋/{02}闇市場/{01}新兵器/{01}取り引き/	
7-01541	15470.2	대사	1	誰に聞いてきた？	
7-01542	15475.0	대사	1	シーッ！ 誰が聞いてるかわからねぇ！	
7-01543	15475.1	대사	1	急いで入りな！	
7-01544	15480.0	대사	1	とっとと出ていきな！	
7-01545	15480.1	대사	1	巨大な生き物は、 君たちを 扉の外に押し出した。	
7-01546	15500.0	대사	1	　　　パルクの防具店　　　	
7-01547	15500.1	대사	1	　　　　鎧と革製品　　　　	
7-01548	15510.0	대사	1	店のあちこちには、 木のマネキンが	
7-01549	15510.1	대사	1	何も着せられないまま 乱雑に置かれていた。	
7-01550	15510.2	대사	1	そして、 古びた鎧や革の衣類の かけらが、	
7-01551	15510.3	대사	1	床に落ちたままに なっていた。	
7-01552	15510.4	대사	1	ディスプレイとしては、 あまり誉められた できではなかった。	
7-01553	15510.5	대사	1	扉の上のポスターには こう書いてあった。	
7-01554	15510.7	대사	1	床は掃除されておらず、 たくさんの 足跡が残っていた。	
7-01555	15510.8	대사	1	そして、 そのうちのいくつかは、	
7-01556	15510.9	대사	1	部屋の奥に続いていた。	
7-01557	15510.10	대사	1	と、突然がっしりした 体格の生き物が、	
7-01558	15510.11	대사	1	マネキンの後ろから 君の方に向かって 歩いてきた。	
7-01559	15530.0	대사	1	オー！　私はパルク。 ニューシティーの鎧屋だ。	
7-01560	15530.1	대사	1	今日はあんたツイてるよ！	
7-01561	15530.2	대사	1	在庫の中に、あんたに すぐ合わせられるものが	
7-01562	15530.3	대사	1	いくつか残ってるよ！	
7-01563	15530.4	대사	1	＊ズルッ＊　すまないね、 今あんまり 在庫が豊富じゃないんだ。	
7-01564	15530.5	대사	1	なにせみんな戦争に備えて 必死だからね。	
7-01565	15560.0	대사	1	{01}{01}囚人/	
7-01566	15600.0	대사	1	　　　　ベルカンゾの　　　	
7-01567	15600.1	대사	1	　　　　魔法百貨店　　　　	
7-01568	15610.0	대사	1	店の中は、なにか 粉のようなものが燃える	
7-01569	15610.1	대사	1	濃い香りと煙に満ちていた。	
7-01570	15610.2	대사	1	部屋の中は 信じられないほどに暗く、 気味の悪い魔法の	
7-01571	15610.3	대사	1	気配が漂っている。	
7-01572	15610.4	대사	1	壁に作りつけに なっている柵には、	
7-01573	15610.5	대사	1	ほこりにまみれたビン、 古めかしい本、そして	
7-01574	15610.6	대사	1	なにに使うのか よくわからない 奇妙な機械が並んでいた。	
7-01575	15610.7	대사	1	暗がりの中から 背が高く青白い顔色の 人影が現れた。	
7-01576	15630.0	대사	1	ようこそ…	
7-01577	15630.1	대사	1	私はベルカンゾ！	
7-01578	15630.2	대사	1	なにをおさがしかな？	
7-01579	15650.0	대사	1	ごきげんよう。	
7-01580	15655.0	대사	1	さらば。	
7-01581	15660.0	대사	1	{01}{01}余所者/	
7-01582	15680.0	대사	1	店の中は空っぽで、 誰もいる気配がなく、 壁もむきだしのままで、	
7-01583	15680.1	대사	1	ただ床にほこりが たまっているだけだった。	
7-01584	15690.0	대사	1	突然、 煙が立ち上ったかと思うと、次の瞬間には	
7-01585	15690.1	대사	1	部屋のすべてが なくなっていた。 先ほどまでは柵にあった	
7-01586	15690.2	대사	1	品物も、跡形もなく 消え去っていた。	
7-01587	15700.0	대사	1	Ｎｅｗ　Ｃｉｔｙ　！ 治安官の事務所	
7-01588	15700.1	대사	1	許可なきもの入るべからず	
7-01589	15700.2	대사	1	扉には、色鮮やかな 真っ赤なエンブレムが 掲げられていた。	
7-01590	15700.3	대사	2	だが、それが何を 意味するのかは よくわからなかった。	
7-01591	15710.0	대사	1	窓の隙間から覗いてみると、中には不気味なサーヴァント の兵たちがいた。	
7-01592	15710.1	대사	1	その様子はいかなる侵略も 許さないという、	
7-01593	15710.2	대사	1	冷徹な意志を表している かのようだった。	
7-01594	15720.0	대사	1	事務所の中では、 サーヴァントの警備兵たちが	
7-01595	15720.1	대사	1	戦いの準備を始めていた。	
7-01596	15720.2	대사	1	素早く静かに、 そして 完璧なまでの正確さで、	
7-01597	15720.3	대사	1	彼らは総攻撃体制を整えた。	
7-01598	15730.0	대사	1	戦いは終わった。 そして警備兵の 不可思議なその場で蒸発し、	
7-01599	15730.1	대사	1	手がかりになるものは 何一つ残されはしなかった。	
7-01600	15730.2	대사	1	まさに驚異的な 効率のよさだ…	
7-01601	15740.0	대사	1	鍵の写し	
7-01602	15740.2	대사	1	イエロー	
7-01603	15740.3	대사	1	ブルー	
7-01604	15740.4	대사	1	レッド	
7-01605	15740.5	대사	1	中断	
7-01606	15750.0	대사	1	三つのボタンがついた 黒い箱が	
7-01607	15750.1	대사	1	壁に取り付けられていた。 だが、その箱を扱う方法は、	
7-01608	15750.2	대사	1	警備兵と共に消え失せて しまったようだった。	
7-01609	15755.0	대사	1	色のついたボタンは 三回瞬いてから消えた。	
7-01610	15760.0	대사	1	君は薄く柔らかい板のようなものをみつけた。 おそらく、	
7-01611	15760.1	대사	1	それは先ほど床に落ちた もののようだった。	
7-01612	15760.2	대사	1	そこにはこう書かれていた。 ＥＴＸ：ブイイレ	
7-01613	15760.3	대사	1	それは認識票か なにかのようだった。	
7-01614	15760.4	대사	1	それにしても、 その名前は奇妙だった。	
7-01615	15766.0	대사	1	訪れた静けさの中、 かすかになにかが聞こえた。	
7-01616	15766.1	대사	1	部屋のどこかで、 「ビービー」という音が しているようだった。	
7-01617	15770.0	대사	1	ＥＴＸ：ブイイレ	
7-01618	15775.0	대사	1	君は壁にかかっている 鍵をみつけた。	
7-01619	15780.0	대사	1	監獄は、囚人を捕らえておく典型的なおりで、	
7-01620	15780.1	대사	1	みすぼらしく汚れており、 漂う空気もいかにも	
7-01621	15780.2	대사	1	不健康そうな臭いがした。	
7-01622	15780.3	대사	1	その作りはシンプルで、 特に変わった所は なかったが、	
7-01623	15780.4	대사	1	目的には充分に効果が ありそうだった。	
7-01624	15780.5	대사	1	すなわち、 捕らえたものに反抗したり	
7-01625	15780.6	대사	1	逃げ出す機会を与えず、 その体力を	
7-01626	15780.7	대사	1	徐々に奪っていくのである。	
7-01627	15790.0	대사	1	独房にはかなり太った、 あまり魅力的とはいえない	
7-01628	15790.1	대사	1	生き物がいた。 だがその物腰は、 敵対的という	
7-01629	15790.2	대사	1	わけではなかった。	
7-01630	15795.0	대사	1	シーッ 	
7-01631	15795.1	대사	1	ここから出してくれ！	
7-01632	15800.0	대사	1	借りができたな。	
7-01633	15800.1	대사	1	私はギャングどもに 裏切られた。 我々の秘密の要塞、	
7-01634	15800.2	대사	1	オルコグレ城の ありかをさぐっている スパイどもにだ。	
7-01635	15800.3	대사	1	まさかそれが…　おっと！	
7-01636	15800.4	대사	1	いやその、まぁなんだ…	
7-01637	15800.5	대사	1	とにかく、 サーヴァントの警備兵が 戻ってくる前に、	
7-01638	15800.6	대사	1	ここから 抜け出した方がいい！	
7-01639	15820.0	대사	1	{01}{01}サーヴァント/	
7-01640	15830.0	대사	1	オルコグレ城の場所は 秘密になっていて、	
7-01641	15830.1	대사	1	外部のもので それを知っているものは 少ない。	
7-01642	15830.2	대사	1	だが、助けてもらうためにはそれを明かさねばならない。	
7-01643	15830.3	대사	1	これを誰にもしゃべらんと 誓ってくれ！	
7-01644	15840.2	대사	1	これから話すことを 誰にも話さないと誓えるか？	
7-01645	15845.0	대사	1	なら、信用することは できん！	
7-01646	15850.0	대사	1	無敵のゴーン帝国の 崩壊を狙うものどもが、	
7-01647	15850.1	대사	1	陰謀を企んでいる。	
7-01648	15850.2	대사	1	我々は、 ダーンとムンクの戦争には なんとか生き抜いた。	
7-01649	15850.3	대사	1	なにしろ 我々は強かったからな。 だが、最近新しい勢力が	
7-01650	15850.4	대사	1	現れて、 再び戦いの火の手を 上げようとしている。	
7-01651	15850.5	대사	1	私は奴らがオルコグレ城の 場所をみつけ出す前に、	
7-01652	15850.6	대사	1	裏切り者の正体を 暴かなければならない。	
7-01653	15850.7	대사	1	だから、 君たちは城に行って 王に警告をして欲しい。	
7-01654	15858.0	대사	1	王に「ダータエン同盟は 破られた」と伝えてくれ。	
7-01655	15858.1	대사	1	そう言えば、王には事態が 理解できるはずだ。	
7-01656	15858.2	대사	1	ニューシティーから東、 さらに道をたどって 北へ行けば、	
7-01657	15858.3	대사	1	我々の領域内に入る。	
7-01658	15858.4	대사	1	国境線はゴーンの特殊部隊が警護している。	
7-01659	15858.5	대사	1	その指揮はガリエラ卿が とっているはずだ。	
7-01660	15858.6	대사	1	彼は王の忠実な家臣だが、 この手紙を見せれば	
7-01661	15858.7	대사	1	先へ進ませてくれる。	
7-01662	15870.0	대사	1	そこからは森を西に 向かって進め。	
7-01663	15870.1	대사	1	注意深く進んで行けば、 入り口のある空き地に出る。	
7-01664	15870.2	대사	1	困難な旅になるだろうが、 君たちなら必ずつける。	
7-01665	15870.3	대사	1	おそらく 二日はかからないだろう。	
7-01666	15870.4	대사	1	ウグバの加護を！	
7-01667	15880.0	대사	1	この書簡の保持者、	
7-01668	15880.1	대사	1	ゴーンのウルガー王への 火急の使者。	
7-01669	15880.2	대사	1	通行を許可されたし。	
7-01670	15880.3	대사	1	指令者：	
7-01671	15880.6	대사	1	第二師団	
7-01672	15900.0	대사	1	ようこそ	
7-01673	15900.1	대사	1	　セスミンスター修道院　　	
7-01674	15910.0	대사	1	その聖堂は、 寄進者の多い教会に 見られるような	
7-01675	15910.1	대사	1	優雅なたたずまいには 欠けていたが、	
7-01676	15910.2	대사	1	傷ついた魂を 即座に癒すような、	
7-01677	15910.3	대사	1	荘厳な静けさが感じられた。	
7-01678	15910.4	대사	1	そこは空っぽで、 床は掃除されており、	
7-01679	15910.5	대사	1	寺院の向こう側に立っている孤独な人影を除いては、	
7-01680	15910.6	대사	1	その静けさを破るものは なかった。	
7-01681	15910.7	대사	1	遠くに立つ牧師は 君たちがいることに	
7-01682	15910.8	대사	1	気づいた様子はなく、 わきめもふらず	
7-01683	15910.9	대사	1	祈り続けていた。	
7-01684	15922.0	대사	1	宝箱は厚いほこりに 覆われており、 ファーザー・ルラエ自身と	
7-01685	15922.1	대사	1	同じくらい 古いもののように思えた。	
7-01686	15925.0	대사	1	古びた箱を開けてみると、 中にあるものは 蝋で封印されていた。	
7-01687	15925.1	대사	1	君たちはその蝋を はがし始めた。	
7-01688	15925.2	대사	1	蝋で封印されていたのは 古びた文書だった。	
7-01689	15925.3	대사	1	それは所々虫がくっており、文字も薄れかけていた。	
7-01690	15930.0	대사	1	牧師の近くまで進むと、 彼は君たちの方を 振り向いた。	
7-01691	15935.0	대사	1	フラミンゴの飛ぶ地を探せ！	
7-01692	15940.0	대사	1	よく来た、我が子たち！	
7-01693	15945.0	대사	1	汝の徳は日の光より 輝いておる！	
7-01694	15950.0	대사	1	{02}体の癒し/{03}精神の導き/{04}儀式/	
7-01695	15950.1	대사	1	汝の探索は いつか果たされん！	
7-01696	15950.2	대사	1	汝、体の癒しと精神の導き、いずれを所望する？	
7-01697	15955.0	대사	1	{01}いいえ/{06}はい/	
7-01698	15955.1	대사	1	犠牲なしには なにも得られん。	
7-01699	15955.2	대사	1	犠牲をなす覚悟はありや？	
7-01700	15965.0	대사	1	{08}すべて/{09}一部/	
7-01701	15965.2	대사	1	汝、すべてを犠牲となすか、それとも一部か？	
7-01702	15970.0	대사	1	汝、その捧げしものに ふさわしき対価を得ん。	
7-01703	15970.1	대사	1	ここに入りて、 目の前の道をゆけ！	
7-01704	15975.0	대사	1	聞かざる者、 斬ることあたわず！	
7-01705	15975.1	대사	1	行け、そして聖なる都市 ムンクハラマへの橋を守る、	
7-01706	15975.2	대사	1	ブラザー・ツォーバーに この言葉を告げよ！	
7-01707	15975.3	대사	1	汝の旅路は長く、 まだ第一歩をしるすのみ。	
7-01708	15975.4	대사	1	心して二歩目に備えよ！	
7-01709	15985.0	대사	1	よく来た我が子たち！	
7-01710	15990.0	대사	1	天国の加護あらんことを！	
7-01711	15995.0	대사	1	{01}{01}ｿﾞｳ/	
7-01712	16000.0	대사	1	図書館の内側の、 紙切れが飛び交う 部屋の中には、	
7-01713	16000.1	대사	1	年老いた灰色の ネズミのような 人物が立っていた。	
7-01714	16000.2	대사	1	その人物は、 見るからに邪魔されたのが 不愉快なようだった。	
7-01715	16010.0	대사	1	イーッ！ お前は誰じゃ！	
7-01716	16010.1	대사	1	どうして私の研究するのを 邪魔するんじゃ？	
7-01717	16010.2	대사	1	もしお前さんが 探しているのが 都市の見取図なら、	
7-01718	16010.3	대사	1	さっき来た連中に 渡しちまったぞい。	
7-01719	16010.4	대사	1	さぁ、 私をほおっておいてくれ！	
7-01720	16020.0	대사	1	{02}見取り図/{01}用はない/{08}オールドシティの歴史/{09}古文書館/	
7-01721	16020.2	대사	1	何の用じゃ？	
7-01722	16030.0	대사	1	オールドシティーの歴史！	
7-01723	16030.1	대사	1	それこそ 私が調べていることじゃ。	
7-01724	16030.2	대사	1	いいかね、 私が今までに調べたことを 聞かせてやろう。	
7-01725	16030.3	대사	1	ずっと昔、すべての者は ここに住んでおった。	
7-01726	16030.4	대사	1	一つの都市 オールドシティーにな。	
7-01727	16030.5	대사	1	先祖の時代は単純な時代で、皆が一つの目的を 持っておった。	
7-01728	16030.6	대사	1	聖なる石と呼ばれる掟を 守ろうとしたのじゃ。	
7-01729	16037.0	대사	1	じゃが、時が経つにつれ、 人々の間で 石に刻まれたことの解釈が	
7-01730	16037.1	대사	1	異なるようになってきた。	
7-01731	16037.2	대사	1	誰もが異なる考えを もち始めたのじゃ。	
7-01732	16037.3	대사	1	そして彼らは お互い同士で戦い始めた。	
7-01733	16037.4	대사	1	いくつかのグループができ、それぞれ自分たちこそが	
7-01734	16037.5	대사	1	聖なる石の真の意味を 理解していると 主張したのじゃ。	
7-01735	16037.6	대사	1	そして、 それぞれのグループは 独自の聖なる石を作り、	
7-01736	16037.7	대사	1	それぞれが 信じる教義を刻み込んだ。	
7-01737	16037.8	대사	1	本物の聖なる石は失われ、 忘れられた。	
7-01738	16037.9	대사	1	すべての人々は、 自分たち自身が創り出した	
7-01739	16037.10	대사	1	教義のみを 信奉するようになった。	
7-01740	16037.11	대사	1	当然、これらの人々は離れて暮らすようになり、	
7-01741	16037.12	대사	1	ほどなくして、新しい都市が築かれ始めた。	
7-01742	16037.13	대사	1	そしてオールドシティーは 捨て去られたのじゃ。	
7-01743	16037.14	대사	1	我らの共通の先祖の遺物は 失われてしまった。	
7-01744	16037.15	대사	1	さらにまた戦が起きた。	
7-01745	16037.16	대사	1	単純な生活の時代は 終わりをつげたのじゃ。	
7-01746	16037.17	대사	1	それぞれのグループは、 独自の道を行き始めた。	
7-01747	16037.18	대사	1	これを凶兆と 考えるものもおった。	
7-01748	16037.19	대사	1	また、それは予言の通りと 考えるものもおった。	
7-01749	16037.20	대사	1	そして、これは必然であると唱えるものもあった。	
7-01750	16037.21	대사	1	数百年の時がたち、	
7-01751	16037.22	대사	1	ある日、 奇妙な出来事が起こった。	
7-01752	16037.23	대사	1	自らをハイガルディと呼ぶ 一団の人々が現れたのじゃ。	
7-01753	16037.24	대사	1	彼らは山から来たと告げた。 オールドシティーが なくなって以来、	
7-01754	16037.25	대사	1	ずっとそこで暮らしていた と言うのじゃ。	
7-01755	16037.26	대사	1	彼らは様々な科学的驚異を もたらした。	
7-01756	16037.27	대사	1	そして、自分たちの知識を 皆で分かちあおうとした。	
7-01757	16037.28	대사	1	異なるグループの人々は、 ハイガルディと会うために	
7-01758	16037.29	대사	1	新しい都市ニューシティーを作ることになった。	
7-01759	16037.30	대사	1	それはオールドシティーの 上に建てられた。	
7-01760	16037.31	대사	1	そして、またもや突然、 ハイガルディは姿を消した。	
7-01761	16037.32	대사	1	誰も何が起きたのか わからなかった。	
7-01762	16070.0	대사	1	そこにはなにか理由が あるはずじゃった。	
7-01763	16070.1	대사	1	だが、 それを知るものはなかった。	
7-01764	16070.2	대사	1	そしてそれ以来、 我々はこうして暮らしている というわけじゃ。	
7-01765	16080.0	대사	1	ウウム、 ちょっと考えさせてくれ。	
7-01766	16080.1	대사	1	オールドシティーには 古文書館があったはずじゃ。	
7-01767	16080.2	대사	1	ニューシティーができたとき古文書館は封印され、	
7-01768	16080.3	대사	1	閉館になっておる。	
7-01769	16080.4	대사	1	数年前、 私は歴史を調べるために そこに行ったことがある。	
7-01770	16080.5	대사	1	まだ鍵を持っている はずじゃが、 ちょっと待ってくれ。	
7-01771	16080.6	대사	1	これがなにか 役に立つとよいがな。	
7-01772	16090.0	대사	1	オールドシティーには ニューシティーの 南端から入れる。	
7-01773	16090.1	대사	1	もう何年も 閉まったままじゃが。	
7-01774	16090.2	대사	1	気をつけたまえ！	
7-01775	16100.0	대사	1	はい？	
7-01776	16105.0	대사	1	バイ！	
7-01777	16110.0	대사	1	{01}{01}ﾚｷｼ/	
7-01778	16120.1	대사	1	　　　　図書館　　　　　　	
7-01779	16130.0	대사	1	図書館の扉についている エンブレムに 不吉な予感を覚え、	
7-01780	16130.1	대사	1	君たちはあたりを 注意深く見回した。	
7-01781	16130.2	대사	1	図書館の中はほこりっぽく、散らかっており、	
7-01782	16130.3	대사	1	柵には古い本やスクロールが一杯詰まっていた。	
7-01783	16130.4	대사	1	そのすべてに目を通すには 数日はかかりそうだったが、	
7-01784	16130.5	대사	1	それでなにか得るところが あるかどうかは怪しかった。	
7-01785	16130.6	대사	1	君たちはさらに周りを 見回し横の方、	
7-01786	16130.7	대사	1	続いて部屋の北の端の方に 目をやった。 するとそこに一冊、	
7-01787	16130.8	대사	1	他の本とは離れたところに、赤黒い本があるのが 目に止まった。	
7-01788	16130.9	대사	1	だがその次の瞬間、 君たちは サーヴァント警備兵の	
7-01789	16130.10	대사	1	残忍な姿に気がついた。 警備兵は 不気味なほど静かに、	
7-01790	16130.11	대사	1	その本がある柵のところで 不動の姿勢を保っていた。	
7-01791	16130.12	대사	1	即座に動ける態勢のまま、 君たちはその場に 凍り付いた。	
7-01792	16130.13	대사	1	しかしその状況には、 どこか不自然な ところがある。	
7-01793	16144.0	대사	1	君たちの感覚は そう告げていた。	
7-01794	16144.1	대사	1	一呼吸の後、 君たちはその警備兵が なんの反応も	
7-01795	16144.2	대사	1	示さないどころか、 本当に微動だに していないことに	
7-01796	16144.3	대사	3	気づいた。	
7-01797	16144.4	대사	1	死んでいるのか、 眠っているのかは わからなかった。	
7-01798	16144.5	대사	1	おそらく、 なにか魔法の力にでも	
7-01799	16144.6	대사	1	かかっているのであろう。	
7-01800	16144.7	대사	1	なんにしても、とにかく 一息つくことはできた。	
7-01801	16144.8	대사	1	今やその警備兵が 君たちに気づいていないのは明らかだった。	
7-01802	16160.1	대사	1	本を取ろうとする	
7-01803	16160.2	대사	2	攻撃する	
7-01804	16160.3	대사	1	その場を去る	
7-01805	16165.0	대사	1	自分たちの行動に 多少の疑いをいだきつつ、 君たちは	
7-01806	16165.1	대사	1	動かない サーヴァントの警備兵に 近付いた。	
7-01807	16165.2	대사	1	それが、とにかく動きを 止められているのは 間違いなかった。	
7-01808	16165.3	대사	1	そして目の前の柵では、 赤黒い本が差し招いている。	
7-01809	16175.0	대사	1	君たちは警備兵を 起こしてしまった！	
7-01810	16180.0	대사	1	素早く君たちは 柵から本を抜き取った。	
7-01811	16180.1	대사	1	他には指一本触れず、	
7-01812	16180.2	대사	1	サーヴァントの警備兵も 動かないままだった。	
7-01813	16185.0	대사	1	警備兵を倒し、 君たちは本を手に入れた。	
7-01814	16190.1	대사	1	本は昔の言語で 書かれているようで、	
7-01815	16190.2	대사	1	その意味はまったく 理解できなかった。	
7-01816	16200.0	대사	1	建物は古く、朽ちかけており	
7-01817	16200.1	대사	1	こわれた篭や動物の フンが落ちている以外は	
7-01818	16200.2	대사	1	なにもみつけることは できなかった。	
7-01819	16210.0	대사	1	　　　　立入禁止！　　　　	
7-01820	16210.1	대사	1	　　　死刑囚の監獄　　　　	
7-01821	16215.0	대사	1	　　　　　ドシ　ィ　　　　	
7-01822	16215.1	대사	1	　　　　　　り口　　　　　	
7-01823	16215.2	대사	1	その看板は薄れかけており、読めたのはこれだけだった。	
7-01824	16220.0	대사	1	オールドシティー古文書館	
7-01825	16230.0	대사	1	周囲の壁や床は年代ものの カビに覆われており、	
7-01826	16230.1	대사	1	そのせいで部屋の空気は 妙にじめじめして	
7-01827	16230.2	대사	1	カビ臭かった。	
7-01828	16235.0	대사	1	床の上のカビには 足跡はついておらず、	
7-01829	16235.1	대사	1	誰か他のものが ここに入った形跡も ないようだった。	
7-01830	16240.0	대사	1	床の上のカビには 微かな足跡がついており、	
7-01831	16240.1	대사	1	最近ここに 誰かが入ったらしいことを 示していた。	
7-01832	16245.0	대사	1	部屋は空っぽだったが、 死体かなにかが	
7-01833	16245.1	대사	1	腐った いやな臭いが漂っていた。	
7-01834	16250.0	대사	1	漂う腐臭が 襲いかかってきた！	
7-01835	16260.0	대사	1	箱の中には、蝋紙で きっちり包まれた	
7-01836	16260.1	대사	1	古い文書のかけらが 入っていた。	
7-01837	16265.0	대사	1	箱の中には、 引き裂かれた蝋紙の	
7-01838	16265.1	대사	1	かけら以外はなにも 入っていなかった。	
7-01839	16265.2	대사	1	その蝋紙によって 包まれていた中身は、	
7-01840	16265.3	대사	1	誰にかにすでに 持ち去られてしまった ようだった。	
7-01841	16300.0	대사	1	そこは広い中庭だった。 穏やかで暖かく、	
7-01842	16300.1	대사	1	都市の重苦しい雰囲気に 比べて遥かに心地よかった。	
7-01843	16300.2	대사	1	中庭の湖のまん中には アーチのついた あずまやがあり、	
7-01844	16300.3	대사	1	その中に古い彫像が 立っていた。	
7-01845	16305.0	대사	1	像の側に立ってみると、 それは遠くで見るより 遥かに大きかった。	
7-01846	16305.1	대사	4	石はまるで 昨日彫られたかのように 美しく、	
7-01847	16305.2	대사	3	その土台に こびりついた錆だけが、	
7-01848	16305.3	대사	4	その像の本当の古さを 示していた。	
7-01849	16305.4	대사	2	その像の荘厳な顔を 見上げると、 それは微かに微笑んでいる	
7-01850	16305.5	대사	3	ようで、瞳は今にも 輝き始めるかのように 見えた。	
7-01851	16315.0	대사	4	像の土台にこびりついている厚い錆をこそげ落すと、	
7-01852	16315.1	대사	1	その下から 次のように書かれた 金属板が現れた。	
7-01853	16315.2	대사	1	ファーザー	
7-01854	16315.3	대사	1	フォーンザング	
7-01855	16320.0	대사	1	君たちはおかしなことに、 その金属板の	
7-01856	16320.1	대사	1	名前のまん中の“ン”の あたりが、奇妙に	
7-01857	16320.2	대사	1	ずれていることに気づいた。	
7-01858	16320.3	대사	1	その字はずらすと クルリと回転して動き、	
7-01859	16320.4	대사	1	その奥に不透明の石が おさまっていた。 おそらく	
7-01860	16320.5	대사	1	長いことずっとそこに あったのだろう。	
7-01861	16380.0	대사	1	悲しみの海は目の前から 広大に拡がり遥か遠く、	
7-01862	16380.1	대사	1	地平線の彼方で 空と交じりあい、 まるでその向こうに	
7-01863	16380.2	대사	1	霊気の大地が あるかのように 輝いていた。	
7-01864	16380.3	대사	1	その深き水は 幾千の物語を語り、	
7-01865	16384.0	대사	1	目に見えぬ境界の先に 見知らぬ国が予感される。	
7-01866	16384.1	대사	1	その光景は、まるで見知らぬ境界のベールの先で、	
7-01867	16384.2	대사	1	目に見えぬように隠された 灯台が差し招いている かのような	
7-01868	16384.3	대사	1	錯覚を与えた。	
7-01869	16384.4	대사	1	その慰めにも似た感覚は、 死せる定めの人間が	
7-01870	16384.5	대사	1	不協和音の海の中に永遠に 捕らわれながらも、	
7-01871	16384.6	대사	1	その目を見開けば、 より大いなる存在を	
7-01872	16384.7	대사	1	間直に見ることが できるということを	
7-01873	16384.8	대사	1	思い出させるかの ようだった。	
7-01874	16400.1	대사	1	　　　ドックと波止場　　　	
7-01875	16410.0	대사	1	小さな小屋の壁には、 古い網とまるで トロフィーのように	
7-01876	16410.1	대사	1	海の生物の 剥製が飾られていた。	
7-01877	16410.2	대사	1	すみの方で年老いたムンクが君たちの存在にも気づかず、	
7-01878	16410.3	대사	1	一心不乱に 木の塊を削っている。	
7-01879	16410.4	대사	1	壁のトロフィーを 眺めていると、 海に入ることなど	
7-01880	16410.5	대사	1	愚かな考えに思えてきた。 もしそんなことをすれば、	
7-01881	16410.6	대사	1	即座にこの生き物たちの 餌食にされてしまうだろう。	
7-01882	16410.7	대사	1	年老いたムンクは くすりと笑って、 また仕事に戻った。	
7-01883	16410.8	대사	1	遠くの壁には、 剥製がついていない 飾り板だけがかかっていた。	
7-01884	16410.9	대사	1	そこに刻まれた文字は、 ここからでは読めなかった。	
7-01885	16410.10	대사	1	話しかけようと振り向くと、ムンクは目の前に やってきていた。	
7-01886	16430.0	대사	1	海のことを考えてるだろ？ &%]	
7-01887	16430.1	대사	1	深みに潜む、 恐怖の影に気をつけろ！	
7-01888	16450.0	대사	1	ブロンバデグ、 そいつは海の悪魔だ！	
7-01889	16450.1	대사	1	たくさんの船が、 出ていったまま、 海の深みより帰らずにある。	
7-01890	16450.2	대사	1	満月の夜、 奴は深みから浮び上がり、	
7-01891	16450.3	대사	1	人間の血を求めて さまようらしい。	
7-01892	16450.4	대사	1	だが奴の姿を見たものは、 それを語ることはできない。	
7-01893	16450.5	대사	1	奴がすべて、 水の墓場に引きこんじまう。	
7-01894	16450.6	대사	1	そして、ブロンバデグに やられなくとも、 鳥が襲ってくるだろう。	
7-01895	16460.0	대사	1	人の二倍ほどの 大きさの鳥が、 空から舞い降りて	
7-01896	16461.0	대사	1	お前を船から 連れさってしまう。	
7-01897	16461.1	대사	1	海には危ないことが いくらでもあるんだ。 だからこそ、	
7-01898	16461.2	대사	1	あそこは悲しみの海と 呼ばれてるんだ。	
7-01899	16470.0	대사	1	遥か昔、船が海の上を 自由に渡っていたらしい。	
7-01900	16470.1	대사	1	だがそれはブロンバデグが いなかった頃の話だ！	
7-01901	16470.2	대사	1	私の最後の船は、 あそこの壁にかかってる奴に	
7-01902	16470.3	대사	1	壊されちまった。	
7-01903	16470.4	대사	1	それ以後、 誰も海に出ていないが、 責められることじゃない！	
7-01904	16470.5	대사	1	私は次の船を作ってるが、 まだとても船出できる	
7-01905	16470.6	대사	1	できじゃない。	
7-01906	16470.7	대사	1	この世界に飽きたら、 私もこの船を仕上げて、	
7-01907	16470.8	대사	1	ブロンバデグに会いに いくつもりだがね。	
7-01908	16470.9	대사	1	いつか、な。	
7-01909	16485.0	대사	1	アホイ！！	
7-01910	16490.0	대사	1	ハイエ！！	
7-01911	16495.0	대사	1	{01}{01}ｳﾐﾉｶｲﾌﾞﾂ/	
7-01912	16500.0	대사	1	トロフィーを 掲げる飾り板だけが 壁にかかっている。	
7-01913	16500.1	대사	1	そこにはこう記されていた ブロンバデグ	
7-01914	16510.0	대사	1	部屋の中には梁と 巻き上げ機で支えられた、	
7-01915	16510.1	대사	1	作りかけの小さな帆船が 吊されていた。	
7-01916	16510.2	대사	1	未完成の船に近付いてみるとその木肌は	
7-01917	16510.3	대사	1	変色しており、もう数年間、下手をすれば	
7-01918	16510.4	대사	1	数十年の間、 ずっと作りかけのままなのは	
7-01919	16510.5	대사	1	間違いないようだった。	
7-01920	16510.6	대사	1	この進み具合からすると、 船が完成するまでには	
7-01921	16510.7	대사	1	まだ数十年 かかるかもしれない。	
7-01922	16510.8	대사	1	少なくとも、 この船が即座に役に立つ 可能性は	
7-01923	16510.9	대사	2	まったくなかった。	
7-01924	16530.0	대사	1	ティーラシ　エッチ・ハウス	
7-01925	16530.1	대사	1	ティーラング帝国　所有地	
7-01926	16530.2	대사	1	　　　　立入り厳禁！　　　	
7-01927	16535.0	대사	1	窓の内側では、 茶色のねばねばする 気持ちの悪いものが	
7-01928	16535.1	대사	1	壁にそってゆっくりと したたっていた。	
7-01929	16540.0	대사	1	その部屋は 吐き気を催すような 気持ち悪さだった。	
7-01930	16540.1	대사	1	おそらく異星人の 不気味な習慣なのだろうが、	
7-01931	16540.2	대사	1	茶色の物体が 壁や床を覆っていた。	
7-01932	16545.0	대사	1	部屋のすみにあった 巨大な茶色い物体が	
7-01933	16545.1	대사	1	君たちの方に 向かって来はじめた。	
7-01934	16550.0	대사	1	浅瀬の上に浮かんでいるのは、今までに見たことがない	
7-01935	16551.0	대사	1	奇妙な形をした船だった。	
7-01936	16555.0	대사	1	奇妙な船に乗り込んでみるとその船は	
7-01937	16555.1	대사	1	木や鉄ではなく、 なにか光沢があって	
7-01938	16555.2	대사	1	頑丈な未知の物質で 作られているようだった。	
7-01939	16555.3	대사	1	頑丈で弾力性があり、 もちろん防水である。	
7-01940	16555.4	대사	1	君たちはこの船が どうやって作られたのか、	
7-01941	16555.5	대사	1	そしてどのくらい 繋がれたままだったのか、 不思議に思った。	
7-01942	16555.6	대사	1	だがその船の一番の特徴は、船の後ろにある、背の高い	
7-01943	16555.7	대사	1	オーブンのような 樽状の物体だった。 それを何に使うのかは	
7-01944	16555.8	대사	1	まったくわからなかった。	
7-01945	16555.9	대사	1	しばらくして君たちは この船には推進装置が	
7-01946	16555.10	대사	1	なにもないことに気づいた。	
7-01947	16555.11	대사	1	船には柁とオールがあり、 樽の横には 不思議なハンドルが	
7-01948	16555.12	대사	1	ついていたがそれ以外は なにもついていなかった。	
7-01949	16570.0	대사	1	船のへさきには 片目で鼻が長く、	
7-01950	16570.1	대사	1	毛皮に覆われた犬の 顔が彫られていた。	
7-01951	16570.2	대사	1	その狼にも似た 船首像の下には、 船名が刻まれていた。	
7-01952	16570.3	대사	1	　　ウイクン・ボート　　　	
7-01953	16570.4	대사	1	君たちは“ウイクン” とはなにかしばらく考えた。	
7-01954	16570.5	대사	1	樽の中を調べてみると、 さらに不思議なことが わかった。	
7-01955	16570.6	대사	1	その中には長くて丸い チューブが何本もあり、	
7-01956	16570.7	대사	1	すべて樽の底から 伸びていた。	
7-01957	16570.8	대사	1	それは樽の中央にある 黒い金属性の三脚を取巻き、	
7-01958	16570.9	대사	1	再び樽のそこに戻っていた。	
7-01959	16570.10	대사	1	チューブを叩いてみると、 中は空洞のようだった。	
7-01960	16570.11	대사	1	とはいえ、 相変わらず船を動かす装置はみつからなかった。	
7-01961	16590.0	대사	1	樽の中央にある三脚に 黒い球体を据えると、	
7-01962	16590.1	대사	1	驚くべきことに それは光り始めた。	
7-01963	16590.2	대사	1	しばらくすると、 チューブの中に 水が上がってくる	
7-01964	16590.3	대사	1	音がし始め 同時に船の後ろの方から、	
7-01965	16590.4	대사	1	勢いよく水が 吹きだし始めた。	
7-01966	16590.5	대사	1	柁をとり樽についている ハンドルを引くと、	
7-01967	16590.6	대사	1	君たちは海に向かって 船出を開始した。	
7-01968	16600.0	대사	1	アンパニ派遣隊ステーション	
7-01969	16601.0	대사	1	軍関係者以外立入禁止！	
7-01970	16605.0	대사	1	窓から中を覗くと、 灰色の巨体の生き物たちが、	
7-01971	16605.1	대사	1	荒い鼻息をまじえて、 なにやら会話を行っている	
7-01972	16605.2	대사	3	ようだった。	
7-01973	16605.3	대사	1	すぐにそのうちの一人が、 不満やるかたないと	
7-01974	16605.4	대사	1	言わんばかりの 様子で怒り始めた。	
7-01975	16605.5	대사	1	その男は部屋から勢いよく 飛びだし、他の者は	
7-01976	16605.6	대사	1	彼から少し離れて それについていった。	
7-01977	16620.0	대사	1	ユガンダ　カオ	
7-01978	16620.2	대사	1	笑うデビル	
7-01979	16620.3	대사	1	幸福なデーモン	
7-01980	16620.4	대사	1	驚いたインプ	
7-01981	16620.5	대사	1	静かなデビル	
7-01982	16620.6	대사	1	怒ったデーモン	
7-01983	16620.7	대사	1	怯えたインプ	
7-01984	16630.0	대사	1	歪んだ顔	
7-01985	16630.1	대사	1	壁には凝った作りの 金属製の壁飾りが かかっている。	
7-01986	16630.2	대사	1	そこから 突き出しているのは、 悪魔を戯画化した	
7-01987	16630.3	대사	1	三つのブロンズ像だった。	
7-01988	16630.4	대사	1	そのレリーフに なにか特定の背景が	
7-01989	16630.5	대사	1	あるのかどうかは わからなかったが、	
7-01990	16630.6	대사	1	その顔の像は回転 させられるようだった。	
7-01991	16630.7	대사	1	驚いたことに、 その像はある方向を向けると	
7-01992	16630.8	대사	1	一つの感情を表すように見えこれを回転させて	
7-01993	16630.9	대사	1	上下逆さまにすると、 先ほどとは逆の感情に	
7-01994	16630.10	대사	1	見えるようになっていた。	
7-01995	16630.11	대사	1	おそらく、 これにはなにか意味があるに違いなかった。	
7-01996	16650.0	대사	1	天上や壁には、 まるでタペストリーのように蜘蛛の巣がかかり、	
7-01997	16650.1	대사	1	複雑な迷路を 形作っているかのように 見えた。	
7-01998	16650.2	대사	1	次第に君たちの目も 暗がりに慣れ、部屋の中の	
7-01999	16650.3	대사	1	奇妙な物体のシルエットが 見えるようになってきた。	
7-02000	16660.0	대사	1	　　　　骨董美術館　　　　	
7-02001	16660.1	대사	1	　　　　珍品・奇品展　　　	
7-02002	16665.0	대사	1	美術館の扉には、 色鮮やかな道化師の笑顔が	
7-02003	16665.1	대사	2	描かれていた。	
7-02004	16665.2	대사	1	口のところからは 金属製の舌が 突き出していて、	
7-02005	16665.3	대사	1	そこには小さな溝が ついていた。	
7-02006	16665.4	대사	1	舌は弾力性があって、 指で押してから	
7-02007	16665.5	대사	1	離すと、ビュンビュンと 音をたてながら	
7-02008	16665.6	대사	1	勢いよく上下に振れた。	
7-02009	16675.0	대사	1	君たちは 溝に銅のコインを入れ、 指で押してから	
7-02010	16675.1	대사	1	素早く離した。	
7-02011	16675.2	대사	1	すると、コインは道化師の 口の中に飛び込んだ。	
7-02012	16680.0	대사	1	　　　　石になった　　　　	
7-02013	16680.1	대사	1	　　　ホモノクラウス　　　	
7-02014	16680.2	대사	1	錆びた金属製の スタンドの上の 巨大なクリスタルの	
7-02015	16680.3	대사	1	ドームに、 なにかが密閉されていた。	
7-02016	16680.4	대사	1	ドームの中には、 おそらく石で作られている	
7-02017	16680.5	대사	1	小さなガーゴイルの人形が おさまっていた。	
7-02018	16680.6	대사	1	その細工は とても細かく、巧みで、	
7-02019	16680.7	대사	1	まるでそれが生きている かのように見えた。	
7-02020	16680.8	대사	1	いずれにしても、それは 美味しそうではなかった。	
7-02021	16700.1	대사	1	ボールのひとつに触れる	
7-02022	16700.2	대사	1	杖を取ってみる	
7-02023	16700.3	대사	16	放っておく	
7-02024	16710.0	대사	2	触るな！	
7-02025	16710.1	대사	2	魔法の杖	
7-02026	16710.2	대사	1	大理石の台の上には、 輝く四つのボールが 浮いていた。	
7-02027	16710.3	대사	1	ボールは ピラミッド型に並んでおり、三つが	
7-02028	16710.4	대사	1	底で三角を作り、 四つ目の一つが頂点の	
7-02029	16710.5	대사	1	位置に浮いていた。	
7-02030	16710.6	대사	1	どのボールも台とはまったく触れていないようだった。	
7-02031	16710.7	대사	1	君たちにはそれを その位置に 浮かせている仕掛を	
7-02032	16710.8	대사	1	みつけることは できなかった。	
7-02033	16710.9	대사	1	しかし、それよりも興味を ひかれたのは、ピラミッドの	
7-02034	16710.10	대사	1	内側に、まぶしく光る 飾りたてられた杖が	
7-02035	16710.11	대사	1	浮いているということ だった。	
7-02036	16730.0	대사	1	君の手はそこになにも ないかのように ボールを通り抜けた。	
7-02037	16740.1	대사	1	手を入れたままにする	
7-02038	16740.2	대사	1	手を引き抜く	
7-02039	16745.0	대사	1	手がピラミッドの中に 入った途端、 それは消えてしまった！	
7-02040	16745.1	대사	1	自分の手を見ることは できなかったが、それが	
7-02041	16745.2	대사	1	まだついている感覚は 残っていた。そして	
7-02042	16745.3	대사	1	その手の周りでは、 なにやら湿っぽい虫の ようなものが	
7-02043	16745.4	대사	1	はい回っているようだった。	
7-02044	16755.0	대사	1	目に見えない虫の中を まさぐっていると、君の手が	
7-02045	16755.1	대사	1	なにか堅くて丸い棒の ようなものに当たった。	
7-02046	16755.2	대사	1	それをつかんで手を 引き抜こうとすると、	
7-02047	16755.3	대사	1	焼かれるような 痛みが走った。	
7-02048	16760.0	대사	1	急いでピラミッドから 手を引き抜くと、 ありがたいことに	
7-02049	16760.1	대사	1	それはまだ ちゃんとついていた。	
7-02050	16760.2	대사	1	不思議な杖は、 君たちの行動にも かかわらず、	
7-02051	16760.3	대사	1	相変わらずそこで 輝きながら浮いていた。	
7-02052	16800.0	대사	1	　　　　　銀行　　　　　　	
7-02053	16800.1	대사	1	　　　休日は休みです　　　	
7-02054	16805.0	대사	1	今や毎日がお休みのようで、長いこと	
7-02055	16805.1	대사	1	銀行の中には 誰も入ったことが ないようだった。	
7-02056	16810.0	대사	1	　　　　金庫室　　　　　　	
7-02057	16815.0	대사	1	金庫の中には、 厳重に封印された宝箱が 置いてあった。	
7-02058	16820.0	대사	1	箱の中には、黒光りする布に包まれた	
7-02059	16820.1	대사	1	布に包まれた 死体らしきものが おさめられていた。	
7-02060	16820.2	대사	1	死体は長い期間が たっているため 腐食していたが、	
7-02061	16820.3	대사	1	それは埋葬されたにしては あまりに奇妙であり、 君たちは	
7-02062	16820.4	대사	1	なにか忌まわしい犯罪が 行われたのではないかと 疑った。	
7-02063	16820.5	대사	1	その周りには 手がかりになるようなものはなかったが、	
7-02064	16820.6	대사	1	死体の様子から判断すると、それは少なくとも 数ヶ月以上	
7-02065	16820.7	대사	1	ここにおかれていた ようだった。	
7-02066	16820.8	대사	1	誤って君たちは 息をしてしまった。	
7-02067	16840.0	대사	1	金庫の中は空っぽであったがすみの方になにか	
7-02068	16840.1	대사	1	微かに光るものが あるのが目に入った。	
7-02069	16845.0	대사	1	床の裂け目の間に、 コインがはさまっているのがみつかった。	
7-02070	16900.0	대사	1	　　　　侵入禁止　　　　　	
7-02071	16900.1	대사	1	　　　　　区域　　　　　　	
7-02072	16900.2	대사	1	扉には赤と黒の二つの エンブレムが 掲げられていた。	
7-02073	16900.3	대사	1	それが何を意味するのかは よくわからなかった。	
7-02074	16910.0	대사	1	重い金属製のドアには、 小さなライトが いくつかついた精巧な	
7-02075	16910.1	대사	1	装置が据え付けられていた。	
7-02076	16910.2	대사	1	装置の底の方に 薄い溝がついていたが、 それ以外には	
7-02077	16910.3	대사	1	なにか操作できそうな ところはなかった。	
7-02078	16920.0	대사	1	君たちは溝に 薄い板をいれた。 	
7-02079	16920.1	대사	1	と、警報がけたたましく 鳴り響いた！	
7-02080	16925.0	대사	1	君たちは溝に 薄い板をいれた。	
7-02081	16930.0	대사	1	スクロールには 読むべきものは なにもなかったが、	
7-02082	16931.0	대사	1	すみの方にいくつもの 丸い穴が開いていた。	
7-02083	16931.1	대사	1	そしてその中央に開いている	
7-02084	16931.2	대사	1	穴は周りが赤くなっていた。	
7-02085	17000.0	대사	1	森は多少開けてきて、 君たちは さらに進もうとした。	
7-02086	17000.1	대사	1	と、そこに 一団の猛者たちが現れ、 剣や槍を持ったまま	
7-02087	17000.2	대사	1	君たちを取り巻いた。	
7-02088	17000.3	대사	1	革の装束に身を包んだ 一団の中から、 背が高く堂々と	
7-02089	17000.4	대사	1	した男が歩み出てきた。	
7-02090	17000.5	대사	1	その男には一目でわかる 高貴な雰囲気が 備わっていた。	
7-02091	17000.6	대사	1	深い黄土色の肌、 丸々と太った体、 猪のように口元から	
7-02092	17000.7	대사	1	生えている牙など、 その外見は他の者と 変わらなかったが、	
7-02093	17000.8	대사	1	男には明らかに他とは違う なにかが感じられた。	
7-02094	17000.9	대사	1	そして、君たちが どう思っているかに関わらず	
7-02095	17000.10	대사	1	向こうは君たちに 興味を示している ようだった。	
7-02096	17020.0	대사	1	なぜお前たちまでが 我々に害をなすのか！	
7-02097	17020.1	대사	1	ここは ゴーン帝国の領土だ。	
7-02098	17020.2	대사	1	我々はここを 守り通すぞ！	
7-02099	17020.3	대사	1	即座に立ち去れば 追い打ちはしない。	
7-02100	17020.4	대사	1	侵入してくれば、 死あるのみ！	
7-02101	17030.0	대사	1	我々の領土から出て行け！	
7-02102	17035.2	대사	1	{01}{01}ﾎﾞｴﾘｶﾞｰﾄﾞ/	
7-02103	17040.0	대사	1	{03}いいえ/{02}はい/	
7-02104	17040.2	대사	1	ガリエラ卿に ボエリガード大尉からの 手紙を見せますか？	
7-02105	17050.0	대사	1	この手紙によれば、 君たちは王に 火急の知らせをもたらす	
7-02106	17050.1	대사	1	もののようだ。	
7-02107	17050.2	대사	1	ならば、 ここを通ってもよろしい。	
7-02108	17050.3	대사	1	だが気をつけろ！	
7-02109	17050.4	대사	1	昨今では様々な事が 起こっており、 我々も君たちの	
7-02110	17050.5	대사	1	安全を保証することは できない。	
7-02111	17050.6	대사	1	我々の国民の間には 内戦が起こっている。	
7-02112	17050.7	대사	1	オルコグレ城の内部に 潜入していた暗殺者によって	
7-02113	17050.8	대사	1	偉大な魔法使いの ムラカトスも 殺されてしまった。	
7-02114	17050.9	대사	1	ムラカトスの死により、 我々の領域を 守っていた彼の	
7-02115	17050.10	대사	1	魔法もなくなり、 我々の領域の 周辺には対抗する部族が	
7-02116	17050.11	대사	1	集まるように なってきている。	
7-02117	17050.12	대사	1	我々の部隊はここに残り、 すぐにでも始まる戦いに 備えなければならない。	
7-02118	17063.0	대사	1	ゴーンとゴーンの戦い。 兄弟同士の血で血を洗う	
7-02119	17063.1	대사	1	戦いに備えなければ ならないのだ。	
7-02120	17063.2	대사	1	この先、 誰も信用してはならない！ おそらく今夜、	
7-02121	17063.3	대사	1	予言者は我々の墓の上で 祝宴でも上げることだろう！	
7-02122	17100.0	대사	1	まるで豆の茎か なにかのように、 オルコグレ城への入り口は	
7-02123	17100.1	대사	1	目の前から下に向かって 伸びていた。	
7-02124	17105.0	대사	1	上方からの 新鮮な空気の突風が、	
7-02125	17105.1	대사	1	渦を巻きながら城内に 流れ込んでいった。	
7-02126	17105.2	대사	1	もしこの風に 乗れるものなら、	
7-02127	17105.3	대사	1	この先の行程は ずっと楽になるだろう。	
7-02128	17105.4	대사	1	君たちは、 要塞の入り口に立って そう思った。	
7-02129	17105.5	대사	1	オルコグレ城の 石壁は年経ており、 数世紀もの時代が	
7-02130	17105.6	대사	1	感じられた。君たちは、 そこで暮らした人々に 思いを馳せた。	
7-02131	17105.7	대사	1	彼らについては ほとんどなにも 知らなかった。 そしてここでは、	
7-02132	17105.8	대사	1	まさに自分たちが 侵入者なのである。	
7-02133	17120.0	대사	1	古いスクロールには、 走り書きで次のように 書かれていた。	
7-02134	17120.1	대사	1	裏切られた！	
7-02135	17120.2	대사	1	暗殺者はあっというまに 城内に達した。	
7-02136	17120.3	대사	1	奥の書斎にいく余裕はない。	
7-02137	17120.4	대사	1	答えはそこに。監獄も鍵も…	
7-02138	17130.0	대사	2	　　　　ムラカトス　　　　	
7-02139	17130.1	대사	1	　　　　外の書斎　　　　　	
7-02140	17135.0	대사	1	書斎は実際には 小さな瞑想所のようで、	
7-02141	17135.1	대사	1	遠くの壁の蝋燭の下には、 紫色の	
7-02142	17135.2	대사	1	綿毛のクッションがあり、 その周りの床には、	
7-02143	17135.3	대사	1	様々なシンボルが 刻み込まれていた。	
7-02144	17140.1	대사	1	マントラを唱える	
7-02145	17140.2	대사	1	ボタンを押す	
7-02146	17145.0	대사	1	クッションの下には 小さなくぼみがあり、 その中に	
7-02147	17145.1	대사	1	赤いボタンがあった。	
7-02148	17150.0	대사	1	魔法使いの箪笥の中を 探っていると、	
7-02149	17150.1	대사	1	封印された文書と 鍵の束がみつかった。	
7-02150	17153.0	대사	1	箪笥を開けると、 その中に詰め込まれていた 数年分の	
7-02151	17153.1	대사	1	ゴミが床の上に 散らばってしまった。	
7-02152	17155.0	대사	1	ムラカトスは まめに掃除する方では なかったようだ。	
7-02153	17158.0	대사	1	天井からなにかの 破片が落ちてきて 床に飛び散った！	
7-02154	17160.0	대사	1	あたりは鼻につく悪臭で 満ちており、床に落ちている	
7-02155	17160.1	대사	1	ゴミを見ていると、 まるでそこが水が 枯れてしまった	
7-02156	17160.2	대사	1	下水道ではないかと 思えるほどだった。	
7-02157	17165.0	대사	2	ムムムムムムムム…	
7-02158	17170.0	대사	1	オルコグレ武器庫、貯蔵庫	
7-02159	17175.0	대사	1	武器庫の中には槍や 弓矢などの柵が並び、	
7-02160	17175.1	대사	1	向こう側の壁際には 古い革の鎧がかけてあった。	
7-02161	17180.0	대사	1	貯蔵庫のすみには、 いくつかの樽とかごが	
7-02162	17180.1	대사	2	置いてあった。	
7-02163	17185.0	대사	1	樽の中には、 見るからにおぞましい、 塩で固められた、	
7-02164	17185.1	대사	1	乾いていて茶色の 堅そうななにかが 入っていた。	
7-02165	17185.2	대사	1	その茶色の塊の臭いを かいだ途端、胃のあたりが	
7-02166	17185.3	대사	1	気持ち悪くなった。	
7-02167	17185.4	대사	1	次にかごの中身を 調べてみると、中にはビンが入っていた。	
7-02168	17185.5	대사	1	ビンの中には 動物の臓物らしきものが、 なにか液状のものの	
7-02169	17185.6	대사	1	中に浸かっていた。	
7-02170	17185.7	대사	1	かごの蓋のほこりを払うと、次のような文字が出てきた。	
7-02171	17185.8	대사	1	ムンク	
7-02172	17200.0	대사	1	バラックの中には 一団のゴーンたちが 構えて待っていた！	
7-02173	17205.0	대사	1	　　　守衛のバラック　　　	
7-02174	17210.0	대사	1	　　　囚人を　　　　　　　	
7-02175	17210.1	대사	1	　　　刺激しないこと！　　	
7-02176	17215.0	대사	1	監獄の独房の中になにか 動きか感じられた。	
7-02177	17220.0	대사	1	そこは簡素な寝部屋で、	
7-02178	17220.1	대사	1	木の板に飾られた	
7-02179	17220.2	대사	1	巨大な肉食獣の頭の剥製が、	
7-02180	17220.3	대사	1	唯一の特徴だった。	
7-02181	17225.0	대사	1	部屋の空気も古くさく、 数日の間	
7-02182	17225.1	대사	1	誰もここには 入らなかったようだった。	
7-02183	17228.0	대사	1	君たちは 部屋を横切るかすかな 血の跡に気づいた。	
7-02184	17230.0	대사	1	部屋はなんの特徴もなく、 向こう側の壁際にある	
7-02185	17230.1	대사	1	大きなマットレスだけが 唯一の家具のようだった。	
7-02186	17235.0	대사	1	マットレスの下から、 骨と剛い毛でできた	
7-02187	17235.1	대사	1	一組みのブラシ とくしがでてきた。	
7-02188	17235.2	대사	1	下に落ちていた 磨かれた金属板は、	
7-02189	17238.0	대사	1	君たちの姿を奇麗に 反射した。	
7-02190	17240.0	대사	1	通路の床には 小さな赤黒い染みが ついていた。	
7-02191	17240.1	대사	1	もちろんそれは血だった。	
7-02192	17245.0	대사	1	血の染みのあたりを 調べていると、 上から落ちてきた	
7-02193	17245.1	대사	1	水滴によって掘られたようなくぼみがみつかった。	
7-02194	17245.2	대사	1	その上を見てみると、 天井にかすかに光が	
7-02195	17245.3	대사	1	洩れてくる点がみつかった。	
7-02196	17245.4	대사	1	どうも補修しなければ ならない箇所が	
7-02197	17245.5	대사	1	あるようだった。	
7-02198	17255.0	대사	1	試しに、その光を反射させて書斎の門に光を	
7-02199	17255.1	대사	1	あててみた…	
7-02200	17260.1	대사	1	　　　　奥の書斎　　　　　	
7-02201	17265.0	대사	1	暗い書斎の中は、床や壁、 そして天井にまで	
7-02202	17265.1	대사	1	奇妙に輝く印が 描かれていた。	
7-02203	17265.2	대사	1	飼われていた動物たちが、 柵から君たちの方を	
7-02204	17265.3	대사	1	眺めており、すみにある机の上には、フラスコや	
7-02205	17265.4	대사	1	小間物が散らかっていた。	
7-02206	17265.5	대사	1	遠くのすみの箱の上には、 古い文書や	
7-02207	17265.6	대사	1	ほこりをかぶった 本が積み重ねられており、	
7-02208	17265.7	대사	1	天井からは蜘蛛の 巣が降りていた。	
7-02209	17265.8	대사	1	なんの前触れもなく、 なにものかが光を発しながら現れた。	
7-02210	17280.0	대사	1	魔法使いの机の上には、 ポーションがいくつか、 奇妙な道具	
7-02211	17280.1	대사	1	そして小さな盆栽が 一鉢置いてあった。	
7-02212	17285.0	대사	1	　　　　玉座の間　　　　　	
7-02213	17287.0	대사	1	門の向こうには、 かすかに蝋燭の火が 揺れているのが	
7-02214	17287.1	대사	1	見えるだけだった。	
7-02215	17290.0	대사	1	暗く陰気な聖堂の壁に 影が踊り、その空虚さは	
7-02216	17290.1	대사	1	部屋の隅々にまで 染み込んでいた。	
7-02217	17290.2	대사	1	揺れ動く蝋燭の火に、 色あせたタペストリの、	
7-02218	17290.3	대사	1	相戦う部族の 戦闘の模様が 照らし出された。	
7-02219	17290.4	대사	1	それは、 遥か昔の歴史を 描いているようだった。	
7-02220	17290.5	대사	1	この部屋は、かっては 統治の中心地として、	
7-02221	17290.6	대사	1	政治や様々な重要問題を 取り扱う場所だった。	
7-02222	17290.7	대사	1	しかし、 今や遠くの玉座には、 憂鬱そうでわびしい、	
7-02223	17290.8	대사	1	孤独な影が 座っているだけだった。 その人影は、 	
7-02224	17299.0	대사	1	遥か遠くの物事に 思いを馳せるかのごとく、	
7-02225	17299.1	대사	1	この絶望的な場所で じっと一点を凝視していた。	
7-02226	17310.0	대사	1	玉座で背中を丸め、 じっと凝視を続けている 人物は、	
7-02227	17310.1	대사	1	君たちが近付いても それに気づかない ようだったが、	
7-02228	17310.2	대사	1	咽から声を絞り出す ようにして話し始めた。	
7-02229	17320.0	대사	1	ついに、神も この年老いた王を、 苦難から	
7-02230	17320.1	대사	1	解放しようという気に なったわけか？	
7-02231	17320.2	대사	1	今や感傷だけのこの身も、 かってはこうではなかった。	
7-02232	17320.3	대사	1	だが、咲き乱れた樹木も、 今や色あせてしまった。	
7-02233	17320.4	대사	1	我が軍勢はいまだに 戦っておるが、	
7-02234	17320.5	대사	1	彼らの心はもはや それほど強靭ではない。	
7-02235	17320.6	대사	1	彼らはお互い同士戦い始め、	
7-02236	17320.7	대사	1	愛や希望を 実現させるために必要な、	
7-02237	17320.8	대사	1	大切なものを 失ってしまった。	
7-02238	17320.9	대사	1	彼らに、もはや 未来の希望はない。	
7-02239	17320.10	대사	1	星の世界から来た お前たちによって、	
7-02240	17320.11	대사	1	すべてが崩壊してしまった。	
7-02241	17320.12	대사	1	そのお前らが、まさにいま この私の前に立つという	
7-02242	17320.13	대사	1	なんという皮肉！	
7-02243	17320.14	대사	1	お前は、私の夢の中で、 私を責め苛むために	
7-02244	17320.15	대사	1	現れたのか？	
7-02245	17320.16	대사	1	それとも、 単にこの胸に刃を突き立て、	
7-02246	17320.17	대사	1	私の苦悩を 終わらせに来たのか？	
7-02247	17320.18	대사	1	ああ、 私にはよくわかっておる。	
7-02248	17320.19	대사	1	世界は何十にも 積み重なっておる。	
7-02249	17320.20	대사	1	時の境界は交差し、 重なりあい、	
7-02250	17320.21	대사	1	誰でも庭園から森へと 踏み出すことができる。	
7-02251	17320.22	대사	1	大海の魚は、 飛びはね 動きまわりながらも、	
7-02252	17320.23	대사	1	彼らの間近すぐ頭の上に 存在する広大な世界に	
7-02253	17320.24	대사	1	まったく気づくこともない。	
7-02254	17320.25	대사	1	人間の、 なんとこれに似たること。	
7-02255	17320.26	대사	1	その周囲に広大な 宇宙がありながら、	
7-02256	17320.27	대사	1	それを一瞬たりとも 目にすることもない。	
7-02257	17320.28	대사	1	わずかに、はかない視界に 捕らえられたもののみを見、	
7-02258	17320.29	대사	1	幾多の奇跡と聖なる行いの 伝説を生む。	
7-02259	17320.30	대사	1	私はお前のために祈ろう。 この王の戯言を許したまえ。	
7-02260	17351.0	대사	1	私自身でこの心を お前の前に差し出せれば よいのだが、	
7-02261	17351.1	대사	1	もはや私には 言葉の石つぶてを 投げることしかできない。	
7-02262	17360.0	대사	1	{01}ダージリン同盟は破られた/{02}ダータエン同盟は破られた/{01}ダータエン連盟は破られた/{01}ダークエン連盟は破られた/	
7-02263	17360.2	대사	1	一つ聞こう、なにがお前を ここによこしたのだ？	
7-02264	17370.0	대사	1	なに？！	
7-02265	17370.1	대사	1	ダータエン同盟が 終わったというのか？！	
7-02266	17370.2	대사	1	ならば予言が現実に なってしまうではないか…	
7-02267	17370.3	대사	1	ならば…	
7-02268	17370.4	대사	1	我々は予言通りの役目を 果たさねばならん。	
7-02269	17370.5	대사	1	そして地獄の業火を 見ねばならん…	
7-02270	17370.6	대사	1	神托をもてあそぶなど、 とてつもなく	
7-02271	17370.7	대사	1	危険な試み。	
7-02272	17370.8	대사	1	だが終末は無ではなく、	
7-02273	17370.9	대사	1	新たなる始まりへの架け橋。	
7-02274	17370.10	대사	1	読まれざるページは、 隠されるべくして 隠されたのじゃ！	
7-02275	17370.11	대사	1	運命には幾多の悪戯が 織り込まれておる。	
7-02276	17370.12	대사	1	まだそのルールを学ぶ 時間はあるようじゃ。	
7-02277	17385.0	대사	16	{04}いいえ/{05}はい/	
7-02278	17385.2	대사	1	お前たちはこれに手を 貸すつもりはあるのか？	
7-02279	17390.0	대사	1	ならば心して聞け！	
7-02280	17390.1	대사	1	私は聖なる文書の かけらを持っておる。	
7-02281	17390.2	대사	1	おそらく、それは 私が持っているよりも お前の手にあったほうが、	
7-02282	17390.3	대사	1	より面白いことに つながるだろう。	
7-02283	17390.4	대사	1	それを持って、 好きにするがよい。	
7-02284	17390.5	대사	1	一度脚本が 書かれてしまえば、 それをどう演ずるかは	
7-02285	17390.6	대사	1	我々演者次第なのだからな。	
7-02286	17390.7	대사	1	私の寝室に、 隠された壁がある。	
7-02287	17390.8	대사	1	そこにいって、 この鍵に会う門を探すのだ！	
7-02288	17390.9	대사	1	中に入れば、 探していたものを 手に入れることができよう。	
7-02289	17410.0	대사	1	さぁ、行くのじゃ！	
7-02290	17410.1	대사	1	私の内には、 次なる行動の計画が 湧き始めておる。	
7-02291	17410.2	대사	1	私の軍隊の中に、 まだ楽しむべき ゲームもあるようだ。	
7-02292	17420.0	대사	1	その話はそれほど 火急の要件とも	
7-02293	17420.1	대사	1	思えぬ。	
7-02294	17420.2	대사	1	この哀れな王を 一人にしておいてくれ！	
7-02295	17430.0	대사	1	ならば、我らが運命、 決まったも同然。	
7-02296	17431.0	대사	1	守衛！！くせものだ！	
7-02297	17440.0	대사	1	古い宝箱を開け 蜘蛛の巣を払うと、 君たちは中に	
7-02298	17440.1	대사	1	蝋で封印された 古い文書をみつけた。	
7-02299	17440.2	대사	1	丁寧に蝋を 拭い取ってみると、 その文書は	
7-02300	17440.3	대사	1	大きな地図から切り取られた一部分だった。	
7-02301	17440.4	대사	1	箱の中には、それにあう 他の部分はなかった。	
7-02302	17450.0	대사	1	古い宝箱を開けてみると、 つい最近誰かが	
7-02303	17450.1	대사	1	これを開けたようで、 中には蜘蛛の巣以外は	
7-02304	17450.2	대사	1	何も入っていなかった。	
7-02305	17460.0	대사	1	部屋に入った瞬間、 君たちは体がぞくぞく	
7-02306	17460.1	대사	1	する感じを覚えた。	
7-02307	17465.0	대사	1	中空から、 静かに悪魔のはばたきが 聞こえてきた。	
7-02308	17470.0	대사	1	部屋に入ると、 途端にざわめいていた 話し声が止んだ。	
7-02309	17480.0	대사	1	　　　　ゴルクンガ　　　　	
7-02310	17480.1	대사	1	　　　　　殺人猿　　　　　	
7-02311	17485.0	대사	1	目の前には透明の クリスタルの障壁があり、	
7-02312	17485.1	대사	1	それを通して中の 様子はうかがえた。	
7-02313	17485.2	대사	1	透明の壁の向こう側には 閉じられた狭い空間があり、	
7-02314	17485.3	대사	1	小さい猿のような生き物が、しかめっ顔のまま	
7-02315	17485.4	대사	1	動き回っていた。	
7-02316	17485.5	대사	1	君たちはしばらくの間、 それが飛んだり跳ねたり、	
7-02317	17485.6	대사	1	おりの壁をはい登ったり、 いやらしいポーズを 取ったりして、	
7-02318	17485.7	대사	1	時に満足そうな様子を 見せるのを眺めていた。	
7-02319	17485.8	대사	1	どうもこの猿は、 オルコグレ城一番の	
7-02320	17485.9	대사	1	見せ物になっていることに 満足しているようだった。	
7-02321	17500.0	대사	1	窓の前に一山の 黄色いバナナを ぶらさげると、	
7-02322	17500.1	대사	1	猿は即座に飛び上がって、 壁についている	
7-02323	17500.2	대사	1	レバーを引っ張った。	
7-02324	17505.1	대사	1	窓はさっと滑って開いた！	
7-02325	17505.2	대사	1	猛り狂った猿は 頭から飛び出してきて バナナを引っ掴み、	
7-02326	17505.3	대사	1	そのまま君たちのところを 通りすぎると通路の方に	
7-02327	17505.4	대사	1	突進し、すぐに角を曲がって見えなくなってしまった。	
7-02328	17505.5	대사	1	突然、一団のゴーンが やってきてこう叫んだ。	
7-02329	17505.6	대사	1	おい、お前！ 大したアイデアじゃねえか！	
7-02330	17515.0	대사	1	すみのほうに、 いくつかの紙袋が 置かれていた。	
7-02331	17516.0	대사	1	それは捕虜のための 食料のようだった。	
7-02332	17520.0	대사	1	お前は遅すぎた。 私は死ぬ。	
7-02333	17520.1	대사	1	そしてこの言葉を最後に、 王は目を閉じた。	
7-02334	17520.2	대사	1	その時になって初めて、 君たちは床に血があふれ、	
7-02335	17520.3	대사	1	王のガウンにも 大きな染みがあることに 気づいた。	
7-02336	17520.4	대사	1	ゴーンのウルガー王は、 息絶えたのである。	
7-02337	17530.0	대사	1	王のローブの内ポケットに、鍵が入っていた。	
7-02338	17540.0	대사	1	王の亡骸は 彼の玉座に倒れこんだ。	
7-02339	17540.1	대사	1	もはやその目に 光が宿ることはない。	
7-02340	17550.0	대사	1	消え行く幽霊の影から、 また新たなる霊が 姿を表した。	
7-02341	17555.0	대사	1	私はムラカトスの霊。 ゴーンの生まれにして	
7-02342	17555.1	대사	1	帝国の守護者なり。	
7-02343	17555.2	대사	1	汝は強く、 力を持つ復讐者なり。 ゆえに、私の遺物を	
7-02344	17555.3	대사	1	汝らに譲り渡さん。	
7-02345	17555.4	대사	1	私は星より来る者の 偉大なる富みと 力の誘惑に屈し、	
7-02346	17555.5	대사	1	その同じ弱味に屈した者に よって彼らに売り渡され、	
7-02347	17555.6	대사	1	その手にかかった。	
7-02348	17555.7	대사	1	裏切り、そして内通は 永遠に尽きることなく、	
7-02349	17555.8	대사	1	その恐れと 疑いのただ中で生きるとき、	
7-02350	17555.9	대사	1	人は徐々に 盲目となり自らを失い、	
7-02351	17555.10	대사	1	ついには 自らその犠牲者となる。	
7-02352	17555.11	대사	1	私も、己の血をもって この犠牲者となった。	
7-02353	17555.12	대사	1	そして、今や無敵の ゴーン帝国も廃墟と化し、	
7-02354	17555.13	대사	1	我が血まみれの手に かかって、 帝国は内戦のうちに	
7-02355	17555.14	대사	1	滅ぼうとしている。	
7-02356	17555.15	대사	1	この悲劇から 学ぶことができねば、 汝もまた	
7-02357	17555.16	대사	1	裏切りの犠牲者と なるだろう。	
7-02358	17555.17	대사	1	ニクタリンスの古き教会の、ビレット・カネベの 墓を探し、	
7-02359	17555.18	대사	1	創造主の足元深くへ至れ。	
7-02360	17555.19	대사	1	そこに、探したるものの 一部を見いだせるであろう。	
7-02361	17600.0	대사	1	　　　　聖なる都市　　　　	
7-02362	17600.1	대사	1	　　　　ムンクハラマ　　　	
7-02363	17610.0	대사	1	井戸が、暗黒の深みに 口を開いていた。	
7-02364	17610.1	대사	1	そしてその周りには、 次のような言葉が 刻まれていた。	
7-02365	17610.2	대사	1	我、幾千の顔を知り、	
7-02366	17610.3	대사	1	その表と裏を数えん。	
7-02367	17614.0	대사	1	多くの死せる者に	
7-02368	17614.1	대사	1	我、光をあたえん。	
7-02369	17614.2	대사	1	我の小さき身に宿る、	
7-02370	17614.3	대사	1	偉大なる力を賢く用いよ。	
7-02371	17614.4	대사	1	そして我を恐れよ、	
7-02372	17614.5	대사	1	その面によりて 運命は定まらん！	
7-02373	17625.0	대사	1	{01}杯/{02}コイン/{01}人形/{01}位牌/	
7-02374	17625.2	대사	1	井戸の中になんと叫ぶ？	
7-02375	17630.0	대사	1	暗黒の井戸の奥から、 スズの板が せり上がってきた。	
7-02376	17630.1	대사	1	そしてその上には、 ４枚のコインが乗っていた。	
7-02377	17635.0	대사	3	{03}いいえ/{04}はい/	
7-02378	17635.2	대사	1	コインを取りますか？	
7-02379	17640.0	대사	1	素早くコインを取り去ると、スズの板は井戸の奥に	
7-02380	17640.1	대사	1	戻っていった。	
7-02381	17650.0	대사	1	壁のくぼみのところには、 石でできた杯が	
7-02382	17650.1	대사	1	鉄製の枠にしっかり 据え付けられていた。	
7-02383	17655.0	대사	1	君たちは杯の中に豆を弾いて	
7-02384	17655.1	대사	1	石の受け皿が 壁の中に入っていくのを 見守った。	
7-02385	17660.0	대사	1	床の上の 陶磁器製のボウルには、 神秘的な印が彫られた	
7-02386	17660.1	대사	1	奇妙な石の豆が入っていた。	
7-02387	17670.1	대사	1	バーを引く	
7-02388	17675.0	대사	1	床に据え付けられた 飾り板から、長いバーが 伸びていた。	
7-02389	17675.1	대사	1	飾り板には四つの窓が ついており、 そこはただ白く	
7-02390	17675.2	대사	1	なっているだけだった。	
7-02391	17680.0	대사	1	君たちは力を込めて そのバーを引いてみた。	
7-02392	17685.0	대사	1	だが、バーは 微動だにしなかった。	
7-02393	17690.0	대사	5	飾り板の窓の後ろで、 色がくるくる	
7-02394	17690.1	대사	5	変わり始めた。 そして、それは止まった。	
7-02395	17690.2	대사	1	白、白、白、白	
7-02396	17690.3	대사	4	大きなブザーの音が響いた ビーン！	
7-02397	17695.2	대사	1	黒、白、白、白	
7-02398	17700.2	대사	1	黒、黒、白、白	
7-02399	17705.2	대사	1	黒、黒、黒、白	
7-02400	17710.2	대사	1	黒、黒、黒、黒	
7-02401	17710.3	대사	1	鐘と笛の音が やかましく鳴り響いた。	
7-02402	17710.4	대사	1	キンコンカンコン キンコンカンコン！！	
7-02403	17720.0	대사	1	ドアの掛金のところには、 半球の銅製の盃が、	
7-02404	17720.1	대사	1	据え付けられていた。	
7-02405	17725.0	대사	1	君たちは、口をあける杯に コインを投げ込んだ。	
7-02406	17740.0	대사	1	　　　　水遊び区域　　　　	
7-02407	17740.1	대사	1	　　　極地ムンク協会　　　	
7-02408	17750.1	대사	1	泳ぎの練習をする	
7-02409	17750.2	대사	1	出られるうちに出てしまう	
7-02410	17755.0	대사	1	君たちは 冷たい水の中に入った。	
7-02411	17755.1	대사	1	そこは充分に 背が立つほど浅かった。	
7-02412	17755.2	대사	1	だが、君たちは すぐに震え始めた。	
7-02413	17760.0	대사	1	早く体を温めようと、 君たちは水面でバシャバシャ	
7-02414	17760.1	대사	1	動き回った。	
7-02415	17765.0	대사	1	しばらくして、結局君たちは凍える前に外へ出た。	
7-02416	17770.0	대사	1	かなり年老いたムンクが、 カーテンに囲われた マットの上に、	
7-02417	17770.1	대사	1	落ちついて穏やかな様子で 横たわっていた。	
7-02418	17770.2	대사	1	君たちが近付くと、 目をつぶって 長いパイプを吸いながら、	
7-02419	17770.3	대사	1	老人はほんの少し カーテンを開いた。	
7-02420	17770.4	대사	1	そして魅惑的な調子で 語り始めた。	
7-02421	17770.5	대사	2	人生はただの夢。	
7-02422	17770.6	대사	1	誰もが捜し、	
7-02423	17770.7	대사	1	みつけることはできない。	
7-02424	17770.8	대사	1	果てなき追跡でしかない。	
7-02425	17770.9	대사	1	馬を捕まえる術を 知っているか？	
7-02426	17770.10	대사	1	これも果なき追跡だ。	
7-02427	17770.11	대사	1	見ているのだ。	
7-02428	17770.12	대사	1	それがどこに至ろうと しているかを。	
7-02429	17770.13	대사	1	それはすなわちそれが 至るところ。	
7-02430	17770.14	대사	1	これが馬を捕まえる術。	
7-02431	17770.15	대사	1	これが夢を捕まえる術。	
7-02432	17770.16	대사	1	ではボートはどう漕ぐ？	
7-02433	17770.18	대사	1	年老いたムンクは、 そこで黙り込んだ。	
7-02434	17770.19	대사	1	そして、突然目を見開き、 指をならした。	
7-02435	17800.0	대사	1	どこからともなく 二人のニンフが現れ、	
7-02436	17800.1	대사	1	マットの上の老人に かしづいた。	
7-02437	17800.2	대사	1	微笑みながら、老人は 君たちにウインクした。	
7-02438	17800.3	대사	1	そしてカーテンを 閉めてしまった。	
7-02439	17805.0	대사	1	君たちは仰天して 一瞬立ち止まった。	
7-02440	17805.1	대사	1	そして次の瞬間、 憤りと共に カーテンを勢いよく開けた。	
7-02441	17805.2	대사	1	だが、そこにあったのは 空っぽのマットと、	
7-02442	17805.3	대사	1	甘いパイプタバコの 香りだけだった。	
7-02443	17810.0	대사	1	部屋は甘い香りの煙に 満ちており、様々な色が	
7-02444	17810.1	대사	1	チラチラときらめいて、 眩暈がしそうになった。	
7-02445	17810.2	대사	1	そして その色の渦巻の中から、 なにかが現れ始めた。	
7-02446	17815.0	대사	1	あたりには奇妙な臭いが 漂っており、そのせいで	
7-02447	17815.1	대사	1	君たちは頭が ふらふらし始めた。	
7-02448	17820.0	대사	1	部屋のすみの方に、 奇妙な格好でボロをまとった	
7-02449	17820.1	대사	1	浮浪者のようなムンクが 横たわっていた。その目は	
7-02450	17820.2	대사	1	白目をむき、口からは よだれをたらしていた。	
7-02451	17820.3	대사	1	男はやつれてやせ細り、 青白く薄汚れていて、	
7-02452	17820.4	대사	1	離れている ところからでも 吐き気を催すような 臭いがした。	
7-02453	17820.5	대사	1	君たちは、 悪癖が彼をこの状態に してしまったのだろう	
7-02454	17820.6	대사	1	と思った。 そして酔うこと、 常用者になってしまうことで	
7-02455	17820.7	대사	1	どれほど 人間が堕落して しまうのかということを	
7-02456	17820.8	대사	1	まのあたりにした。	
7-02457	17820.9	대사	1	と、背後から、突然声が	
7-02458	17820.10	대사	1	響いてきた。	
7-02459	17832.0	대사	1	人影が現れた。	
7-02460	17835.0	대사	1	その声は微かで、君たちは 必死に聞き耳を立てた。	
7-02461	17835.1	대사	1	それは トリックの中のトリック。	
7-02462	17835.2	대사	1	そして、それは恐るべき 組み合せ。	
7-02463	17835.3	대사	1	捕らわれたものは 脱出を試みる。	
7-02464	17835.4	대사	1	だが、その脱出行は、 さらなる罠へと通じる。	
7-02465	17835.5	대사	1	愚かなものどもよ。	
7-02466	17835.6	대사	1	彼らの求める脱出は、 決してなされることはない。	
7-02467	17835.7	대사	1	彼らは人生の苦難からの 解放を求める。	
7-02468	17835.8	대사	1	だが、彼らを つなぎ止めているのは 彼ら自身。	
7-02469	17835.9	대사	1	罠は、人生の鎖ではない。	
7-02470	17835.10	대사	1	罠は、彼ら自身の監獄。	
7-02471	17835.11	대사	1	なぜ人は笑うと思う？	
7-02472	17835.12	대사	1	それがかりそめの 自由を感じさせるから。	
7-02473	17835.13	대사	1	そして、 自らを笑えるということは、	
7-02474	17835.14	대사	1	まさに究極の自由の証。	
7-02475	17835.15	대사	1	同時に、最も難しき行い。	
7-02476	17835.16	대사	1	これぞ脱出が得難い理由。	
7-02477	17852.0	대사	1	これを得られるものは 数少ない。	
7-02478	17852.1	대사	1	人影はそう言うと、 物陰の中に消え去った。	
7-02479	17860.0	대사	1	君たちは再び部屋のすみの 哀れな人物の方を向いた。	
7-02480	17860.1	대사	1	だが、そこには 誰もいなかった。	
7-02481	17860.2	대사	1	もう一度物陰の方を振り返りさらに部屋のすみに	
7-02482	17860.3	대사	1	目をやったところで、 君たちは今の二人に	
7-02483	17860.4	대사	1	なにか似たところが あるような気がし始めた。	
7-02484	17860.5	대사	1	暗がりの奥から、 ムンクの笑い声が	
7-02485	17860.6	대사	4	聞こえてきた。	
7-02486	17860.7	대사	1	それは反響しながら 次第次第に 小さくなっていった。	
7-02487	17870.0	대사	1	物静かなムンクが、 クッションの上に 座っていた。	
7-02488	17870.1	대사	1	彼は長いパイプを くわえており、	
7-02489	17870.2	대사	1	その先のボウルには、 彼を幻想の世界に誘う	
7-02490	17870.3	대사	1	燃えさしが くすぶっていた。	
7-02491	17870.4	대사	1	君たちが近付くと、 ムンクは話し始めた。	
7-02492	17870.5	대사	1	生命は謎。	
7-02493	17870.6	대사	1	パズル… ナゾナゾ、 判じ絵、 不可解。	
7-02494	17870.7	대사	1	生きていれば、 このうちのいくつかに 出会うこともあろう。	
7-02495	17870.8	대사	1	いくつかは、 よく知っておるかもしれん。	
7-02496	17870.9	대사	1	そうとは知らずに 出会っているものも あろう。	
7-02497	17870.10	대사	1	だが、すべては 一つのパズルの一部。	
7-02498	17870.11	대사	1	その秘密を明かすには、 これらすべてが一部であり、	
7-02499	17870.12	대사	1	それのみにては パズルは解けぬということを忘れるべからず。	
7-02500	17870.13	대사	1	すべての男女は、 みな大いなる コラージュの一部。	
7-02501	17870.14	대사	1	汝が恐れるのは、	
7-02502	17870.15	대사	1	影の中に光る一部。	
7-02503	17870.16	대사	1	汝が信じるのは、	
7-02504	17870.17	대사	1	保証された中の一部。	
7-02505	17870.18	대사	1	これらすべてが 生命のナゾの一部。	
7-02506	17870.19	대사	1	汝のために これを解くものなし。	
7-02507	17870.20	대사	1	汝以外に それを知るものなし。	
7-02508	17870.21	대사	1	パズルを見ること、 それは未知の面を見ること。	
7-02509	17870.22	대사	1	パズルを解くこと、 それは永遠の旅を 歩むこと。	
7-02510	17870.23	대사	1	と、ムンクのパイプから 波のような煙が湧き出て、	
7-02511	17870.24	대사	1	即座に部屋は濃い煙で 一杯になった。	
7-02512	17905.0	대사	1	そして煙が消えると、 ムンクもそこには いなかった。	
7-02513	17905.1	대사	1	ただ小さなポーチが、 床に残っているだけだった。	
7-02514	17907.0	대사	1	そのポーチに手を 伸ばそうとすると、 頭の中で彼の声が	
7-02515	17907.1	대사	1	響いた。ドーダー…	
7-02516	17910.0	대사	1	　ブラザー・モーザーの　　	
7-02517	17910.1	대사	1	　　　　　薬屋　　　　　　	
7-02518	17915.0	대사	1	壁際の柵には 壷やほこりっぽい箱が並び、	
7-02519	17915.1	대사	1	きつい鼻につく臭いが あたりに充満していた。	
7-02520	17915.2	대사	1	少し年のいったムンクが なにかを調合している 最中のようで、	
7-02521	17915.3	대사	1	君たちが入っていくと 動きを止めた。	
7-02522	17915.4	대사	1	彼が作っているものに 刺激されて、	
7-02523	17915.5	대사	1	君たちの目には 涙がにじんできた。	
7-02524	17930.0	대사	1	カラシーコウモリ茶は 最高じゃ。	
7-02525	17930.1	대사	1	一ビン買ってみるかね？	
7-02526	17930.2	대사	1	いや、お前さんたちは、 お茶よりもう少し	
7-02527	17930.3	대사	1	強いものの方が お好みのようじゃな？	
7-02528	17935.0	대사	1	{05}いいえ/{06}はい/{07}グラン・メランジ/	
7-02529	17935.2	대사	1	夢見るものが赴くところを 知っておるかね？	
7-02530	17940.0	대사	1	{07}グラン・メランジ/	
7-02531	17940.2	대사	1	おぉ、夢見るものの国。 汝の名は！？	
7-02532	17945.0	대사	1	夢見るものの国を 知っておるのか！	
7-02533	17947.0	대사	1	夢見るものがどこに行くかを知ったとき、 さらに多くを教えよう。	
7-02534	17960.0	대사	1	{01}{01}ﾄﾞｳｼﾞｮｳ/	
7-02535	17970.0	대사	1	グラン・メランジ、 夢の前兆…	
7-02536	17970.1	대사	1	それは、汝の中に潜む、 目に見えぬ怪物	
7-02537	17970.2	대사	1	と言われておる。	
7-02538	17970.3	대사	1	それは、 汝の心の奥底に巣くい、	
7-02539	17970.4	대사	1	そこからすべての夢を 紡ぎ出しておる。	
7-02540	17970.5	대사	1	グラン・メランジを 捜すことは、 汝の内なる夢を捜すこと。	
7-02541	17970.6	대사	1	一度それを見いだせば、 汝の夢もかなうだろう。	
7-02542	17970.7	대사	1	伝説は、こうして結末を 迎えるのじゃ。	
7-02543	17970.8	대사	1	だが、物語にも 語られぬことはある。	
7-02544	17970.9	대사	1	汝の夢がかなったとき、 グラン・メランジもまた 解放され、	
7-02545	17970.10	대사	1	汝の内より永遠に離れさる。	
7-02546	17970.11	대사	1	汝、 再び夢見るものの国を 歩くことはできず、	
7-02547	17970.12	대사	1	夢見ることを できなくなったものは、	
7-02548	17970.13	대사	1	それより先、 生ける死者の国を歩む。	
7-02549	17970.14	대사	1	慎重に、慎重に、 静かに進むのじゃ。	
7-02550	17970.15	대사	1	なにしろ、これは最も危険なゲームじゃからな！	
7-02551	17990.0	대사	1	窓の向こうでは、 赤いローブに身を包んだ ムンクが	
7-02552	17990.1	대사	1	すみの方でなにかしている ようだった。	
7-02553	17990.2	대사	1	彼は多少神経質そうだった。	
7-02554	17995.0	대사	1	窓の中から、甘く、 にがい香りの煙が 漂い出てきた。	
7-02555	17995.1	대사	1	その煙を吸うと、 少し元気が 出たような気がした。	
7-02556	18000.0	대사	1	{01}永遠/{01}混沌/{02}夢/{01}幻/	
7-02557	18000.2	대사	1	汝が捜しているものは？	
7-02558	18005.0	대사	1	なら、他をあたるがよい。	
7-02559	18010.0	대사	1	{01}堕落した者/{01}夢を追い求める者/{01}希望を失った者/{03}生ける死者/	
7-02560	18010.2	대사	1	夢見るものの国を 歩めぬもとは？	
7-02561	18015.0	대사	1	まだ夢見るものの国へいたる準備はできておらぬ。	
7-02562	18020.0	대사	1	汝、夢見るものについて、 よく学ばれたようじゃな。	
7-02563	18025.0	대사	1	グラン・メランジの宮殿	
7-02564	18025.1	대사	1	夢見るものの国	
7-02565	18030.0	대사	1	宮殿はほの暗く、 中の方の部屋は	
7-02566	18030.1	대사	1	魅惑的にきらめいていた。 あたりには	
7-02567	18030.2	대사	1	弦楽器とフルートが奏でる	
7-02568	18030.3	대사	1	柔らかい音楽が 静かに流れていた。	
7-02569	18030.4	대사	1	そこは極めて清潔で、 天井から垂れ下がる	
7-02570	18030.5	대사	1	極彩色の絹のベールから、 壁を彩る様々な	
7-02571	18030.6	대사	1	エキゾチックな壁画まで、 みごとに調和が とられていた。	
7-02572	18030.7	대사	1	あたりの空気には、 甘く濃厚なお香の匂いが	
7-02573	18030.8	대사	1	満ちていたが、 それは決して 不愉快ではなかった。	
7-02574	18030.9	대사	1	振り向いてみると、 先ほどまで 誰もいなかったところに	
7-02575	18030.10	대사	1	物静かな人影が立っていた。	
7-02576	18050.2	대사	1	我らに加わるには 金５００が必要じゃ。 払うかな？	
7-02577	18055.0	대사	1	では、またの機会に…	
7-02578	18057.0	대사	1	金ができたときに 戻ってきなさい。	
7-02579	18060.0	대사	1	この後、 いつでも望むときに 来られよ。	
7-02580	18060.1	대사	1	汝、ここで汝自身の場所を 見いださねばならぬ。	
7-02581	18060.2	대사	1	夢見るものの国へ歩めるのは汝自身の場所のみ。	
7-02582	18060.3	대사	1	それがどこかを 教えられるものはいない。	
7-02583	18060.4	대사	1	汝自身が 見いださねばならぬ。	
7-02584	18060.5	대사	1	今から与える警告を 忘れてはならぬ。	
7-02585	18060.6	대사	1	夢の中で黒きドアを見たら、即座に引き返せ。	
7-02586	18067.0	대사	1	そこを通っていっては ならぬ。	
7-02587	18067.1	대사	1	それは生者と死者の国を 分かつ道。	
7-02588	18067.2	대사	1	その中に入れば、 狂気の司る国で	
7-02589	18067.3	대사	1	永遠にさまようことに なるであろう。	
7-02590	18067.4	대사	1	黒きドアを忘れてはならぬ！	
7-02591	18080.0	대사	1	部屋に降りて行くと、 宮殿の時とは まったく異なる、	
7-02592	18080.1	대사	1	恐怖にも似た 悪い予感が体中に走った。	
7-02593	18080.2	대사	1	部屋は空っぽだったが、 何かいるような気配がした。	
7-02594	18080.3	대사	1	なにか、 暗くて危険で汚いものが…	
7-02595	18080.4	대사	1	直感は、 早くここを出た方がいいと 告げていたが、	
7-02596	18080.5	대사	1	なにかが君たちを この部屋に釘付けにした。	
7-02597	18090.0	대사	1	ドアは漆黒で、 冷たく不浄な感じがした。 そして、	
7-02598	18090.1	대사	1	そこからは 破局の予感のようなものが 感じられた。	
7-02599	18090.2	대사	1	それは、通り抜けろと 誘っているかのように 感じられた。	
7-02600	18094.0	대사	1	君たちは忘却の中に 足を踏み入れた。	
7-02601	18096.0	대사	1	君たちは落ちていった 下へ… 下へ…	
7-02602	18096.1	대사	1	そして、いつのまにか 落下は止まっていた。	
7-02603	18096.2	대사	1	あたりは静寂で暗黒だった。	
7-02604	18096.3	대사	1	足元は しっかりしていたが、 そこにはなにも 見えなかった。	
7-02605	18096.4	대사	1	君たちの周りには、 ただ虚無があるだけだった。	
7-02606	18102.0	대사	1	パイプをふかした。 だが、何も起きなかった。	
7-02607	18104.0	대사	1	パイプをふかした。 と、まるで魔法のように 火がくすぶり始めた！	
7-02608	18104.1	대사	1	 スパ… スパ……	
7-02609	18104.2	대사	1	それは、たいして効果が なぁいぃよぉぉぉ だったぁぁ	
7-02610	18104.3	대사	1	そぉれぇほぉどぉ たぁぁぁくぅぅぅ さぁぁ…	
7-02611	18110.0	대사	1	遠くに、燃えさかる 炎のイメージが見え始めた。	
7-02612	18115.0	대사	1	君たちは、その業火の方に 近付いていった。 すると、炎の中に	
7-02613	18115.1	대사	1	なにかがあるのが 見えてきた。	
7-02614	18120.0	대사	1	それは 君たち自身の姿だった。	
7-02615	18120.1	대사	1	炎は大きくなり、 君たちは突然様々な 顔に取り囲まれた。	
7-02616	18120.2	대사	1	君たちが愛したもの、 そして 殺したものたちの顔に。	
7-02617	18120.3	대사	1	彼らの皮膚は泡立ち、 その眼球は膨らんで、	
7-02618	18120.4	대사	1	彼らが悲鳴を上げると同時に爆発した。	
7-02619	18120.5	대사	1	そして君たちは、 彼らが黒こげの 死体になるまで	
7-02620	18126.0	대사	1	眺め続けた。	
7-02621	18126.1	대사	1	彼らの悲鳴は 高笑いへと変わり、 その姿が灰になると、	
7-02622	18126.2	대사	1	今度は炎の中に 巨大な建物のようなものが 出現した。	
7-02623	18126.3	대사	1	君たちはこれがなにか とても重要なのだと 感じていたが、	
7-02624	18126.4	대사	1	やはりこれも 炎の中で燃え尽きていくまで眺めるだけだった。	
7-02625	18126.5	대사	1	炎は火の球となり、 その煙と灰は	
7-02626	18126.6	대사	1	火の球の周りを 取り巻くように	
7-02627	18126.7	대사	1	飛び回り始めた。	
7-02628	18126.8	대사	1	君たちは、この煙と灰と 火の球の天空を 眺め続けた。	
7-02629	18126.9	대사	1	その表面には無限とも思える文様が現れては消え、	
7-02630	18126.10	대사	1	一つの天空の中に また別の天空が、 暗黒の宇宙の中に	
7-02631	18126.11	대사	1	数千の太陽が 現れるのを眺め続けた。	
7-02632	18126.12	대사	1	数百万の惑星が、 暗黒の中へと 流れ込んでいった。	
7-02633	18126.13	대사	1	君たちの前で時間そのものも加速を始め、	
7-02634	18126.14	대사	1	君たちは国家、 そして世界の崩壊を 眺め続けた。	
7-02635	18126.15	대사	1	君たちは銀河の流れの中で 生命の進化を見守り、	
7-02636	18126.16	대사	1	その誕生と成長、 闘争と死を眺め続けた。	
7-02637	18126.17	대사	1	そして、すべてが 巨大な爆発となり、	
7-02638	18126.18	대사	1	時間そのものが 静止するまで眺め続けた。	
7-02639	18126.19	대사	1	再び、静寂と暗黒が訪れた。	
7-02640	18160.0	대사	1	それは君たちが 認識できないなにか…	
7-02641	18160.1	대사	1	それはなにか新しいこと…	
7-02642	18160.2	대사	1	それは炎から出て、 炎は消えた…	
7-02643	18160.3	대사	1	それはなにか美しいもの…	
7-02644	18160.4	대사	1	完璧な優雅さで、 それは君たちの 目の前に立った。	
7-02645	18170.0	대사	1	私は生命の精。 そして、創造と破壊の	
7-02646	18170.1	대사	1	すべてを統一する精。	
7-02647	18170.2	대사	1	あなたは命あるものの驚異、命なきものの虚無、	
7-02648	18170.3	대사	1	そしてこの不死なる精神の 持つべきものを	
7-02649	18170.4	대사	1	その目で見た。	
7-02650	18170.5	대사	1	これは根となる種、そして	
7-02651	18170.6	대사	1	すべての生けるものの 心であり精神。	
7-02652	18170.7	대사	1	恐れることはない。 あなたはあなた自身のための	
7-02653	18170.8	대사	1	選択の権利を得た。 選択は他には さしたる意味もない。	
7-02654	18170.9	대사	1	あなたの、 そしてすべての 生けるものの行い、	
7-02655	18170.10	대사	1	すなわち 息をすることこそ、 生命にとって	
7-02656	18181.0	대사	1	欠かせぬ行い。	
7-02657	18181.1	대사	1	さぁ、 あなたたちの助けとなる、 聖なる力への道を 選びなさい。	
7-02658	18185.0	대사	1	{02}剣/{03}杖/{04}ガウン/{05}指輪/{06}石/	
7-02659	18185.1	대사	1	５つの品、	
7-02660	18185.2	대사	1	剣、杖、ガウン、指輪、石のどれを手にするか？	
7-02661	18190.0	대사	1	そうしなさい…	
7-02662	18192.0	대사	1	君たちは奇跡を見た。	
7-02663	18192.1	대사	1	だが、目を開けると、 その記憶は薄れていった。	
7-02664	18192.2	대사	1	それは、 死せる定めのものの 心の常、	
7-02665	18192.3	대사	1	そして、だからこそ 再び見ることもできる。	
7-02666	18192.4	대사	1	これこそ、生命、宇宙、 このすべてが死に、	
7-02667	18192.5	대사	1	そして生まれ変わることの 理由…	
7-02668	18192.6	대사	1	忘れることを恐れてはならぬそれよりも新たなる瞬間を	
7-02669	18192.7	대사	1	記憶に残すのだ。	
7-02670	18300.0	대사	1	石の台座の上に、 黄金の壷が乗っていた。 その底の部分は、	
7-02671	18300.1	대사	4	石の中に填り込んでいた。	
7-02672	18300.2	대사	4	壷は様々な文様に彩られ、	
7-02673	18300.3	대사	4	その周りの石にも 様々なルーン文字が 彫り込まれていた。	
7-02674	18310.0	대사	1	石の台座の上に、 白銀の壷が乗っていた。 その底の部分は、	
7-02675	18320.0	대사	1	石の台座の上に、 緑の壷が乗っていた。 その底の部分は、	
7-02676	18330.0	대사	1	石の台座の上に、 銅の壷が乗っていた。 その底の部分は、	
7-02677	18340.0	대사	2	君たちは不透明の石を 像の上に掲げた。	
7-02678	18340.1	대사	1	だがなにも起きなかった。	
7-02679	18350.0	대사	1	君たちは宝石を壷の中に落し	
7-02680	18350.1	대사	1	それが魔法のように 消えてしまうのを見つめた。	
7-02681	18355.1	대사	1	と、石が輝き始めた。	
7-02682	18355.2	대사	1	そして、 像の目も光り始めた！	
7-02683	18355.3	대사	1	続いて、 まばゆいばかりの 白光がほとばしった。	
7-02684	18360.0	대사	1	君たちは、 重苦しい感じのする 部屋に立っていた。	
7-02685	18360.1	대사	1	冷たいそよ風が、 あたりに新鮮な空気を もたらしていた。	
7-02686	18360.2	대사	1	だが、その風が どこから吹いてくるのかは	
7-02687	18360.3	대사	1	わからなかった。	
7-02688	18360.4	대사	1	そこに誰かが 潜んでいるという 証拠はなかったが、	
7-02689	18360.5	대사	1	ここが無人であると 決めつけることも できなかった。	
7-02690	18370.0	대사	1	像の側に立ってみると、 それは前より 陽気そうに見えた。	
7-02691	18370.1	대사	2	石はまるで昨日彫られた かのように美しく、	
7-02692	18370.2	대사	4	その土台にこびりついた 錆だけが、	
7-02693	18370.4	대사	1	その像の荘厳な顔を 見上げると、 それは微かに 微笑んでいるようで、	
7-02694	18370.5	대사	1	瞳は今にも輝き始める かのように見えた。	
7-02695	18380.1	대사	5	その下から次のように 書かれた金属板が現れた。	
7-02696	18380.2	대사	1	　　　　寺院の建立者　　　	
7-02697	18390.0	대사	1	水の中には、ダイヤから 掘り出された 宝石のコインがあった。	
7-02698	18390.1	대사	1	その表面には、 髭を生やして目を輝かせた、	
7-02699	18390.2	대사	1	おなじみの顔が 彫られていた。	
7-02700	18395.0	대사	1	水の中には、 琥珀から掘り出された 宝石のコインがあった。	
7-02701	18395.1	대사	1	その表面には、 輝く太陽のイメージが 彫られていた。	
7-02702	18400.0	대사	1	水の中には、 ルビーから掘り出された 宝石のコインがあった。	
7-02703	18400.1	대사	1	その表面には、 不思議な壷の絵が 彫られていた。	
7-02704	18405.0	대사	1	水の中には、 エメラルドから掘り出された宝石のコインがあった。	
7-02705	18405.1	대사	1	その表面には、 聖なる寺院のシンボルが 彫られていた。	
7-02706	18500.0	대사	1	　　　　アイラン川　　　　	
7-02707	18500.1	대사	1	　　　ムンクハラマ橋　　　	
7-02708	18500.2	대사	1	その標識は 時代遅れの代物だった。 なにしろ、そこには	
7-02709	18500.3	대사	1	橋らしきものは まったく 存在しなかったのである。	
7-02710	18500.4	대사	1	そのかわり、 川の両岸の大きな木の間に、	
7-02711	18500.5	대사	1	長い鉄製の ケーブルが渡されていた。 おそらく、これは	
7-02712	18500.6	대사	1	どうにかして使うことが できるのだろう。	
7-02713	18510.0	대사	1	近くの川岸から、 なにか不思議な物音、	
7-02714	18510.1	대사	1	誰かがうなっているような 音が聞こえてきた。	
7-02715	18510.2	대사	1	しばらくして、それは歌、 それもかなり	
7-02716	18510.3	대사	1	調子はずれに歌われている もののように思えてきた。	
7-02717	18510.4	대사	1	その歌い手は、もしかすると耳が不自由なのか、	
7-02718	18510.5	대사	1	近くにいる動物を 脅かそうとしているのか、 そうでなければ	
7-02719	18510.6	대사	1	苦痛に苦しんでいるのかも しれなかった。	
7-02720	18510.7	대사	1	そして、うなっている人物が川岸から現れた。	
7-02721	18510.8	대사	1	彼は枯葉や泥を ローブから叩き落して 君たちの方を振り向き、	
7-02722	18510.9	대사	1	寛大にも、その地獄の独唱をしばし中断して、	
7-02723	18510.10	대사	1	君たちの方に 歩みよってきた。	
7-02724	18530.0	대사	1	ようこそ、ブラザー！	
7-02725	18530.2	대사	1	と言っても、 橋があったときのこと。 今は、私はただここに	
7-02726	18530.3	대사	1	いるだけで、 まぁ、その… 気にしないでくれ。	
7-02727	18535.0	대사	1	{01}斬らざる者聞くことあたわず/{01}斬らざる人聞くことあたわず/{01}聞かざる人斬ることあたわず/{02}聞かざる者斬ることあたわず/	
7-02728	18535.2	대사	1	ブラザー、 私はなにをすればよい？	
7-02729	18540.2	대사	1	聖なる都市、ムンクハラマへ行かれるのか？	
7-02730	18545.0	대사	1	では、私には 関わりもないこと…	
7-02731	18550.0	대사	1	ならば、私と出会われたのは幸運じゃ。 昨今では、	
7-02732	18550.1	대사	1	このダーク・フォレストにも 悪さをするムンクが	
7-02733	18550.2	대사	1	でるようになって、 危なくなったからなぁ。	
7-02734	18550.3	대사	1	奴らは地下の世界から 出てきた。 聖なる道の教えは	
7-02735	18550.4	대사	1	ブラザーには親切にと説くが私は奴らを切り殺したい…	
7-02736	18550.5	대사	1	おっと…も、もちろん、 彼らにも善はある。	
7-02737	18550.6	대사	1	ただそれを歩まんだけで… わかるだろう？	
7-02738	18550.7	대사	1	普通なら、奴らは森にいるかニューシティーで	
7-02739	18550.8	대사	1	悪さをしているのだが、 最近は少し様子が変わって	
7-02740	18550.9	대사	1	聖なる都市に よこしまな興味を 抱き始めておる。	
7-02741	18550.10	대사	1	私が考えるところでは、 奴らは不敬なるダーンと	
7-02742	18561.0	대사	1	手を組んで、 なにかとんでもないことを 企んでおる。	
7-02743	18561.1	대사	1	おっと… 哀れなダーンのブラザー、 彼らは	
7-02744	18561.2	대사	1	誤った道に入り込んで 迷っておる。 真の道から遠く、	
7-02745	18561.3	대사	1	本当に遠いところで さまよっているのだ。	
7-02746	18570.0	대사	1	{06}はい/{01}いいえ/	
7-02747	18570.2	대사	1	川を渡りたいかね？	
7-02748	18575.0	대사	1	よろしい！	
7-02749	18577.0	대사	1	金がないではないか！	
7-02750	18580.0	대사	3	{07}いいえ/{08}はい/	
7-02751	18580.2	대사	1	ウム…では、ま、寄進として金１５０を置いていくかね？	
7-02752	18585.0	대사	1	フム！	
7-02753	18585.1	대사	1	道の鋭き先に 突き刺されるがよい！	
7-02754	18650.0	대사	1	ブラザー・ツォーバーは 木の上に登り、奇妙な形の	
7-02755	18650.1	대사	1	ホイールとハンドルを、 川を渡るケーブルにかけた。	
7-02756	18650.2	대사	1	そして、 強く二三度確かめるように それを引き、	
7-02757	18650.3	대사	1	ハンドルをつかんで 君たちに近付いた。	
7-02758	18650.4	대사	1	準備が整うと、 彼はクランクを回し始めた。	
7-02759	18660.0	대사	1	無事着地した後、 君たちは彼のとんでもない 仕掛にあらためて	
7-02760	18660.1	대사	1	驚きを感じた。 そして、彼がいつから これを使っているのか、	
7-02761	18660.2	대사	1	そもそも橋は本当に あったのかどうかを 疑い始めた。	
7-02762	18670.0	대사	1	聞くことあたうる者に 感謝せよ！	
7-02763	18670.1	대사	1	聖なる道を学んでおるな！	
7-02764	18670.2	대사	1	一目見たときに わかったわい！	
7-02765	18675.0	대사	3	\nいいえ/{0B}はい/	
7-02766	18675.2	대사	1	聖なる道のりを 先へ進むために、 危険であっても 構わんかね？	
7-02767	18680.0	대사	1	よろしい、それでは…	
7-02768	18685.0	대사	1	聖なる都市の下にある、 ムンクハラマの 隠された寺院への道を	
7-02769	18685.1	대사	1	見いださねばならぬ。	
7-02770	18685.2	대사	1	寺院は、時の始まり、 そして天国が創られたとき、	
7-02771	18685.3	대사	1	聖なる任務を守るために 作られた。	
7-02772	18685.4	대사	1	だが、罪多き ダーク・フォレストの 不信心者ども、	
7-02773	18685.5	대사	1	聖なる雷光で 焼かれてしまえばよい者ども によって、	
7-02774	18685.6	대사	1	寺院は地下の奥深くに 隠されてしまった。	
7-02775	18685.7	대사	1	奴らは、聖なる任務の秘密を明かそうとしておるのだ！	
7-02776	18685.8	대사	1	だが、そこへ至れるのは 真の道を知る者のみ。	
7-02777	18685.9	대사	1	寺院の奥底では、 川から流れ込んだ地下水が	
7-02778	18695.0	대사	1	その床にあふれておる。	
7-02779	18695.1	대사	1	我ら正しき者は、 その先に安全と	
7-02780	18695.2	대사	1	聖なる任務があることを 知っておる。	
7-02781	18695.3	대사	1	ダーク・フォレストの、 道を踏み外した	
7-02782	18695.4	대사	1	哀れな不信心のムンクたちを退け、	
7-02783	18695.5	대사	1	水のあふれるところを 捜すのだ。	
7-02784	18695.6	대사	1	金の顔の横、 そこに真の道あり！	
7-02785	18695.7	대사	1	聖なる任務を一度得たなら、 それをマスター・ゼン	
7-02786	18695.8	대사	1	五花術の達人に 渡すがよい。	
7-02787	18695.9	대사	1	彼は聖なる言葉に 応えるだろう。	
7-02788	18695.10	대사	1	聞かざるもの、 斬ることあたわず、	
7-02789	18695.11	대사	1	”聞くことあたうる者に 感謝せよ！”	
7-02790	18695.12	대사	1	彼にこう告げるか、 彼が唱え始めたら、 その後を受けよ。	
7-02791	18695.13	대사	1	それによりて、彼は汝を 聖なる道の探索者と認めん。	
7-02792	18695.14	대사	1	そして、ブラザー、汝自身もこれが必要になるだろう！	
7-02793	18730.0	대사	1	{01}{01}ﾌﾞﾗｻﾞｰ･ﾓｰｻﾞ/	
7-02794	18750.0	대사	1	ケーブルに ワゴンを取り付けると、	
7-02795	18750.1	대사	1	君たちはクランクを回して 川を渡り始めた。	
7-02796	18810.0	대사	1	君たちは 心地よい田園風景の中に 立っていた。	
7-02797	18810.1	대사	1	空気は新鮮で、 修行を積んでいる ムンクたちの声が、	
7-02798	18810.2	대사	1	彼らの動きと 共に近付いてきた。	
7-02799	18810.3	대사	1	と、若いムンクが 君たちに気づくと、	
7-02800	18810.4	대사	1	小さな叫び声と共に 君たちの方を指さした。	
7-02801	18810.5	대사	1	他のムンクたちは すぐに君たちの方を見て、	
7-02802	18810.6	대사	1	叫び声を上げながら 道場の方に 走りさっていった。	
7-02803	18820.0	대사	1	　　　ジーン・ゼン　　　　	
7-02804	18820.1	대사	1	　　　五花の道場　　　　　	
7-02805	18830.0	대사	1	道場の中に入ると、 修行中のムンクたちは	
7-02806	18830.1	대사	1	近付いてくる君たちのことを目を見開いて	
7-02807	18830.2	대사	1	見つめた。	
7-02808	18830.3	대사	1	あたりに、手を叩く 大きな音が響いた。	
7-02809	18830.4	대사	1	すると、瞬き一つするか しないかのうちに、	
7-02810	18830.5	대사	1	周りにいた若いムンクたちは必死になって	
7-02811	18830.6	대사	1	どこかに 消えようとしはじめた。 だが、	
7-02812	18830.7	대사	1	あちらこちらに いきかう足音や、 たまに聞こえる	
7-02813	18830.8	대사	1	忍び笑いのせいで、 道場が空っぽだと 信じることなど	
7-02814	18839.0	대사	1	到底できなかった。	
7-02815	18839.1	대사	1	しかし、それを補って 余りあるほどに、	
7-02816	18839.2	대사	1	道場の主は忽然と現れた。	
7-02817	18839.3	대사	1	彼があまりにも 突然現れたので、	
7-02818	18839.4	대사	1	どこかから動いてきた 思うよりは、	
7-02819	18839.5	대사	1	空気の中から 現れたと思った方が よいほどだった。	
7-02820	18850.0	대사	1	{01}汝、神の声を聞け/{01}光を授ける者に感謝せよ/{02}聞く事あたうる者に感謝せよ/{01}聞く者、神の声を信じよ/	
7-02821	18850.2	대사	1	聞かざるもの、 斬ることはあたわず！	
7-02822	18855.0	대사	1	聖なる道に関して、 よく学ばれたようじゃな。	
7-02823	18855.1	대사	1	いつかやってくると 思っておったよ。	
7-02824	18860.2	대사	1	聖なる任務を 手に入れたかな？	
7-02825	18865.0	대사	1	気をつけよ！ 汝の過ち、習慣となるぞ！	
7-02826	18865.1	대사	1	行け！ そして聖なる任務を 得るまで戻るでない！	
7-02827	18870.0	대사	7	{06}いいえ/{07}はい/	
7-02828	18870.2	대사	1	よろしい。 では、渡してもらえるかな？	
7-02829	18875.0	대사	1	ならば、汝、与えたと 相等しいものを受けよ！	
7-02830	18880.0	대사	1	おぉ、おぉ！よくやった、 よくやった！	
7-02831	18880.1	대사	1	さて、お前はこれから 自分の道を行くか、	
7-02832	18880.2	대사	1	それとも聖なる道を極めて 五花の術を学ぶかを	
7-02833	18880.3	대사	1	決めねばならぬ。	
7-02834	18880.4	대사	1	もし運命が 他の道を命じるなら、	
7-02835	18880.5	대사	1	私はその努力を助けよう。	
7-02836	18880.6	대사	1	もし五花術の道を選ぶなら、私が教えてしんぜよう。	
7-02837	18880.7	대사	1	だが、その前に 犠牲をなさねばならぬぞ。	
7-02838	18895.0	대사	2	{0C}いいえ/{0D}はい/	
7-02839	18895.2	대사	1	五花術を学ぶか？	
7-02840	18900.0	대사	1	汝の運命は汝自身のもの…	
7-02841	18900.1	대사	1	ニューシティーの修道院で ファーザー・ルラエを 捜せ。	
7-02842	18900.2	대사	1	彼に聖なる儀式を 学んだと告げよ。 さすれば、汝の旅の	
7-02843	18900.3	대사	2	助けが得られよう。	
7-02844	18905.0	대사	1	ようこそ、ブラザー。	
7-02845	18905.1	대사	1	運命が汝の行いを うけいれんことを…	
7-02846	18905.2	대사	1	{01}{01}ｺﾞｶ/	
7-02847	18910.0	대사	1	ニューシティーの修道院で ファーザー・ルラエを捜せ。	
7-02848	18910.1	대사	1	彼に聖なる儀式を学んだ と告げよ。 さすれば、汝の旅の	
7-02849	18910.3	대사	1	追伸 五花術の秘密は わかったかな？	
7-02850	18910.4	대사	1	赤いバラと 青いミシア、黄色のリオンと紫のプラム	
7-02851	18915.0	대사	1	これらを合わせて、 最後に白きダリアの	
7-02852	18915.1	대사	1	溶けたるものを加えよ。	
7-02853	18915.2	대사	1	運命が微笑まんことを！	
7-02854	18920.0	대사	1	なら、そうするがよい。	
7-02855	18920.1	대사	1	五花術の道場は 汝の入門を認める。	
7-02856	18920.2	대사	1	アクパイルの山で、 バラとプラムとリオンと	
7-02857	18920.3	대사	1	ミシアとダリアを 捜してまいれ。	
7-02858	18920.4	대사	1	これをすべて集めたら、 戻りて私を捜せ。	
7-02859	18920.5	대사	1	それと、奥の部屋に、 特別の装束が 用意してある。	
7-02860	18920.6	대사	1	今から、 それを着ることを許す。	
7-02861	18920.7	대사	1	みつけたものを賢く使え。	
7-02862	18930.0	대사	1	この先へ進めるのは、 聖なる道を	
7-02863	18930.1	대사	1	歩むもののみ。	
7-02864	18940.0	대사	1	道場は空だった。	
7-02865	18940.1	대사	1	今回は本当に誰もおらず、 若いムンクも マスター・ゼンも	
7-02866	18940.2	대사	1	いないようだった。	
7-02867	18945.0	대사	1	足元に、封がされた文書が	
7-02868	18945.1	대사	1	置かれていた。	
7-02869	19000.1	대사	1	　　　ニクタリンス　　　　	
7-02870	19010.0	대사	1	町の入り口のところで、 君たちは、悪臭を放ち	
7-02871	19010.1	대사	1	口から汚い泡のようなものを吐き、歩いた後に茶色の	
7-02872	19010.2	대사	1	粘液をひきずる ティーラングを 目にした。	
7-02873	19010.3	대사	1	ひっかくような、 そしてシュっというような 音を交えて、	
7-02874	19010.4	대사	1	それはなにか喋り始めた。	
7-02875	19020.0	대사	1	シーッッッ、ウォッチャーがお前らが来ると いっておった。	
7-02876	19020.1	대사	1	入ってもよいが、覚悟しろ。	
7-02877	19020.2	대사	1	わしらは、 お前らは好きではない！	
7-02878	19020.3	대사	1	執務室へ行け！	
7-02879	19020.4	대사	1	エイチジェン・ラ・ ティーラングが お待ちだ。	
7-02880	19020.5	대사	1	我らをあざむこう などとするなよ！	
7-02881	19030.0	대사	1	ニクタリンスの町は、 まさに廃墟になろうと していた。	
7-02882	19030.1	대사	1	かっての北国の都も、 今は雑草と瓦礫の中に	
7-02883	19030.2	대사	1	埋まろうとしていた。	
7-02884	19030.3	대사	1	時たま、遠くの方に 一団のティーラングを 見かけた。	
7-02885	19030.4	대사	1	それらは、四本の脚を カニのように動かして、	
7-02886	19030.5	대사	1	横歩きで素早く建物から 建物へと動いていた。	
7-02887	19030.6	대사	1	それらは常に奇妙な具合に 頭を揺り動かしており、	
7-02888	19030.7	대사	1	その様子からすると、 どこか 具合でも悪いのか、	
7-02889	19038.0	대사	1	外にいるのがとても 不安なのかのように 感じられた。	
7-02890	19038.1	대사	1	そして、その歩いた後には 必ず茶色の跡が残っていた。	
7-02891	19038.2	대사	1	ティーラングは、 ニクタリンスを この惑星における	
7-02892	19038.3	대사	1	仮のすみかにしたことは 明らかだった。そして	
7-02893	19038.4	대사	1	その荒れ様からすると、 彼らの選択は実に	
7-02894	19038.5	대사	1	的確なように思われた。	
7-02895	19050.0	대사	1	　　　　　家畜　　　　　　	
7-02896	19050.1	대사	1	　　　　　飼育場　　　　　	
7-02897	19055.0	대사	1	建物の中に入った途端、 そこが 動物を飼育するために	
7-02898	19055.1	대사	1	建てられたものでないことはすぐにわかった。	
7-02899	19055.2	대사	1	壁に描かれた、 消えかけている 壁画の様子などからして、	
7-02900	19055.3	대사	1	そこが畜殺場で あるはずがなかった。	
7-02901	19055.4	대사	1	ティーラングにとって、 その建物が どういった目的を	
7-02902	19055.5	대사	1	持っていたのか ということや、美や芸術 といった概念は、	
7-02903	19055.6	대사	1	まったく考慮すべき 対象ではないようだった。	
7-02904	19055.7	대사	1	彼らにとって、建物は 単なる保存場所なのである。	
7-02905	19055.8	대사	1	かっては人々に信仰を与えたこの教会も、	
7-02906	19055.9	대사	1	今は捕らわれた動物たちの 汚物にまみれた	
7-02907	19055.10	대사	1	畜殺の場と化していた。	
7-02908	19070.0	대사	1	小さな聖堂の 中に進んで行くと、 おびえた虫の群が	
7-02909	19070.1	대사	2	襲いかかってきた。	
7-02910	19075.0	대사	1	後でティーラングの誰かが、どうして家畜が	
7-02911	19075.1	대사	1	突然死んでしまったのか、 言い訳するはめに なるだろう。	
7-02912	19075.2	대사	1	だが、それを喜んで 受け入れてくれるものは いないに違いない。	
7-02913	19080.0	대사	1	壁の小さなくぼみには なにもなかったが、 それでも壁のあたりに	
7-02914	19080.1	대사	1	かすかなイメージが 残っていた。	
7-02915	19080.2	대사	1	それは、 背が低くずんぐりした人々が天空のまばゆい光の前に	
7-02916	19080.3	대사	1	膝まづいている光景だった。 その光の中の巨大な人影は、	
7-02917	19080.4	대사	1	なにかスクロール のようなものを 手渡そうとしていた。	
7-02918	19090.0	대사	1	その壁から、 妙に親しみを感じる 幽霊が現れた。	
7-02919	19092.0	대사	1	ついて来なさい！	
7-02920	19094.0	대사	1	壁を通り抜けた瞬間、 君たちは 実体がなくなったのは	
7-02921	19095.0	대사	1	壁の岩なのか、 それとも自分たち自身なのか不思議に思った。	
7-02922	19095.1	대사	1	いずれにしても、 今通りすぎたばかりの 岩壁は、	
7-02923	19095.2	대사	1	触ってみると、 再びその堅い実体を 取り戻してしまった	
7-02924	19100.0	대사	1	小さな地下室の 石の祭壇の上には、	
7-02925	19100.1	대사	1	きらめく宝石で飾られた杖が置かれていた。	
7-02926	19100.2	대사	1	突然、泣きわめくような 悲鳴が聞こえてきた！	
7-02927	19105.0	대사	1	壁を通り抜けてきた幽霊は、暴れまわりながら 突進してきた。	
7-02928	19105.1	대사	1	そして、祭壇の上の 宝石の杖を掴むと、 気が狂ったような	
7-02929	19105.2	대사	1	笑い声を上げながら 反対側へと消え去った。	
7-02930	19110.0	대사	1	君たちは、 小さな人形を擦ってみた。	
7-02931	19110.1	대사	1	一瞬の後、君たちは もう一つの地下室の方から 聞こえる	
7-02932	19110.2	대사	1	足音と話し声に驚かされた。	
7-02933	19110.3	대사	1	と、突然、 もう一方の地下室から 悲鳴が聞こえてきた！	
7-02934	19120.0	대사	1	壁を突き抜けて、 満足そうな雰囲気の幽霊が、飛び込んできた。	
7-02935	19120.1	대사	1	その手には、 魔法の杖らしきものが 握られていた。	
7-02936	19120.2	대사	1	幽霊は君たちの 存在に気がつくと、 心底驚いたように	
7-02937	19120.3	대사	1	そこで立ち止まった。	
7-02938	19120.4	대사	1	幽霊は目を丸くして 君たちを見つめた。	
7-02939	19120.5	대사	1	もと来た地下室の壁に 向かったかと思うと、 再び君たちの方に	
7-02940	19120.6	대사	1	向かい、 声にならない叫びを上げた。	
7-02941	19120.7	대사	1	混乱した様子の幽霊は、 掴んでいた杖を取り落とし、	
7-02942	19120.8	대사	1	かわりに君たちが持っていた人形を奪い取ると、	
7-02943	19120.9	대사	1	壁の向こうへと消え去った。	
7-02944	19135.0	대사	1	二本の柱の間には、 低いハム音を響かせながら	
7-02945	19135.1	대사	1	エネルギー・フィールドが 脈動していた。	
7-02946	19135.2	대사	1	それは、 その先に入ろうとする 侵入者を	
7-02947	19135.3	대사	1	止めるバリアのようだった。	
7-02948	19145.0	대사	1	幽霊から手に入れた 宝石の杖を手に持つと、 なんの苦もなく	
7-02949	19145.1	대사	1	バリアを通り抜けることが できた。	
7-02950	19150.0	대사	1	　　　ビレット・カネベ　　	
7-02951	19150.1	대사	1	　　　ここに眠る　　　　　	
7-02952	19155.0	대사	1	墓は古く、 ほこりをかぶっており、 数世代分の蜘蛛の巣が	
7-02953	19156.0	대사	1	何層も重なりあっていた。	
7-02954	19156.1	대사	1	暗い墓の中を のぞき込んでみると、	
7-02955	19156.2	대사	1	そこには棺はなく、 古い箱が置いてあった。	
7-02956	19160.0	대사	1	だが、その周囲には たくさんの 足跡が残っており、	
7-02957	19160.1	대사	1	君たちの前に誰かがここを 暴いてしまっていた ようだった。	
7-02958	19165.0	대사	1	そして、物陰に なにかがいた！	
7-02959	19170.0	대사	1	箱の中には、奇麗な形で 保管された古い文書の	
7-02960	19170.1	대사	1	一部が残っていた。 その文書には、 様々な伝説などが	
7-02961	19170.2	대사	1	記されていた。	
7-02962	19175.0	대사	1	そして、箱の中には 何も残っていなかった。	
7-02963	19180.0	대사	3	　　ティーラング帝国　　　	
7-02964	19180.1	대사	1	　　　戦術兵站部　　　　　	
7-02965	19190.0	대사	1	扉は鋼鉄で頑丈に 補強されており、 絶対に不審な	
7-02966	19190.1	대사	1	侵入者を許さないように なっていた。	
7-02967	19190.2	대사	1	扉の掛け金のところには 金属の塊がくっついており、	
7-02968	19190.3	대사	1	そこに指が入るくらいの穴が開いていた。	
7-02969	19205.0	대사	1	君たちは透明な杖を 穴に入れてみた。	
7-02970	19210.0	대사	1	兵站部の中には、 奇妙な槍のような 武器の柵があった。	
7-02971	19215.0	대사	1	兵站部の中に入ってみると、中では一団の ティーラングたちが	
7-02972	19215.1	대사	1	小さな携帯型の装置を使って忙しそうに仕事をしていた。	
7-02973	19215.2	대사	1	彼らは即座に攻撃を 仕掛けてきた！	
7-02974	19220.0	대사	1	部屋の中を捜してみると、 奇妙な文字、印や矢印が	
7-02975	19220.1	대사	1	たくさん記された、 なにかの装置を 分解するための	
7-02976	19220.2	대사	1	かなりぞんざいな 説明書がみつかった。	
7-02977	19220.3	대사	1	その文書のすみには、 その装置の完成図も 描かれていた。	
7-02978	19220.4	대사	1	それはなにかの光線を 発するものらしく、 その通り道に	
7-02979	19220.5	대사	1	あるものを破壊する効果が あるようだった。	
7-02980	19220.6	대사	1	君たちは、 これをみてこの生き物たちの知性を疑った。	
7-02981	19220.7	대사	1	剣を二三度振り回せば すむことのために、 こんな面倒な	
7-02982	19220.8	대사	1	機械を使うということが 信じられなかったのである。	
7-02983	19230.1	대사	1	　　　　保安部　　　　　　	
7-02984	19235.0	대사	1	壁のところに、 透明のシリンダーが 何本もぶらさがっていた。	
7-02985	19236.0	대사	1	その大きさは、 ちょうど指くらいの 太さだった。	
7-02986	19236.1	대사	1	慎重に臭いをかいでみたが、なにも臭わなかった。	
7-02987	19236.2	대사	1	そのうちの一つを 口に入れてみたが、 味はほとんどせず、	
7-02988	19236.3	대사	1	食べられる感じでもなかったおそらく、 これには他の使い道が	
7-02989	19236.4	대사	1	あるとしか思えなかったが、今のところそれをどこかに	
7-02990	19236.5	대사	1	入れてみたいとは 思わなかった。	
7-02991	19250.1	대사	1	　　　　執務室　　　　　　	
7-02992	19255.0	대사	1	シーーッッ！ お前がウォッチャーが 言っていた者か。	
7-02993	19255.1	대사	1	エイチジェン・ラ・ ティーラングがお待ちだ。	
7-02994	19260.0	대사	1	ティーラングの集団が 部屋のすみに集まって、	
7-02995	19260.1	대사	1	君たちの一挙手一動を 注視していた。	
7-02996	19260.2	대사	1	そのうちの一人が 三本の手でドアの方を 指し示した。	
7-02997	19260.3	대사	1	明らかに、そちらへ進めと 命じているようだった。	
7-02998	19265.0	대사	1	シーーッッ！ こちらではない！	
7-02999	19270.0	대사	1	　　　　　皇帝　　　　　　	
7-03000	19270.1	대사	1	　　　　　御所　　　　　　	
7-03001	19275.0	대사	1	君たちの両側には数十名の ティーラングが立ち、	
7-03002	19275.1	대사	1	もしほんの少しでも不審な 動きをすれば、即座に	
7-03003	19275.2	대사	1	攻撃を仕掛ける構えを 見せていた。	
7-03004	19275.3	대사	1	北側に小さな窓があり、 数百本の手が一斉に	
7-03005	19275.4	대사	1	そちらの方を指さした。	
7-03006	19285.0	대사	1	君たちは窓の前に進み、 中をのぞき込んだ。	
7-03007	19285.1	대사	1	だが、なにも見えず、 君たちは そこでじっと待った。	
7-03008	19285.2	대사	1	ゆっくりと、窓の向こう側で茶色の丸い物体が動き、	
7-03009	19285.3	대사	1	泡とよだれのようなものを 口から吹き出しながら、	
7-03010	19285.4	대사	1	重苦しい声で話し始めた。	
7-03011	19300.0	대사	1	シィィィッッッ！わしはエイチジェン・ラ・ ティーラング。	
7-03012	19300.1	대사	1	わしはお前らなど 信用しておらん。	
7-03013	19300.2	대사	1	だが、お前らには 使い道がある。	
7-03014	19300.3	대사	1	まず、テストだ！	
7-03015	19300.4	대사	1	お前らを シュリチのところへ送る。	
7-03016	19300.5	대사	1	メッセージを持って行け。	
7-03017	19300.6	대사	1	エイチジェン・ラが こう言ったと伝えろ。	
7-03018	19307.0	대사	1	殺せ！	
7-03019	19307.1	대사	1	わしらはお前らの動きを 見はっておる。	
7-03020	19307.2	대사	1	行け。	
7-03021	19307.3	대사	1	アンスラキャックスが お前らを運ぶ。	
7-03022	19307.4	대사	1	もし生き残れればだがな！ ハ、ハ、シィィッッッ！	
7-03023	19315.0	대사	1	太った茶色い生き物は、 君たちが メッセージのことを	
7-03024	19315.1	대사	1	考えている間に、 ゆっくりと 窓のところから離れた。	
7-03025	19320.0	대사	1	君たちが進もうとすると、 ティーラングの一団は	
7-03026	19320.1	대사	1	片側によった。 そして、 一斉に西側の扉の方を	
7-03027	19320.2	대사	1	指さした。	
7-03028	19325.0	대사	1	　　　ティーラング帝国　　	
7-03029	19325.1	대사	1	　　アンスラキャックス　　	
7-03030	19335.0	대사	1	レバーを引くと、 低いハム音が響き、	
7-03031	19335.1	대사	1	部屋は淡く青い光に 包まれた。	
7-03032	19345.0	대사	1	次の瞬間、 青い光は消え去った。	
7-03033	19350.0	대사	1	ティーラングの守衛たちは、君たちの姿に多少戸惑った	
7-03034	19350.1	대사	1	ようだったが、 即座に脇に退いて、 エイチジェン・ラのいる	
7-03035	19350.2	대사	1	窓に進む道を開けた。	
7-03036	19360.0	대사	1	戻ってきたなシィィィッッ！	
7-03037	19360.1	대사	1	シュリチ・ティーラングは 強い。	
7-03038	19360.2	대사	1	強すぎるのかもしれん。 では、次のテストだ。	
7-03039	19360.3	대사	1	ネズミ男どもの 居場所を捜せ。	
7-03040	19360.4	대사	1	ウォッチャーの報告では、 その地下に別の場所が あるはずだ。	
7-03041	19360.5	대사	1	六つの槍の柵の後ろに、 ボートの地図がある。	
7-03042	19360.6	대사	1	報告では、 一は三より前ではなく、	
7-03043	19360.7	대사	1	二の前でもない。 一は六の後、	
7-03044	19360.8	대사	1	最初は五、	
7-03045	19360.9	대사	1	続いて三の後の四。	
7-03046	19360.10	대사	1	その後、道は開ける。	
7-03047	19360.11	대사	1	行け。 そしてボートの地図を 持って帰れ。	
7-03048	19360.12	대사	1	他の場所へ赴けば、 死が待っているであろう。	
7-03049	19360.13	대사	1	覚えておけ。	
7-03050	19360.14	대사	1	ウォッチャーが 常に見張っておるぞ！	
7-03051	19380.0	대사	1	ティーラングの一団は 動揺しているのか、	
7-03052	19380.1	대사	1	そこでしばらく 立ち止まっていた。	
7-03053	19380.2	대사	1	彼らは君たちを西のドアへと進ませた。	
7-03054	19385.0	대사	1	シィィィッッッ！ボートの地図を 手にするまで戻るな！	
7-03055	19390.0	대사	1	シィィッッッッ！ よし、よし！	
7-03056	19390.1	대사	1	さぁ、エイチジェン・ラに 証明してみせよ！	
7-03057	19392.0	대사	1	暗き脅威に仕えるもの！	
7-03058	19392.1	대사	1	我らを 見張っておるものども！	
7-03059	19392.2	대사	1	我ら、 もはや彼らの存在を認めん！	
7-03060	19392.3	대사	1	赤い印の建物に奴らはおる！	
7-03061	19392.4	대사	1	あのサーヴァントに 従うものどもを 倒してこい！	
7-03062	19392.5	대사	1	そして、ここを離れよ！	
7-03063	19392.6	대사	1	勝利の暁にはほうびを 与える！	
7-03064	19392.7	대사	1	行け！ ティーラング帝国のために 働いてまいれ！	
7-03065	19392.8	대사	1	行け！そして戻るな！	
7-03066	19405.0	대사	1	ティーラングの一団は、 またもや道を開けた。	
7-03067	19405.1	대사	1	だが、今度は まん中のドアへの道だった。	
7-03068	19410.0	대사	1	部屋の中では、 数名のティーラングが 大きな虫を	
7-03069	19410.1	대사	1	叩き潰し、 そのぐちゃぐちゃになった 中身を	
7-03070	19410.2	대사	1	ボウルの中に ほうりこんでいた。	
7-03071	19410.3	대사	1	その悪臭は、 信じられないほどだった。	
7-03072	19410.4	대사	1	君たちが入って行くと、 ティーラングたちは 応戦態勢を取った。	
7-03073	19420.0	대사	1	気持ち悪い茶色の ベタベタの臭いが 充満する中、	
7-03074	19420.1	대사	1	エイチジェン・ラ・ ティーラングとして 知られる巨大な生き物が、	
7-03075	19420.2	대사	1	大きなボウルからなにかを すすって食べていた。	
7-03076	19420.3	대사	2	しかし、それよりも 一層不快だったのは、 エイチジェン・ラの	
7-03077	19420.4	대사	1	虫のような腹部から、 数千個もの 卵らしきものが	
7-03078	19420.5	대사	2	生み出されている ということだった。	
7-03079	19420.6	대사	1	巨大な虫、 エイチジェン・ラは、 君たちが	
7-03080	19420.7	대사	1	部屋に入ってくるのを見ると君たち全員を	
7-03081	19420.8	대사	1	悲痛な叫び声で 飲み込もうとした。	
7-03082	19430.2	대사	1	シィィィッッッ！ 六本の槍から ボートの地図を 手に入れたのか？	
7-03083	19435.2	대사	1	シィィィ！ よろしい、ではそれを渡せ。	
7-03084	19440.0	대사	1	バァァ！嘘つきめ！ 偉大なこのわしを だまそうというのか？！	
7-03085	19445.0	대사	1	文書を窓を通して渡すと、 エイチジェン・ラは素早く	
7-03086	19445.1	대사	1	それを奪い取った。	
7-03087	19450.0	대사	1	　　　ティーラング　　　　	
7-03088	19450.1	대사	1	　　ガーディア着陸地点　　	
7-03089	19455.0	대사	1	平らな石の床面の上に、 黒いすすのようなカスが	
7-03090	19456.0	대사	1	こびりついていた。 それは、まるで上空から 火の球が	
7-03091	19456.1	대사	1	降ってきて、 あたりを攻撃したかの ようだった。	
7-03092	19460.0	대사	1	部屋は比較的簡素な作りで、南西の角に	
7-03093	19460.1	대사	1	奇妙な蜂の巣のようなものが置いてあった。	
7-03094	19465.0	대사	1	その蜂の巣のようなものに 近付いてみると、	
7-03095	19465.1	대사	1	それはティーラングの 変則的な体型に合わせた	
7-03096	19465.2	대사	1	机のようだった。	
7-03097	19470.0	대사	1	蜂の巣を探っていると、 君たちはそこに黒い	
7-03098	19470.1	대사	1	本があるのを発見した。	
7-03099	19475.0	대사	1	記されている印は 解読できなかった。	
7-03100	19480.0	대사	1	本のページの上に 装置をかざすと、次のような	
7-03101	19480.1	대사	1	文字が読めてきた。	
7-03102	19480.2	대사	1	０３４：４１　入	
7-03103	19480.3	대사	1	１００：若年	
7-03104	19480.4	대사	1	１００：ディスラプター （Ａ）	
7-03105	19480.5	대사	1	０３８：０９　出	
7-03106	19480.6	대사	1	０４０：１４　入	
7-03107	19480.7	대사	1	００５：年長	
7-03108	19480.8	대사	1	０５０：若年	
7-03109	19480.9	대사	1	０４０：７５　出	
7-03110	19480.10	대사	1	０４４：２３　入	
7-03111	19480.11	대사	2	００２：ウォッチャー	
7-03112	19480.12	대사	1	５００：卵	
7-03113	19480.13	대사	1	０２５：ディスラプター （Ｂ）	
7-03114	19480.14	대사	1	０４６：６２　出	
7-03115	19480.15	대사	1	０５４：１８　入	
7-03116	19480.16	대사	1	０１０：年長	
7-03117	19480.17	대사	1	１５０：若年	
7-03118	19480.18	대사	1	０７５：ディスラプター （Ａ）	
7-03119	19480.19	대사	1	０５５：３９　出	
7-03120	19480.20	대사	1	０６２：４４　入	
7-03121	19480.22	대사	1	２００：卵	
7-03122	19480.23	대사	1	００５：ディスラプター （Ｃ）	
7-03123	19480.24	대사	1	０６６：０７　出	
7-03124	19480.25	대사	1	００１：ウォッチャー	
7-03125	19480.26	대사	1	１５０：卵	
7-03126	19480.27	대사	1	０７１：８１　入	
7-03127	19480.28	대사	1	０１２：技術者	
7-03128	19480.31	대사	1	０７３：１２　出	
7-03129	19480.32	대사	1	次回到着予定	
7-03130	19480.33	대사	1	シャトル　ナルギスト	
7-03131	19480.35	대사	1	銀河標準時	
7-03132	19480.36	대사	1	０８８：５３　 到着予定時間	
7-03133	19480.37	대사	1	それが本の最後の行だった。	
7-03134	19520.0	대사	1	およそ想像できる 最も気持ち悪い臭いの中、 エイチジェン・ラ	
7-03135	19520.1	대사	1	として知られる 巨大な生き物の死体が、 ばらばらに切り刻まれて	
7-03136	19520.2	대사	1	床に散乱していた。	
7-03137	19524.0	대사	1	虫のような腹部から、 数千個もの卵らしきものが	
7-03138	19524.2	대사	1	明らかに、 誰かティーラングを 憎んでいるものが、	
7-03139	19524.3	대사	1	二度と再び エイチジェン・ラが この世に悪をなさないよう、	
7-03140	19524.4	대사	1	彼を始末したようだった。	
7-03141	19530.0	대사	1	　　　　　観察　　　　　　	
7-03142	19530.1	대사	1	　　　制御センター　　　　	
7-03143	19535.0	대사	1	制御センターの中には、 複雑な機械や光が瞬いている	
7-03144	19535.1	대사	1	箱がたくさん 詰め込まれていた。	
7-03145	19535.2	대사	1	その他に、 サーヴァントの軍団の 兵士たちもいたが、	
7-03146	19535.3	대사	1	その多くは、 装置を使って忙しげに 仕事をしていた。	
7-03147	19535.4	대사	1	君たちが入って行くと、 そのうちの一人は 隣の部屋に逃げ、	
7-03148	19535.5	대사	1	残りのものは戦うために にじりよってきた。	
7-03149	19545.0	대사	1	光を発する箱の一つに 近付いて中を覗いてみると、	
7-03150	19545.1	대사	1	輝く文字のようなものが 浮かんでいるようだった。	
7-03151	19548.0	대사	3	終了動作開始	
7-03152	19548.1	대사	3	ターミナル接続切断	
7-03153	19548.2	대사	2	サーバー： ０２３＠４１Ａ２	
7-03154	19548.3	대사	1	ホスト： ブラックシップ・コマンド	
7-03155	19548.4	대사	2	リモートアクセス終了	
7-03156	19548.5	대사	1	メモリ消去終了	
7-03157	19555.0	대사	1	箱が暗くなる前に読めたのはこれだけだった。	
7-03158	19557.0	대사	1	すべての機械は、その機能を停止したかのように 静かになった。	
7-03159	19560.0	대사	1	君たちはさらに 数名のサーヴァントの兵と 向き合った。 その後ろでは、	
7-03160	19560.1	대사	1	奇妙な機械を相手に コントローラーたちが 必死になって作業を	
7-03161	19560.2	대사	1	続けていた。	
7-03162	19560.3	대사	1	兵たちの攻撃と同時に、 機械は一つ一つ 暗くなっていった。	
7-03163	19566.0	대사	1	もしかするとなにか 重要な意味が あるのかもしれないと思い、	
7-03164	19566.1	대사	1	君たちはこれを文書の端に 書き留めた。	
7-03165	19570.0	대사	1	奇妙な箱の魔法は 消え去ってしまったようで、	
7-03166	19570.1	대사	1	機械はどれも 動かなくなっていた。	
7-03167	19570.2	대사	1	部屋を眺めているうちに、 この機械の類と、それを使う	
7-03168	19573.0	대사	1	連中に対する驚異の念が、 君たちの 頭を責め苛み始めた。	
7-03169	19573.1	대사	1	君たちは、 自分たちをここまで 運んできた、	
7-03170	19573.2	대사	1	空を飛び星の間を旅する 機械のことを思い出した。	
7-03171	19573.3	대사	1	これらはすべて、 君たちの世界や 君たちの 知っていたこととは	
7-03172	19573.4	대사	1	かけ離れた存在だった。 そしてそこには、未知の力が	
7-03173	19573.5	대사	1	満ちあふれている ようだった。	
7-03174	19573.6	대사	1	自然の力すらも はねつけてしまう力。	
7-03175	19573.7	대사	1	抽象的な数学の概念を 不可思議な次元の現実に	
7-03176	19573.8	대사	1	作り替え、物質の質量を そのままエネルギーに	
7-03177	19573.9	대사	1	変換してしまうような力。	
7-03178	19573.10	대사	1	そして、なによりも 驚くべきことは、 これらの驚異の主が、	
7-03179	19573.11	대사	1	死すべき定めの人間と 同じ様に、歩き、 食べ、死に、	
7-03180	19573.12	대사	1	権力に対する野望の元に 行動しているという 事実だった。	
7-03181	19573.13	대사	1	なんと不思議なことだろう。	
7-03182	19590.0	대사	1	テーブルの上に、 君たちは謎めいた 物体を発見した。	
7-03183	19590.1	대사	1	それをどう使うのか、 君たちには 見当もつかなかった。	
7-03184	19590.2	대사	1	そこにはＴＸーコーダー と記されていた。	
7-03185	19595.0	대사	1	近くによってみると、 その骨はかなり古いものの ようだった。	
7-03186	19597.0	대사	1	死んだパーティーの 周辺を探ると、	
7-03187	19597.1	대사	1	かなり古いが興味をひく物がみつかった。	
7-03188	19600.0	대사	1	君たちは、 かなり激しい勢いで 地面に転がり落ちた。	
7-03189	19602.0	대사	1	頭を振って眩暈を振り払い 周りを見ると、	
7-03190	19602.1	대사	1	そこは巨大な 洞窟の中だった。	
7-03191	19602.2	대사	1	呼吸はできそうだったが、 空気は乾いていて イヤな臭いがした。	
7-03192	19602.3	대사	1	上の方を見上げてみると、 暗い洞窟の天井、	
7-03193	19602.4	대사	1	１０メートルほど 頭上に、君たちが	
7-03194	19602.5	대사	1	落ちてきたと思われる穴が 口を開けていた。	
7-03195	19610.0	대사	1	進んで行くと、 足が柔らかい土に 沈み込み、	
7-03196	19610.1	대사	1	そこから黄緑色のガスが 吹き出してきた。	
7-03197	19615.0	대사	1	ガスポケット！	
7-03198	19620.0	대사	1	洞窟の前方は、 大きな粘液質のボールが 積み重なって	
7-03199	19620.1	대사	1	行く手を完全に塞いでいた。	
7-03200	19622.0	대사	1	そのボールからは いやな臭いがしており、	
7-03201	19622.1	대사	1	ボール同士を くっつけているのは 腐った蜜のような ものだった。	
7-03202	19625.0	대사	1	不思議な粘液質の ボールの中を 通ろうとするうちに、	
7-03203	19625.1	대사	1	君たちはベタベタの液に 浸ってしまった。	
7-03204	19630.0	대사	1	ついに君たちは そこから引き下がった。 このぬかるんだ	
7-03205	19630.1	대사	1	ボールの間を 抜けようとしても、 動きが取れなくなって	
7-03206	19630.2	대사	1	窒息する羽目になるのは 間違いなさそうだった。	
7-03207	19630.3	대사	1	仮にこのボールがなんらかの生物であるとすれば、	
7-03208	19630.4	대사	1	これはボールが食べ物を 得る方法なのかもしれない、	
7-03209	19630.5	대사	1	と君たちは考え始めた。	
7-03210	19640.0	대사	1	パイナップルの 安全ピンを抜くと、 君たちはそれを	
7-03211	19640.1	대사	1	洞窟のボールの中に ほうりこんだ。	
7-03212	19645.0	대사	1	洞窟の前方には、 ボロと骨が散乱していた。 おそらく、	
7-03213	19645.1	대사	1	君たち以前に 不運な冒険者たちが いたのだろう。	
7-03214	19645.2	대사	1	なにか使えるものがないかとボロの中を	
7-03215	19645.3	대사	1	捜そうとしたとき、 物陰でなにかが動いた。	
7-03216	19650.0	대사	1	君たちは 炎の中に飲み込まれた！	
7-03217	19655.0	대사	1	洞窟の前方には、 黒い炭になった	
7-03218	19655.1	대사	1	貝殻が散乱していた。	
7-03219	19660.0	대사	1	黒こげの貝殻を 踏み締めながら進むと、	
7-03220	19660.1	대사	1	それは細かい破片に砕けた。	
7-03221	19665.0	대사	1	周り中に黒ずんだ殻が 散乱していた。	
7-03222	19670.0	대사	1	なんとか 洞窟の中から外に出て、	
7-03223	19670.1	대사	1	君たちは一安心した。	
7-03224	19670.2	대사	1	だが、なんとひどい臭い だったことだろう…	
7-03225	19675.0	대사	1	まるで庭に立っている 像かなにかのように、三人の	
7-03226	19675.1	대사	1	サーヴァントの兵が 微動だにしないで その場に凍り付いていた。	
7-03227	19675.2	대사	1	外見からは 外傷らしきものは みつからなかったが、	
7-03228	19675.3	대사	1	彼らは生きているようには 見えなかった。	
7-03229	19680.0	대사	1	君たちはその内の一人に 近付いてみた。	
7-03230	19680.1	대사	1	やはりそれは死んでいた。	
7-03231	19685.0	대사	1	君たちは携帯型の機械を 動かないサーヴァントの	
7-03232	19685.1	대사	1	兵の方に向けて、 そこから発する光線を	
7-03233	19685.2	대사	1	その体に浴びせかけてみた。	
7-03234	19685.3	대사	1	だが、なにかが 起きたようには 見えなかった。	
7-03235	19689.0	대사	1	と、突然、 その頭のあたりから 火花が飛び散り、	
7-03236	19689.1	대사	1	まるで狂戦士のように その兵が動き始めた。	
7-03237	19695.0	대사	1	ピーィーーヒャラ！ －システム・エラー－ ブゥゥー！	
7-03238	19695.1	대사	1	（カチ）ヒュゥゥゥ！ 警告！ オーバーロード リスタ…	
7-03239	19695.2	대사	1	ブブブ！ホスト： セントラル・セキュリティー・アクセス ブズブズ！	
7-03240	19695.3	대사	1	ルルルル リンケージ・サーバー： ０１８＠６７Ｃ１ ルル！	
7-03241	19695.4	대사	1	終了動作開始 ギィィジジ！	
7-03242	19695.5	대사	1	そして、 兵は火花を散らしたまま 突進してきた！	
7-03243	19705.0	대사	1	狂ったサーヴァントの 戯言にもなにか意味が	
7-03244	19705.1	대사	1	あるかもしれないと思い、 君たちは 覚えている限りを	
7-03245	19705.2	대사	1	文書の切れ端に書き付けた。	
7-03246	19710.0	대사	1	君たちは 暗く冷たい洞窟の中に 降りていった。	
7-03247	19710.1	대사	1	あたりには、ティーラングの歩いた後についている	
7-03248	19710.2	대사	1	茶色のネバネバが たくさんついていた。 おそらく	
7-03249	19710.3	대사	1	彼らはしょっちゅう 出入りしているのだろう。	
7-03250	19715.0	대사	1	洞窟のすみに、蓋がついた 大きな桶がたくさん	
7-03251	19720.1	대사	1	桶を開けてのぞく	
7-03252	19725.0	대사	1	桶に近付いてみてみると、 その口のまわりには	
7-03253	19725.1	대사	1	乾いた灰色の 皮のようなものが こびりついていた。	
7-03254	19730.0	대사	1	桶を開けると、 吐き気を催すような ものすごい臭いがした。	
7-03255	19730.1	대사	1	それは虫を潰した、 ティーラングの 食料のようだった。	
7-03256	19740.0	대사	1	君たちは、 洞窟からくずれかけた 古い部屋に はい上がってきた。	
7-03257	19740.1	대사	1	その部屋は、かなり長いこと誰も入ったものがない ようだった。	
7-03258	19745.0	대사	1	外は、雑草と乾いた草が あたり一面に 生い茂っていた。	
7-03259	19750.0	대사	1	君たちは、雑草が伸び放題になっている	
7-03260	19750.1	대사	1	中庭のようなところに 立っていた。	
7-03261	19750.2	대사	1	その雑草のまん中に、 一つの像が置き去りに されていた。	
7-03262	19750.3	대사	1	その像は、 まるで放棄されたことを 無視するかのように、	
7-03263	19750.4	대사	1	超然とした感じで 立っていた。	
7-03264	19760.0	대사	1	像の側に立ってみると、 それほど意地悪くは なさそうだった。	
7-03265	19760.1	대사	1	石はまるで昨日 彫られたかのように美しく、	
7-03266	19760.4	대사	2	その像の 荘厳な顔を見上げると、 それは微かに微笑んでいる	
7-03267	19760.5	대사	1	ようで、 瞳は今にも 輝き始めるかのように 見えた。	
7-03268	19770.2	대사	1	創造者！	
7-03269	19775.0	대사	1	像の周りの 地面を掘ってみると、 かなり昔に埋められた	
7-03270	19775.1	대사	1	小さなクリスタルの人形が 出てきた。	
7-03271	19775.2	대사	1	その土台のところには こう記されていた	
7-03272	19775.3	대사	1	タイナム・エミット	
7-03273	19780.0	대사	1	内側の部屋の中では、 サーヴァントの コントローラーたちが、	
7-03274	19780.1	대사	1	ライトがついたり 光ったりしている箱を 前にして、	
7-03275	19780.2	대사	1	熱心に作業を行っていた。	
7-03276	19780.3	대사	1	君たちが入って行くと、 コントローラーたちは作業を	
7-03277	19780.4	대사	1	中断して、君たちの侵入に 対抗する構えを 取り始めた。	
7-03278	19780.5	대사	1	しかし、全員が君たちに 向かって来る前に、	
7-03279	19780.6	대사	1	一人のコントローラーが 大きな機械から	
7-03280	19780.7	대사	1	小さな装置を抜き取り、 それと同時に機械は	
7-03281	19780.8	대사	1	一斉に止まり、 静かになった。	
7-03282	19790.0	대사	1	大きな機械に 近付いてみてみると、	
7-03283	19790.1	대사	1	コントトーラーが 小さな装置を抜き取った	
7-03284	19790.2	대사	2	空のスロットが開いていた。	
7-03285	19790.3	대사	1	蒸発した兵たちの 死体の周りには、 なにも落ちていなかった。	
7-03286	19790.4	대사	1	おそらく機械を 始動させる装置は、 戦闘の間に	
7-03287	19790.5	대사	1	壊れてしまったのだろう。	
7-03288	19800.0	대사	1	物陰から、蜘蛛に似た 恐ろしい生き物が 近付いてきて	
7-03289	19800.1	대사	1	こう言った。 私は シュリチ・ティーラング！	
7-03290	19800.2	대사	1	身長は３メートル近くもあり今まで見たどのティーラング	
7-03291	19800.3	대사	1	よりもたくましい脚、 深く濃い 茶色の蜘蛛の巣を持った	
7-03292	19800.4	대사	1	それは、どう見てもただの ティーラングではなかった。	
7-03293	19805.0	대사	1	そして、 その口から吐き出される いやな臭いの反吐は、	
7-03294	19805.1	대사	1	そのおぞましさを 一層強調していた。	
7-03295	19805.2	대사	1	それは再び口を開いた。	
7-03296	19805.3	대사	1	急げ。 私はお前らと 遊んでいる暇はない。	
7-03297	19810.2	대사	1	エイチジェン・ラがお前らをここによこしたのか？	
7-03298	19815.0	대사	1	エイチジェン・ラが お待ちだ！	
7-03299	19820.0	대사	1	なら、小僧ども、 覚えておけ。	
7-03300	19820.1	대사	1	ティーラング帝国は この世界を 我らの領土と宣言し、	
7-03301	19820.2	대사	1	外部のものの干渉に関しては徹底的な対応を	
7-03302	19820.3	대사	1	することになっている。	
7-03303	19820.4	대사	1	エイチェジェン・ラが お前らを試すつもりなら、 私も従おう。	
7-03304	19820.5	대사	1	だが、もし我らを裏切れば、	
7-03305	19820.6	대사	1	このティーラング帝国の すべての軍勢が、お前らを	
7-03306	19820.7	대사	1	必ずや打ち倒すことに なるからな！	
7-03307	19830.0	대사	1	{01}待機しろ/{01}帰還せよ/{04}殺せ/{01}巡回せよ/	
7-03308	19830.2	대사	1	エイチジェン・ラは このシュリチに なんと伝えろと言った？	
7-03309	19835.0	대사	1	お前らは嘘をついておる！	
7-03310	19840.0	대사	1	殺せ？！…	
7-03311	19840.1	대사	1	偉大なるシュリチに、 お前らを殺せと 命じられたのか？！	
7-03312	19840.2	대사	1	ハ、ハ、ハ！	
7-03313	19840.3	대사	1	恐がるでない、愚か者ども。	
7-03314	19840.4	대사	1	我らが滅ぼしたいのは、 太ったアンパニの	
7-03315	19840.5	대사	1	カエルどもだけだ。	
7-03316	19840.6	대사	1	奴らは銃と機械を持ち込んで戦いを挑もうとしておる。	
7-03317	19840.7	대사	1	だが、あいつらも ティーラング帝国の力を 知ることになる！	
7-03318	19840.8	대사	1	どれほど銃があっても、 あいつらは 我らの敵ではない！	
7-03319	19840.9	대사	1	ウォッチャーが奴らの弱点を探り出したに違いない。	
7-03320	19840.10	대사	1	賢明なエイチジェン・ラは、今こそ奴らに 我らティーラングの	
7-03321	19840.11	대사	1	恐ろしさを 思い知らせるときと お決めになったのだ！	
7-03322	19840.12	대사	1	エイチジェン・ラは お前らに使い道があると 思われたのだろう。	
7-03323	19855.2	대사	1	お前ら、アンパニどもへの 襲撃に手を貸すか？	
7-03324	19860.0	대사	1	シィィッツ！ エイチジェン・ラが よこしたのは能なしか！	
7-03325	19860.1	대사	1	戻れ！ そしてシュリチは 臆病ものなど	
7-03326	19862.0	대사	1	使えぬと告げるがよい！	
7-03327	19865.0	대사	1	やはり エイチジェン・ラは賢い…	
7-03328	19865.1	대사	1	彼は賢明だ。	
7-03329	19865.2	대사	1	賢明すぎるのかもしれない。	
7-03330	19865.3	대사	1	お前らはアンパニの追跡者、ロダン・レワークスを捜し、	
7-03331	19865.4	대사	1	そいつを殺せ！	
7-03332	19865.5	대사	1	そいつは父親の金のメダルを首にかけている。	
7-03333	19865.6	대사	1	そのメダルを 持ってくるのだ！	
7-03334	19865.7	대사	1	これに成功すれば、 ティーラング帝国の 僚友にふさわしい	
7-03335	19865.8	대사	1	報酬が与えられるだろう！	
7-03336	19865.9	대사	1	レワークスを倒すまで、 私のところに戻ってくるな！	
7-03337	19865.10	대사	1	私はアンパニの親分の 始末をしにいく。	
7-03338	19865.11	대사	1	あの間抜けなブタ ヤモ将軍をな！	
7-03339	19880.0	대사	1	行動が予測できない 危険な力と対峙するとき、 その一瞬一瞬は、	
7-03340	19880.1	대사	1	まさにテストの連続 そのものだった。 報酬を得られるか、	
7-03341	19880.2	대사	1	それとも苦難を強いられるかその境目は微妙だった。	
7-03342	19880.3	대사	1	戦場でなら、 こういった経験は いくらでもあった。	
7-03343	19880.4	대사	1	だが、まったく 危険がないところで、 言葉によって	
7-03344	19880.5	대사	1	行われる戦いが これほど恐ろしいものとは 思わなかった。	
7-03345	19880.6	대사	1	巨大な蜘蛛のような怪物、 シュリチが部屋を 出て行くのを	
7-03346	19880.7	대사	1	見ながら、君たちは ほっとする感情を 抑えられなかった。	
7-03347	19880.8	대사	1	シュリチは、 彼に従うものどもを 集めて命令を下しながら、	
7-03348	19880.9	대사	1	彼自身の暗殺行に 旅だっていった。 まるで、	
7-03349	19880.10	대사	1	君たちが部屋にいたことなど忘れてしまったかのように…	
7-03350	19880.11	대사	1	次の動きを決めるのは 自分たちだった。	
7-03351	19895.0	대사	1	シュリチは 自分の任務のことに夢中で、	
7-03352	19895.1	대사	1	古い箱のことは あまり気にしていない ようだった。	
7-03353	19895.2	대사	1	とはいえ、 これがもう一つのテスト である可能性もある。	
7-03354	19900.0	대사	1	箱の中を覗いてみると、 中にはサーヴァントの兵の 死体が	
7-03355	19900.1	대사	1	入っていた。 皮膚はしなびており、 骨のように堅く、	
7-03356	19900.2	대사	1	間違いなく死んでいた。	
7-03357	19900.3	대사	1	君たちは、これがなぜ 他のサーヴァントの 兵のように	
7-03358	19904.0	대사	1	蒸発しないのか、 不思議に思った。	
7-03359	19904.1	대사	1	その死体を動かしてみると、黒い薄い板のようなものが	
7-03360	19904.2	대사	1	床に転がった。	
7-03361	19910.0	대사	1	箱の中には、長い棒に スペード型の 先がついたものと、	
7-03362	19910.1	대사	1	油っこい革のグローブと、 小さなビンに入った 酒が入っていた。	
7-03363	19915.0	대사	1	あたりは湿っぽく、陰気で、一種異様な雰囲気がした。	
7-03364	19915.1	대사	1	突然、君たちはこの雑草が 伸び放題の庭園が なんなのか、	
7-03365	19915.2	대사	1	そして地面に 突き立てられている 石板がなんなのかに	
7-03366	19935.0	대사	1	地面は真っ黒で、 このあたりには 雑草も生えていなかった。	
7-03367	19935.1	대사	1	まるで、 雑草も枯らしてしまう、 なにかがあるかように 思えた。	
7-03368	19980.0	대사	2	墓を掘り起こして中を覗くと古くなった棺の中には	
7-03369	19980.1	대사	1	腐った肉と骨が入っていた。	
7-03370	19985.1	대사	1	まだ形を残した 奇妙な生き物の死体が 入っていた。	
7-03371	19985.2	대사	1	ウワァ！ 骨が動き始めた！	
7-03372	19990.0	대사	1	地面はぬかるんでいるようであたり一面が	
7-03373	19990.1	대사	1	沈み込んでいるような 感じがした。	
7-03374	19995.0	대사	1	墓を掘り起こそうとすると、君たちの足元の地面が 崩れ落ちた！	
7-03375	20000.0	대사	1	森の中を歩いて行くうちに、君たちは徐々に不安を 感じ始めた。	
7-03376	20001.0	대사	1	君たちの周りを取り巻いて いる状況全体が、 なにか不吉な破滅の	
7-03377	20001.1	대사	1	予兆を感じさせたのである。	
7-03378	20005.0	대사	1	木々が醸し出す 不吉な雰囲気は 一層増し、 君たちは	
7-03379	20005.1	대사	1	どこかに誰かが 潜んでいるのではないか と周りを見回した。	
7-03380	20010.0	대사	1	木の葉が風にそよぐ音、 枝がぶつかりあって たてる音、	
7-03381	20010.1	대사	1	そのすべてが 何か違うもののように 感じられる。	
7-03382	20015.0	대사	1	そして、 突然なんの警告もなしに、 木々が動き始めた！	
7-03383	20020.0	대사	1	バアアルガァァァ	
7-03384	20020.1	대사	1	あいつら、 聖なる木立に近付いた！	
7-03385	20020.2	대사	1	クァバグゥゥゥ！！	
7-03386	20025.0	대사	1	森の不吉な静けさは さらに深まり、 危険はまだ去っていない	
7-03387	20025.1	대사	1	ように感じられた。	
7-03388	20030.0	대사	1	石柱が輪になって囲んでいる木立の中の空き地に	
7-03389	20030.1	대사	1	君たちはゆっくりと 近付いていった。	
7-03390	20030.2	대사	1	輪の中央に、 なにか平らなものがあった。	
7-03391	20030.3	대사	1	それは、彫物が施された 石板のようだった。	
7-03392	20030.4	대사	1	一瞬、あたりは異様なほど 静まりかえった。	
7-03393	20030.5	대사	1	周りを見回してみると、 森の木々が 忍び寄ってきていた。	
7-03394	20030.6	대사	1	ゆっくり、 とてもゆっくりと。	
7-03395	20030.7	대사	1	そして君たちが 逃げようとした瞬間、 木々が襲いかかってきた！	
7-03396	20040.0	대사	1	緑なす森の住人たちは、	
7-03397	20040.1	대사	1	音も立てずに その攻撃を続けた。	
7-03398	20045.0	대사	1	木人間たちは、 果てることなく、	
7-03399	20045.1	대사	1	その暗く、陰気で、 盲目的な進軍を続けた。	
7-03400	20050.0	대사	1	そして、 ついに終わりがやってきた。	
7-03401	20050.1	대사	1	森は再び静けさを 取り戻した。	
7-03402	20050.2	대사	1	しかし、 それは一時だけのこと。 再び木人間たちは、	
7-03403	20050.3	대사	1	彼ら木立を守るために 動き始めるではないか！	
7-03404	20050.4	대사	1	そして このままここに留まれば、 最終的に やられてしまうのでは	
7-03405	20050.5	대사	1	ないかと思わずには いられなかった。	
7-03406	20060.0	대사	1	巨大な石のテーブルの上に 乗ってみると、そこには	
7-03407	20060.1	대사	1	数千本の枝をもち、 幹には年老いたこぶだらけの	
7-03408	20060.2	대사	1	顔を持つ大木の絵が 彫り込まれていた。	
7-03409	20080.0	대사	1	鉢に入った木を 石の彫物の上に置いて、	
7-03410	20080.1	대사	1	君たちは一歩後ずさった。	
7-03411	20085.0	대사	1	小さな木は育ち始めた。	
7-03412	20090.0	대사	1	{06}スペシャル・ソース/	
7-03413	20090.2	대사	1	ノォバァウゥラァ！ 誰がマーゴドの精を 呼び覚ました？	
7-03414	20095.0	대사	1	コォルバァヌゥカァ	
7-03415	20095.1	대사	1	願いは一つだけだ。	
7-03416	20095.2	대사	1	ケェルプラァカボントグ	
7-03417	20095.3	대사	1	仕えるのは一人にのみ。	
7-03418	20095.4	대사	1	彼はお前らを知るだろう。	
7-03419	20095.5	대사	1	そして道を示す。	
7-03420	20095.6	대사	1	アメットバァラァ	
7-03421	20103.0	대사	1	そして巨大な木は 再び若木へと戻り…	
7-03422	20105.0	대사	1	小枝になり…	
7-03423	20107.0	대사	1	ついに小さな 根っ子になった。	
7-03424	20109.0	대사	1	そして、最後には何も なくなってしまった。	
7-03425	20115.0	대사	1	小さな鉢は、 石の板の上で壊れており、	
7-03426	20115.1	대사	1	その中の土は あたりに散乱していた。	
7-03427	20140.0	대사	1	外に出ながら、 君たちは今の小屋と、 これとつがっていた	
7-03428	20140.1	대사	1	トンネルの 野性的な作りのことを 考えていた。	
7-03429	20140.2	대사	1	その、一見なんの 考えもないような デザインは、	
7-03430	20140.3	대사	1	まさに驚異的な 複雑さだった。	
7-03431	20140.4	대사	1	その複雑な構造は、 古い村の廃墟の石で	
7-03432	20140.5	대사	1	作られているようだった。 そして それ以外のところでは、	
7-03433	20140.6	대사	1	あたりは一面雑草が 生い茂るだけの荒れ地と	
7-03434	20140.7	대사	1	化していた。	
7-03435	20150.0	대사	1	廃墟のあちらこちらには、 骨が散乱していた。	
7-03436	20150.1	대사	1	まるで、死体から肉を 取り去った後、	
7-03437	20150.2	대사	1	そこに捨て去ったように…	
7-03438	20155.0	대사	1	それらの骨は、 様々な種類の動物の もののようだった。	
7-03439	20155.1	대사	1	いくつかはあきらかに動物でより人間に近い ものもあった。	
7-03440	20155.2	대사	1	そして、ネズミ人間の 頭蓋骨を思わせる 骨もあった。	
7-03441	20160.0	대사	1	黒こげになった丸太や、 かがり火の燃えさしが、 石の輪の	
7-03442	20160.1	대사	1	中に落ちていた。 長いこと火が焚かれた 様子はなかったが、	
7-03443	20160.2	대사	1	地面はいまだに 多少温もりを保っていた。	
7-03444	20160.3	대사	1	その様子は、そこで ネズミ人間たちが なにか不気味な	
7-03445	20160.4	대사	1	儀式を行ったことを 想像させた。 もしかすると、満月の夜、	
7-03446	20160.5	대사	1	勢いよく燃えるかがり火を 中心にして、いけにえの体を	
7-03447	20166.0	대사	1	その上であぶりながら、 数多くの 小さな生き物たちが	
7-03448	20166.1	대사	1	饗宴を前に 踊り狂っていたのかも しれなかった。	
7-03449	20170.0	대사	1	　　　　ルビーの　　　　　	
7-03450	20170.1	대사	1	　　　ファンハウス　　　　	
7-03451	20170.2	대사	1	ドアの上では、 ほとんど消えかけた 道化の絵が、	
7-03452	20170.3	대사	1	大きく口を開いて 笑っていた。	
7-03453	20175.0	대사	1	鼻のあるべきところには、 棒だけがさびしげに 突き出していた。	
7-03454	20177.0	대사	1	君たちは鼻のところに 赤いゴムのボールを 突き刺した。	
7-03455	20177.1	대사	1	赤い鼻を強く押すと、 奥でカチリという音がした。	
7-03456	20180.0	대사	1	ファンハウスは 雨ざらしになっており、 蜘蛛の巣が 張り巡らされていた。	
7-03457	20180.1	대사	1	おそらく、この数年 ここを訪れた者は、 皆無であったであろう。	
7-03458	20180.2	대사	1	少なくとも人間は…	
7-03459	20185.0	대사	1	部屋に入ると、君たちは 床に散乱している瓦礫に	
7-03460	20185.1	대사	1	つまずいてしまった。	
7-03461	20190.0	대사	1	そこには古い木の支柱や 客席があるだけで、他には	
7-03462	20190.1	대사	1	なにもなかった。 おそらくここ数年、 ここでサーカスが	
7-03463	20190.2	대사	1	興行したことは ないようだった。	
7-03464	20195.0	대사	1	ゴミやほこりの中に、 色がついた箱やカゴが 置き去られていた。	
7-03465	20195.1	대사	1	なにか役に立ちそうなものがある様子は ほとんどなかった。	
7-03466	20200.0	대사	1	驚いたことに、部屋の奥に 古い宝箱が置かれていた。 それは、	
7-03467	20200.1	대사	1	まるで持主が帰ってくるのをじっと待っている かのようだった。	
7-03468	20205.0	대사	1	部屋の後ろに、 巨大な金属製の ピラミッドが置いてあった。	
7-03469	20205.1	대사	1	それは真っ黒な鉄製で、 数百年という 時間の流れに対しても、	
7-03470	20205.2	대사	1	なんの影響も受けていない ようだった。	
7-03471	20210.0	대사	1	ピラミッドの上部には、鉄製のフックがついていた。 そして	
7-03472	20210.1	대사	1	その表面には ２００という数字が 書かれていた。	
7-03473	20210.2	대사	1	持ち上げてみると、 それはかなり長い時間が	
7-03474	20210.3	대사	1	経っているにも関わらず、 まったく軽くなっている	
7-03475	20210.4	대사	1	様子はなかった。	
7-03476	20220.0	대사	1	まん中の部屋に入ってみるとそこには 下に降りる縦穴があり、	
7-03477	20221.0	대사	1	そこに壊れそうな 梯子がかかっていた。	
7-03478	20221.1	대사	1	君たちは、これがちゃんと 自分たちの重みに	
7-03479	20221.2	대사	1	耐えられるかどうか、 疑問に思った。	
7-03480	20225.0	대사	1	梯子はなんとか持ちこたえ、曲がり、ゆがみ、 きしみながらも、	
7-03481	20225.1	대사	1	バラバラにはならなかった。	
7-03482	20230.0	대사	1	　　　バーティーズ　　　　	
7-03483	20230.1	대사	1	　　　バンガロー　　　　　	
7-03484	20235.0	대사	1	店の中には、木の杖や棒が	
7-03485	20235.1	대사	1	たくさん並んでいた。	
7-03486	20235.2	대사	1	まわりには、 かすかに鳥の綿毛が舞い、	
7-03487	20235.3	대사	1	部屋のすみには、 鳥の一群が丸々裸にされたに等しい	
7-03488	20235.4	대사	1	量の毛が詰まった バッグが置かれていた。	
7-03489	20235.5	대사	1	そして部屋の奥の壁には、 様々な大きさと形の	
7-03490	20235.6	대사	1	弓がたくさん飾られていた。	
7-03491	20235.7	대사	1	棒と羽の山の間から、 小柄で毛が濃い人物が 飛び出してきた。	
7-03492	20235.8	대사	1	そして狂ったような勢いで、カタコトの言葉を	
7-03493	20235.9	대사	1	話し始めた。	
7-03494	20250.0	대사	1	おいらしない！	
7-03495	20250.1	대사	1	それ、どういう意味？	
7-03496	20250.2	대사	1	あんだ、どうして？？	
7-03497	20250.3	대사	1	誰？？	
7-03498	20250.4	대사	1	おっとっと	
7-03499	20260.2	대사	1	カネ持ってきた？	
7-03500	20265.0	대사	1	イェィ！ おいらの店から出てけ！	
7-03501	20265.1	대사	1	パトロール呼ぶヨ	
7-03502	20270.0	대사	1	イイね、イイね！	
7-03503	20270.1	대사	1	それ、おいらの秘密ヨ！！	
7-03504	20270.2	대사	1	あんたのいるもん あるよ！！	
7-03505	20285.0	대사	1	まって、１０分で終わる！！	
7-03506	20290.0	대사	1	すぐ決めてヨ！	
7-03507	20295.0	대사	1	急いで！あんた遅いヨ！	
7-03508	20300.0	대사	1	じゃ、そうしなヨ	
7-03509	20305.0	대사	1	次はもっと カネ持ってきてヨ！	
7-03510	20310.0	대사	1	{01}{01}ﾗｽﾞｰｶ/	
7-03511	20315.0	대사	1	魔法のジュースすぐ効く。 でも、 魔法の羽根遠くまで飛ばす。	
7-03512	20340.0	대사	1	あたりに気を配りながら 広間に入っていくと、	
7-03513	20340.1	대사	1	まるで煙の塊のように 部屋を被った	
7-03514	20340.2	대사	1	不思議な暗闇が目に入った。	
7-03515	20345.0	대사	1	　　　　バルローン　　　　	
7-03516	20345.1	대사	1	　　　　タオの結社　　　　	
7-03517	20350.0	대사	1	どこか近くから、 誰かが小声で ささやいているのが 聞こえてきた。	
7-03518	20350.1	대사	1	君たちには、そこでなにが 話されているのか、 そして彼らが	
7-03519	20350.2	대사	1	君たちの存在に 気づいているのか どうかはわからなかった。	
7-03520	20355.0	대사	1	フム、 驚くネタはいくらでも あるみたいだ…	
7-03521	20360.0	대사	1	部屋の中には、 がっしりした体格の ラツキンの一団がいた。	
7-03522	20360.1	대사	1	彼らは武器を構えてはいたが即座に動こうとは しなかった。	
7-03523	20360.2	대사	1	一瞬の静寂の間に、 君たちは眼前の脅威を 見極めた。	
7-03524	20360.3	대사	1	彼らの毛は濃く、 よく手入れされていた。 その周囲には	
7-03525	20360.4	대사	1	邪悪な気配が漂っていたが、同時にいわく言い難い魅力も	
7-03526	20360.5	대사	1	兼ね備えていた。	
7-03527	20360.6	대사	1	彼らは自信に満ちており、 君たちに対して 露骨な関心を示し、	
7-03528	20360.7	대사	1	君たちの出方を うかがっているようだった。	
7-03529	20360.8	대사	1	そして、君たちは彼らの 本質を悟った。	
7-03530	20360.9	대사	1	彼らはヤバい世界の 住人だった。	
7-03531	20360.10	대사	1	だが、ただのギャングや 暴漢ではなかった。	
7-03532	20360.11	대사	1	彼らは組織だっており、 慎重で、 長年の経験に裏打ちされた、	
7-03533	20360.12	대사	1	鋭い知識を 持ち合わせていた。	
7-03534	20360.13	대사	1	位の高い賊の一人は、 君たちの方を 眺めながら、その	
7-03535	20360.14	대사	1	強いところ、弱いところを 捜している。 そして、君たちを	
7-03536	20360.15	대사	1	吊すことになるかもしれないロープを、 静かに編み始めた。	
7-03537	20360.16	대사	1	最後に、君たちは 氷のように冷たい 表情をした	
7-03538	20360.17	대사	1	ラツキンの方に目を向けた。	
7-03539	20360.18	대사	1	彼はかすれた声で 話し始めた。	
7-03540	20390.0	대사	1	自己紹介をさせてもらおう。	
7-03541	20390.1	대사	1	私はバルローンという。	
7-03542	20390.2	대사	1	君たちに会えて嬉しいよ。	
7-03543	20390.3	대사	1	我々の組織は君たちに一つ 提案をしたいと思っている。	
7-03544	20395.2	대사	1	なにか飲むかね？	
7-03545	20400.0	대사	1	好きにしたまえ。	
7-03546	20405.0	대사	1	先ほども言ったように、 私と友人たちは、 君たちにも	
7-03547	20405.1	대사	1	損にはならない 提案をしようと 思っている。	
7-03548	20405.2	대사	1	我々は、いろいろなことで 君たちの役に立てる。	
7-03549	20405.3	대사	1	そのかわり、些細なことを 手伝って欲しいのだよ。	
7-03550	20405.4	대사	1	我々は、君たちのことも、 他の連中のことも 知っている。	
7-03551	20405.5	대사	1	我々は、火を吹き、 天空を駆け抜ける機械を	
7-03552	20405.6	대사	1	見た。	
7-03553	20405.7	대사	1	ずっと昔にも、 ああいった機械を持っていた者たちがいた。	
7-03554	20413.0	대사	1	ハイガルディだ。	
7-03555	20413.1	대사	1	だが、彼らは今はいない。	
7-03556	20413.2	대사	1	我々は君たちが 空の向こうから 来たことは知っている。	
7-03557	20413.3	대사	1	そして、我々も外の世界へ 進出したいのだ。	
7-03558	20413.4	대사	1	そのために 些細な頼みごとをしたい。	
7-03559	20413.5	대사	1	そうすれば、 我々の組織は謝礼として 君たちの手助けしよう。	
7-03560	20420.2	대사	2	取り引きするかね？	
7-03561	20425.0	대사	1	なぜだね？ 我々を信用できないか？	
7-03562	20425.1	대사	1	我が友よ、この世界には 二つの人種がいる。	
7-03563	20425.2	대사	1	生者と死者だ。	
7-03564	20425.3	대사	1	死者は恐れの中に生き、 常に安全と 安心を求めている。	
7-03565	20425.4	대사	1	常にルールを守りながら、	
7-03566	20425.5	대사	1	未知なる変化に つながるような行動には、	
7-03567	20425.6	대사	1	決して出ようとはしない。	
7-03568	20425.7	대사	1	だが、生者は違う。	
7-03569	20425.8	대사	1	彼らは敢えて 未知と危険に挑み、	
7-03570	20425.9	대사	1	新たな発見を得る。	
7-03571	20425.10	대사	1	臆病になることは 死ぬことと同じと 知っているからだ。	
7-03572	20425.11	대사	1	生きることを 楽しむ決心ができたら、 戻ってきたまえ。	
7-03573	20440.0	대사	1	提案について 考え直してくれたようだね。	
7-03574	20445.0	대사	1	今日は我々にとって 実り多き日だ。	
7-03575	20445.1	대사	1	頼みごとは本当に 些細なことなのだよ。	
7-03576	20445.2	대사	1	ニクタリンスの 古い廃墟のところに	
7-03577	20445.3	대사	1	空飛ぶ機械が降りてくる。	
7-03578	20445.4	대사	1	偵察員は、それが昇ったり 下りたりするのを 何度も見ている。	
7-03579	20445.5	대사	1	次にニクタリンスに それが来るのが いつだか知りたい。	
7-03580	20445.6	대사	1	これが我々の些細な頼みごとというわけだ。	
7-03581	20445.7	대사	1	もしこれを 探ってきてくれれば、	
7-03582	20445.8	대사	1	かわりに地図の一つが どこにあるのかを 教えよう。	
7-03583	20445.9	대사	1	私は地図のことならなんでも知っている。	
7-03584	20445.10	대사	1	君たちが我々の 些細な頼みごとを きいてくれれば、	
7-03585	20445.11	대사	1	我々は君たちが 地図を手に入れるのを 助ける。	
7-03586	20445.12	대사	1	これで取り引きは成立だ。	
7-03587	20445.13	대사	1	我々と手を組むというのは、正しい選択だよ。	
7-03588	20460.2	대사	1	我々の些細な頼みごとを かなえてくれたかね？	
7-03589	20465.0	대사	1	我々は、君たちが 失敗するはずはないと 信じている。	
7-03590	20465.1	대사	1	さぁ、早くこの 些細な頼みごとを かなえてくれたまえ。	
7-03591	20465.2	대사	1	次にニクタリンスに 空飛ぶ機械がいつ来るのかを 探ってくれ！	
7-03592	20470.0	대사	1	{01}銀河標準時２６６：９５/{01}銀河標準時２５１：６８/{01}銀河標準時１１５：３６/{08}銀河標準時０８８：５３/	
7-03593	20470.2	대사	1	ニクタリンスに 空飛ぶ機械が来るのは いつだね？	
7-03594	20475.0	대사	1	しばらく 待っていてくれたまえ。	
7-03595	20480.0	대사	1	君たちのトリックは あまり愉快ではないよ。	
7-03596	20480.1	대사	1	君たちのことが 信じられなくなる。	
7-03597	20485.0	대사	1	たしかに、ありうる。	
7-03598	20485.1	대사	1	よくやってくれたね。	
7-03599	20485.2	대사	1	ニューシティーに、 古い古文書館に通じる	
7-03600	20485.3	대사	1	通路がある。	
7-03601	20485.4	대사	1	ファミリーの友によって、 地図の一部が そこに隠されている。	
7-03602	20485.5	대사	1	もう一つ個人的な お願いごとだが、	
7-03603	20485.6	대사	1	そのうち、もう一つ 頼みごとをすることに なるだろう。	
7-03604	20485.7	대사	1	その時が来たら 連絡をするよ。	
7-03605	20500.0	대사	1	小さなくぼみから、 黒い眼鏡をかけた ラツキンが、	
7-03606	20500.1	대사	1	細い木のステッキを つきながらよろよろと	
7-03607	20500.2	대사	1	歩み出てきた。	
7-03608	20510.0	대사	2	盲人にお恵みを	
7-03609	20515.2	대사	1	旦那様、哀れなものに コインを数枚 いただけませんか？	
7-03610	20520.0	대사	1	オォ！ラズーカが あなたに相応に 報いるでしょう！	
7-03611	20520.1	대사	1	そして年老いた 盲目のラツキンは、 彼の目の具合から	
7-03612	20520.2	대사	1	すれば信じられないほど 素早く元の場所に 戻っていった。	
7-03613	20525.0	대사	1	年老いた盲目のラツキンは 君たちに抱きつき、背中を	
7-03614	20525.1	대사	1	叩きながら叫んだ。	
7-03615	20525.2	대사	1	あなたがたの寛大なお心が 報われますように！	
7-03616	20525.3	대사	1	君たちは、突然、 満たされたような 気分になった。	
7-03617	20525.4	대사	1	必要としている者になにかを与えたということで、	
7-03618	20525.5	대사	1	善行を行った満足感に 浸ったのである。	
7-03619	20535.0	대사	1	アァ！ このお優しい足音には 聞き覚えがございます！	
7-03620	20535.1	대사	1	最近は いかがでございますか？	
7-03621	20540.0	대사	1	年老いたブラインドメイスは奇妙なことに、強引に	
7-03622	20540.1	대사	1	彼のポケットを探ろうという 君たちの試みに ひるみながら、	
7-03623	20540.2	대사	1	怒ったり泣き叫んだりせず、まるで麻痺してしまった かのように	
7-03624	20540.3	대사	1	じっと 立ち尽くすだけだった。	
7-03625	20540.4	대사	1	君たちが探ったばかりの ポケットの一つから、	
7-03626	20540.5	대사	1	まるで誘惑するように、 かすかにハンカチに	
7-03627	20540.6	대사	1	引っかかっるような 状態で指輪が 飛び出していた。	
7-03628	20540.7	대사	1	それはほとんど君たちの 手に落ちんばかりで、	
7-03629	20540.8	대사	1	君たちはそれが地面に落ちて音を立てる寸前に	
7-03630	20540.9	대사	1	さっと掠め取った。	
7-03631	20555.0	대사	1	冷たい風が吹いてきた。 ブラインドメイスは	
7-03632	20555.1	대사	1	空を見上げてこう言った。	
7-03633	20555.2	대사	1	お天気が変わりそうで ございますね？	
7-03634	20555.3	대사	1	そう言うと、 ブラインドメイスは 頭に手を掲げ、	
7-03635	20555.4	대사	1	まるで目に見えない 雨粒から 頭を守るようにしながら	
7-03636	20555.5	대사	1	元いた場所に 素早く戻っていった。	
7-03637	20565.0	대사	1	お会いできて 嬉しゅうございます。	
7-03638	20565.1	대사	1	またお会いしましょう。	
7-03639	20565.2	대사	1	{02}{01}ﾌｧﾝﾊｳｽ/ﾊﾝｼｬ ﾉ ﾕﾋﾞﾜ/	
7-03640	20565.3	대사	1	{01}{01}ﾗﾂｹﾙ/	
7-03641	20570.0	대사	1	　　　　　ラツケル　　　　	
7-03642	20570.1	대사	1	　　　　　盗賊ギルド　　　	
7-03643	20575.0	대사	1	重厚なオークの ドアの向こうから、 くぐもった声が 聞こえてきた。	
7-03644	20575.1	대사	1	入れるのは真の盗賊、 盗人のみ。	
7-03645	20575.2	대사	1	身の証を立てたいのなら、	
7-03646	20575.3	대사	1	窓の間に手を差し入れよ！	
7-03647	20580.0	대사	1	部屋は空っぽで、 古い鎖と燃え尽きた 松明が置かれていた。	
7-03648	20582.0	대사	1	それは古代の ラツキンの魔法使いに 作られたと言われている。	
7-03649	20585.0	대사	1	そこには近付くな！	
7-03650	20587.0	대사	1	オォ、それはおかしい！	
7-03651	20590.1	대사	1	窓の間に手を入れる	
7-03652	20590.2	대사	1	窓に手を入れない	
7-03653	20595.0	대사	1	君たちは危険な要求に 応えることが どれほど賢明かを	
7-03654	20595.1	대사	1	議論しながら 窓の方に近付いた。	
7-03655	20600.0	대사	1	歯を食いしばりながら、 君たちは窓の間に	
7-03656	20600.1	대사	1	手を差し入れた。	
7-03657	20600.2	대사	1	小さな毛だらけの手が、 さっと君たちの手を掠めた。	
7-03658	20600.3	대사	1	それはまるで なにか秘密の儀式を 行っているかのようだった。	
7-03659	20605.0	대사	1	ニィィチ！	
7-03660	20605.1	대사	1	この哀れなのを見てみろ！	
7-03661	20605.2	대사	1	これじゃあ、 目が見えない奴からだって 盗めやしない！	
7-03662	20605.3	대사	1	もっと練習してから 戻ってきな！	
7-03663	20610.0	대사	1	オォ！ギルドの印を 指にはめているね！	
7-03664	20610.1	대사	1	入りなさい、盗人の友よ！	
7-03665	20615.0	대사	1	暗い店の中に入ると、 君たちは見覚えのある	
7-03666	20615.1	대사	1	人影が立っているのに 気づいた。	
7-03667	20620.0	대사	1	君たちの足音がまた聞けて 嬉しいよ。	
7-03668	20620.1	대사	1	だが、正直な話、 君たちの技は まだまだだね。	
7-03669	20620.2	대사	1	荒っぽくて、弱くて、 哀れで、効率が悪く、 遅くて、まぬけで	
7-03670	20620.3	대사	1	まぁこれ以上は言うまい。	
7-03671	20620.4	대사	1	君たちには助けが必要だ。	
7-03672	20620.5	대사	1	それも、かなりたくさん！	
7-03673	20630.0	대사	1	ラズーカはファンハウスから命令を発しているらしい。	
7-03674	20630.1	대사	1	ラズーカと手を組むのは 危険だ。	
7-03675	20630.2	대사	1	一つ間違えば…	
7-03676	20630.3	대사	1	このブラインドメイスも 最初から盲目では なかったのだよ。	
7-03677	20630.4	대사	1	だが、どうしても 中に入りたいのなら、 助けてあげよう。	
7-03678	20638.0	대사	1	チッ！ 全然持ってないのかい！	
7-03679	20640.2	대사	1	鼻に１０００ＧＰ 払う気はあるかい？	
7-03680	20645.0	대사	1	これを使えば中に入れる。 だが、後は自分でやるんだ。	
7-03681	20650.0	대사	1	反射の指輪には 特別な力がある。	
7-03682	20650.1	대사	1	ずっと昔にラツキンの 魔法使いによって作られた。	
7-03683	20650.2	대사	1	私は一つ持っているが、 とても高いよ。	
7-03684	20655.0	대사	4	{08}いいえ/{09}はい/	
7-03685	20655.2	대사	1	１２０００ＧＰ払えるか？	
7-03686	20660.0	대사	1	その力を使うには、 まず指輪の魔法を 呼び覚まさないといけない。	
7-03687	20665.0	대사	1	後で気が変わるかも しれないよ。	
7-03688	20670.0	대사	1	部屋に飛び込んだ君たちは、剣を磨き、 ダガーを研いでいる	
7-03689	20670.1	대사	1	一団のラツキンたちの 邪魔をしてしまった。	
7-03690	20670.2	대사	1	ラツキンたちは 君たちの無謀な 突進を喜んでいるようで、	
7-03691	20670.3	대사	1	後ろに控えていた、 丸々太ったラツキンが 叫んだ。	
7-03692	20670.4	대사	1	"こりゃおもしろい、 ネコが飛び込んできたぜ！	
7-03693	20670.5	대사	1	やっちまいな！	
7-03694	20750.0	대사	1	ファンハウスの中は陰気で、内装もボロボロで、華やいだ	
7-03695	20751.0	대사	1	雰囲気は まったく感じられなかった。	
7-03696	20751.1	대사	1	君たちは、ここには “ファン”という言葉は	
7-03697	20751.2	대사	1	あまり適切ではないと 思い始めた。	
7-03698	20755.0	대사	1	壁には、ぐるぐる回る 扇風機がついており、	
7-03699	20755.1	대사	1	突風を送ってよこしていた。	
7-03700	20760.0	대사	1	床に落ちている 瓦礫の山の中から、君たちは	
7-03701	20760.1	대사	1	錆びた鍵をみつけた。	
7-03702	20765.0	대사	1	壁には、フックがついた 鉄製の棒を支える	
7-03703	20765.1	대사	1	ブロックが二つついていた。	
7-03704	20765.2	대사	1	棒の一つは、その端に 二枚の羽根を持ち、	
7-03705	20765.3	대사	1	それは 自由にくるくる回転する ようになっていた。	
7-03706	20770.0	대사	1	君たちは、 伸び縮みするバンドを フックの間にかけ、	
7-03707	20770.1	대사	1	棒を何回も巻き上げた。	
7-03708	20770.2	대사	1	するとバンドは 勢いよくほどけ始め、	
7-03709	20770.3	대사	1	それにつられて羽根が回り、勢いよく風を送り始めた。	
7-03710	20780.0	대사	1	目の前には、 縦につながった桶が 次々に降りていく縦穴が	
7-03711	20780.1	대사	1	開いており、君たちは そこに落ちないようにと 気をつけた。	
7-03712	20785.0	대사	1	君たちは桶の一つに 無理矢理乗り込んだ。	
7-03713	20790.0	대사	1	縦につながった桶は 君たちを下へ降ろし、	
7-03714	20790.1	대사	1	そのまま閉じた門の 鉄の棒にぶっつけた。	
7-03715	20795.0	대사	1	回転する 桶からの逃げ場を失い、 君たちは	
7-03716	20795.1	대사	1	真っ暗な地下に 落ちていった。	
7-03717	20800.0	대사	1	縦につながった桶は 一旦君たちを下へ降ろし、	
7-03718	20800.1	대사	1	そのまま君たちを 頭上の通路に飛ばした。	
7-03719	20803.0	대사	1	前方の縦穴には、 下から上がってくる 動くベルトがあった。	
7-03720	20805.0	대사	1	動くベルトの上に乗ると、 それは君たちを 廊下まで運んだ。	
7-03721	20807.0	대사	1	オット！	
7-03722	20807.1	대사	1	君たちは偶然、壁の燭台が ゆるんでいることに 気づいた！	
7-03723	20810.0	대사	1	ほんの少しの 水が下りの水路を 勢いよく流れ落ちていたが、	
7-03724	20810.1	대사	1	君たちにはそれが 何のためにあるのか、 よくわからなかった。	
7-03725	20810.2	대사	1	水の深さは せいぜい数センチで、 君たちはその底の	
7-03726	20810.3	대사	1	滑りやすい表面に 手を触れることもできた。	
7-03727	20810.4	대사	1	少なくとも、 そこで背が立たない ということだけは	
7-03728	20815.0	대사	2	なさそうだった。	
7-03729	20818.0	대사	1	水の中に入り、 君たちは水路を 滑り降りた。	
7-03730	20820.0	대사	1	君たちの少し前方に、 奇妙な透明のドームが	
7-03731	20820.1	대사	1	突き出している。	
7-03732	20825.0	대사	1	ドームをよく見てみると、 その表面には 大きな穴が開いていた。	
7-03733	20825.1	대사	1	それは中空の管の ようだった。	
7-03734	20830.0	대사	1	管の中の厚い板の上には、 重くて黒い	
7-03735	20830.1	대사	1	ボールが乗っていた。	
7-03736	20835.0	대사	1	ドームの中に ボールを入れると、それは	
7-03737	20835.1	대사	1	管の中の板の上に落ちて 大きな音を立てた。	
7-03738	20840.0	대사	1	縦穴の上には大きな糸巻が ついており、	
7-03739	20840.1	대사	1	その先には 重そうな金属製の鎖が ついていた。	
7-03740	20845.0	대사	1	鎖は糸巻に 巻きとられていた。	
7-03741	20850.0	대사	1	鎖は縦穴に 垂れ下がっていた。	
7-03742	20855.0	대사	1	糸巻の軸棒に ハンドルを取り付け、	
7-03743	20855.1	대사	1	鎖を一杯まで巻き上げた。	
7-03744	20860.0	대사	1	古い壊れた頭蓋骨の下に、 奇妙なものが落ちていた。	
7-03745	20862.0	대사	1	その部屋は埋葬のための 地下室のようで、 骨だらけだった。	
7-03746	20862.1	대사	1	だが、なにより不吉なことにその内のいくつかは 動いていた。	
7-03747	20865.0	대사	1	通路をよく見てみると、 先の方に道幅一杯の	
7-03748	20865.1	대사	1	巨大な落し穴がいくつも 開いていた。	
7-03749	20865.2	대사	1	そしてその先に、 何色にも塗り分けられ、	
7-03750	20865.3	대사	1	まん中の部分は 真っ赤に塗られた 丸い的が立っていた。	
7-03751	20872.0	대사	1	君たちは落し穴に 飛び込んだ。	
7-03752	20875.0	대사	1	君たちはカラーボールを 的に向かって投げつけた。	
7-03753	20880.0	대사	1	だが、まん中に 当たらなかったボールは、	
7-03754	20880.1	대사	1	通路の向こうの落し穴に 落ちてしまった。	
7-03755	20885.0	대사	1	あたぁぁぁりぃぃぃ！	
7-03756	20890.0	대사	1	床から大きな丸い的が 立っており、	
7-03757	20890.1	대사	1	北側の通路には 大きな落し穴が並んでいる。	
7-03758	20890.2	대사	1	西では、縦につながった桶が次から次へと下に向かい、	
7-03759	20890.3	대사	1	空気をせっせと 運び続けていた。	
7-03760	20895.0	대사	1	上の方では、動くベルトが 床から縦穴の上に向かって	
7-03761	20895.1	대사	1	動き続けていた。	
7-03762	20900.0	대사	1	上にまいりまぁす！	
7-03763	20910.0	대사	1	遥か下の方から、 水が流れている音が	
7-03764	20915.0	대사	1	縦穴の両側には、それぞれ 溝のようなものが 彫られており、	
7-03765	20916.0	대사	1	それはまるで穴を横断する なにかを支える場所として	
7-03766	20916.1	대사	1	用意されているかの ようだった。	
7-03767	20920.0	대사	1	君たちはロープのついた棒を溝に押し込み、	
7-03768	20920.1	대사	1	ロープが穴の下に 垂れるようにした。	
7-03769	20925.0	대사	1	穴の上の方の棒から、 太いロープが 垂れ下がっていた。	
7-03770	20930.0	대사	1	{07}いいえ/{06}はい/	
7-03771	20930.2	대사	1	ロープを登ってみますか？	
7-03772	20935.0	대사	1	ロープに ぶら下がってはみたものの、結局他に行く場所はなく、	
7-03773	20935.1	대사	1	下に落ちるか元に戻るかしかないようだった。	
7-03774	20940.0	대사	1	厚い透明の壁の先に、 水が勢いよく流れる 水路が見えた。	
7-03775	20940.1	대사	1	だが、そこに入ることは できなかった。	
7-03776	20950.0	대사	1	壁を調べてみると、 そこには穴が開いていた。	
7-03777	20950.1	대사	1	その穴は反対側まで くり抜かれており、 向こう側の光が	
7-03778	20950.2	대사	1	こちらにまで 洩れてきていた。	
7-03779	20955.0	대사	1	君たちは長い木の杭を 穴に入れてみた。 するとそれは	
7-03780	20955.1	대사	1	そこにはまり、 さらに奥の方まで 押し込むことができた。	
7-03781	20955.2	대사	1	だが、何も起こらなかった…	
7-03782	20960.0	대사	1	縦穴を上に向かって 放り出されたものの、 どこにもつかまれず、	
7-03783	20960.1	대사	1	再び元のところに 落ちてしまった。	
7-03784	20965.0	대사	1	縦穴を 上に向かって放り出された 君たちは、壁から	
7-03785	20965.1	대사	1	突き出していた 長い木の杭に捕まった。	
7-03786	20965.2	대사	1	君たちは杭をつたって、 隣り合っている通路に出た。	
7-03787	20980.0	대사	1	箱の中には、 太くて伸び縮みする バンドが入っていた。	
7-03788	20980.1	대사	1	それはかなり丈夫そうで、 弾力もかなりあった。	
7-03789	20990.0	대사	1	天井の縦穴の下に、 ちょうど中心のところに 支点を置いた	
7-03790	20990.1	대사	1	長い厚板が置かれていた。	
7-03791	20995.0	대사	1	縦穴からは長い鎖が 垂れ下がっていた。	
7-03792	21000.0	대사	1	黒いピラミッドが 鎖の端につながっており、	
7-03793	21000.1	대사	1	それは厚板の一方の端の上に位置していた。	
7-03794	21005.0	대사	1	汗だくになりながら、 君たちはなんとか 黒いピラミッドを	
7-03795	21005.1	대사	1	鎖の端にぶら下げた。	
7-03796	21010.0	대사	2	厚板の上に乗ると、 君たちがいた方の 端が床についた。	
7-03797	21010.1	대사	2	だが、 他には何も起きなかった。	
7-03798	21015.1	대사	1	そして、 それがそこにあった スイッチを 押したようだった。	
7-03799	21020.0	대사	1	厚板の反対側の縦穴から 重い鎖が落ちてきた。	
7-03800	21025.0	대사	1	重いピラミッドが 厚板の反対側に落ちて、	
7-03801	21025.1	대사	1	君たちは上空に 放り出された。	
7-03802	21030.0	대사	1	１メートルと少しばかり 上昇したものの、	
7-03803	21030.1	대사	2	君たちは そこでばらばらに地面に	
7-03804	21030.2	대사	2	おっこちた。	
7-03805	21035.0	대사	1	魔法の薬を飲んだ途端、 鳥の羽根と同じくらいに	
7-03806	21035.1	대사	1	身軽になった感じがした。	
7-03807	21040.0	대사	1	身軽になった状態のまま、 君たちは急いで	
7-03808	21040.1	대사	1	厚板の上に乗った。	
7-03809	21045.0	대사	1	放り出されて、 君たちは上昇を続けた。	
7-03810	21050.0	대사	1	縦穴を上がって行くと、 そこで突風が 吹き付けてきた。	
7-03811	21050.1	대사	1	君たちは 身軽になっていたので、 その風に流されて	
7-03812	21050.2	대사	1	通路の方に漂っていった。	
7-03813	21055.0	대사	1	縦穴を上がって、 君たちは 可能な限り上昇した。	
7-03814	21055.1	대사	1	だが、 なにもつかむところがなく、また真下に落ちてしまった。	
7-03815	21060.0	대사	1	今日はついてないぃぃぃぃ！	
7-03816	21070.0	대사	1	奇跡のような飛行から 立ち直ると、君たちは再び	
7-03817	21070.1	대사	1	元の体重が戻ってくるのを 感じた。	
7-03818	21075.0	대사	1	床の上にはこぶし大の 木のボールが転がっていた。	
7-03819	21075.1	대사	1	それには奇麗な色で、 星や輪の絵が 描かれていた。	
7-03820	21080.0	대사	1	ちょうどいい具合に 上から垂れ下がっている ロープをつかみ、	
7-03821	21080.1	대사	1	水路の向こう側へと 一気に滑り込んだ。	
7-03822	21085.0	대사	1	台の上には奇妙な黒いボールが 乗っていた。	
7-03823	21085.1	대사	1	それはオーガの頭位の 大きさで、 あまり美しくはなかった。	
7-03824	21090.0	대사	1	目の前の床には、 君たちが全員乗っても 十分なほどの	
7-03825	21090.1	대사	1	大きな四角い板が 置いてあった。	
7-03826	21090.2	대사	1	@その板の向こうには、 天井の縦穴から 降りている	
7-03827	21090.3	대사	1	透明な管があるようだった。	
7-03828	21095.0	대사	1	板の上に乗ってみると、 台はちょうど	
7-03829	21096.0	대사	1	管の端の真下に あるようだった。	
7-03830	21096.1	대사	1	それはなんらかの 引金的な仕掛として	
7-03831	21096.2	대사	1	板に接続されている ようだった。	
7-03832	21100.0	대사	1	管を調べてみると、 その下の台は上から 落ちてくるものを	
7-03833	21100.1	대사	1	受け止めるように 作られているようだった。	
7-03834	21110.0	대사	1	板の上に乗ると、 かすかにカチリ という音がした。	
7-03835	21110.1	대사	1	大きな黒いボールが 管の中を落ちてきて、	
7-03836	21110.2	대사	1	真下の台の上に落ちた。	
7-03837	21115.0	대사	1	と、突然、 板全体が上の方に 打ち出され、	
7-03838	21115.1	대사	1	君たちは縦穴を上に向かって放り出された。	
7-03839	21120.0	대사	1	君たちは縦穴を落下し、 衝撃と共に	
7-03840	21120.1	대사	1	板の上におっこちた。	
7-03841	21125.0	대사	1	すみの方に、 かなりしっかりした 棒に結ばれた	
7-03842	21125.1	대사	1	太いロープが あるのが目に入った。	
7-03843	21130.0	대사	1	６つの槍	
7-03844	21130.2	대사	1	１番	
7-03845	21130.3	대사	1	２番	
7-03846	21130.4	대사	1	３番	
7-03847	21130.5	대사	1	４番	
7-03848	21130.6	대사	1	５番	
7-03849	21130.7	대사	1	６番	
7-03850	21140.0	대사	1	壁には、長い金属製の槍が 並んでおり、	
7-03851	21140.1	대사	1	そのまん中には長い止め金が打たれていた。	
7-03852	21140.2	대사	1	槍は全部で六本あり、 円形に 配置されていた。	
7-03853	21140.3	대사	1	槍はそれを止めている 止め金を軸にして	
7-03854	21140.4	대사	1	回転するようになっていた。	
7-03855	21140.5	대사	1	さらに近付いて よく見てみると、 それはなにかの	
7-03856	21140.6	대사	1	仕掛になっているようで、 槍はギアにつながっており	
7-03857	21140.7	대사	1	それが回ることで他のギアが動くようになっていた。	
7-03858	21140.8	대사	1	なぜそこに槍があるのか、 その仕掛がなにに 使われるのかは	
7-03859	21140.9	대사	1	よくわからなかったが、 それはおそらくなにか 鍵のような役目	
7-03860	21140.10	대사	1	をしていて、 もし槍が正しい手順で 回転させられれば、	
7-03861	21140.11	대사	1	そこを開けることが できるようだった。	
7-03862	21160.0	대사	1	箱の中には、 古い文書の切れ端が	
7-03863	21160.1	대사	1	蝋紙で丁寧に包まれた形で 置かれていた。	
7-03864	21165.0	대사	1	箱の中には蝋紙のかけらが 散乱しているだけだった。	
7-03865	21170.0	대사	1	ファンハウスから 抜け出してみると、 そこはラツキンの廃墟の	
7-03866	21170.1	대사	1	近くの森の中のようだった。	
7-03867	21175.0	대사	1	森は廃墟を覆いつくす形で 繁っており、	
7-03868	21175.1	대사	1	その入り口を 完璧に塞いでいた。	
7-03869	21177.0	대사	1	おそらく、ここからでは 入れないであろう。	
7-03870	21180.0	대사	1	木の間を通り抜けていると、君たちは自然の悪戯が	
7-03871	21180.1	대사	1	木々の節やこぶをまるで 顔のように作り上げ、	
7-03872	21180.2	대사	1	そこに気取った笑い顔を 浮かべさせていることに 気づいた。	
7-03873	21185.0	대사	1	その時、君たちは 木の顔がウインクしたのを 目撃した。	
7-03874	21185.1	대사	1	その出来事に 驚いているすきに、 君たちは木の枝に	
7-03875	21185.2	대사	1	包み込まれてしまった。	
7-03876	21190.0	대사	1	抵抗しようとする間もなく、君たちは木の上に運ばれ、	
7-03877	21190.1	대사	1	枝から枝へと運ばれ、 最後に人の手が 入っていない	
7-03878	21190.2	대사	1	雨曝しの小屋の中に落されたそこはどうも木の上か、	
7-03879	21190.3	대사	1	その間に吊されて いるようだった。	
7-03880	21190.4	대사	1	そこは完全に放棄された 場所のようだった。	
7-03881	21200.0	대사	1	おっと！ !完全に放棄された わけではないようだ！	
7-03882	21205.0	대사	1	しゃがんでいた ラツキンたちは 君たちの侵入に 驚いたようで、	
7-03883	21205.1	대사	1	君たちがやってきたことは 瞬時にラツキンたち全員に	
7-03884	21205.2	대사	1	伝わったようだった。	
7-03885	21210.0	대사	1	顔を持った木のところを 通ろうとすると、 それはウインクをして	
7-03886	21210.1	대사	1	君たちを枝で捕まえて 上に運んだ。	
7-03887	21215.0	대사	1	木の頂上の枝をつかんで、 君たちは地面に	
7-03888	21215.1	대사	1	降り立った。	
7-03889	21300.1	대사	1	山に登る	
7-03890	21300.2	대사	5	ここに残る	
7-03891	21305.0	대사	1	上に登る道が続いている。	
7-03892	21310.1	대사	1	山を降りる	
7-03893	21315.0	대사	1	下に降りる道が続いている。	
7-03894	21320.0	대사	1	!君たちは慎重に 危ない道を進んだ。	
7-03895	21325.0	대사	1	!君たちは滑っておっこちた！	
7-03896	21330.0	대사	1	君たちは切り立った崖の上に 立った。 下の方には先ほどの森が、	
7-03897	21330.1	대사	1	まるで緑の芝生の上の 点のように見えた。	
7-03898	21335.0	대사	1	山肌はゴツゴツしており、 なんとか降りられそうな 気もした。	
7-03899	21335.1	대사	1	だが、よく調べてみると、 大きな岩に くくりつけられた	
7-03900	21335.2	대사	1	腐ったロープが下に まっすぐに 垂れ下がっており、	
7-03901	21335.3	대사	1	すでにここを 降りようとしたものが いたようだった。	
7-03902	21335.4	대사	1	残念なことに、 ロープは触った途端に ボロボロになってしまい、	
7-03903	21340.0	대사	1	結局なんの役にも 立たなかった。	
7-03904	21345.0	대사	1	崖の大きな岩に つるをよって作った ロープをしっかりくくり、	
7-03905	21345.1	대사	1	君たちはそれが下の地面に 届きそうなことを 確かめた。	
7-03906	21345.2	대사	1	少し前まで、それは 遥か遠くのように見えた。	
7-03907	21350.0	대사	1	つるを崖から垂らしてみたが、それは下の森に達するには	
7-03908	21350.1	대사	1	少し短かった。	
7-03909	21360.1	대사	1	長いツルを登る	
7-03910	21365.0	대사	1	長いつるが上の方から 崖にそって 垂れ下がっていた。	
7-03911	21370.1	대사	1	長いツルを降りる	
7-03912	21375.0	대사	1	長いつるが崖から 下の森に向かって 垂れ下がっていた。	
7-03913	21380.0	대사	1	君たちは切り立った 崖の真下にいた。 その崖はほぼ垂直で	
7-03914	21380.1	대사	1	よじ登ったりすることは 不可能なようだった。	
7-03915	21380.2	대사	1	それはまるで天国まで 一直線に つながっているようだった。	
7-03916	21390.0	대사	1	おっこちて無惨な死を遂げる可能性を顧みず、	
7-03917	21390.1	대사	1	君たちは困難な崖登りに 挑戦した。	
7-03918	21400.1	대사	1	ツルを登る	
7-03919	21405.0	대사	1	木から長く太いつるが 下がっていた。 それは地面を越えて	
7-03920	21405.1	대사	1	数百メートルも上の 崖の上にまで伸びていた。	
7-03921	21410.0	대사	1	つるはがっしりとしており、丈夫という言葉が ぴったりであった。	
7-03922	21410.1	대사	1	しかし、山肌には あまりしっかりとは くっついておらず、	
7-03923	21410.2	대사	1	グィっと引っ張っただけで 落ちてきてしまった。	
7-03924	21450.0	대사	1	森の端に来てみると、 君たちは恐怖に	
7-03925	21450.1	대사	1	背筋を凍らせた。	
7-03926	21455.0	대사	1	夜の風が不気味に、 魔法のようにうなり、 君たちは	
7-03927	21455.1	대사	1	幽霊が出没するような 場所にいるということに	
7-03928	21455.2	대사	1	気づかされた。	
7-03929	21460.0	대사	1	君たちは背筋が凍るような 場所に出た。 一瞬、君たちの周りに	
7-03930	21460.1	대사	1	なにかが出現し、 そして消えた。	
7-03931	21465.0	대사	1	魔法のヘルメットの レンズを通してみると、 周りの	
7-03932	21465.1	대사	1	超自然的な空間で、 色鮮やかな幽霊たちが	
7-03933	21465.2	대사	1	踊り回っていた。	
7-03934	21465.3	대사	1	彼らはなにかを中心にして 踊っているようで、	
7-03935	21465.4	대사	1	時折その中心に向かって 突いたり 突進したりしていた。	
7-03936	21470.0	대사	1	そしてそれにあわせて、 未知の生き物があげる 苦痛に満ちた	
7-03937	21470.1	대사	1	悲鳴が聞こえてきた。	
7-03938	21475.0	대사	1	君たちはその幽霊の 一つに近付いた。 するとそれは、まるで	
7-03939	21475.1	대사	1	威嚇するかのように 振り向いた。	
7-03940	21480.0	대사	1	トロールのこぶと ガイコツの頭、	
7-03941	21480.1	대사	1	我、東の魔女を 死にいたらしむ。	
7-03942	21480.2	대사	1	金の耳にて 彼女の望みはかない、	
7-03943	21480.3	대사	1	かくして、バーバナ、 山にて汝を呼ぶ！	
7-03944	21485.0	대사	1	ミイラの墓と魔女の織機、	
7-03945	21485.1	대사	1	我、西の魔女を破滅に導く。	
7-03946	21485.2	대사	1	金の鼻にて 彼女の望みはかない、	
7-03947	21485.3	대사	1	かくして、カーメラ、 山にて汝を呼ぶ！	
7-03948	21490.0	대사	1	黒ずんだ鎖と死者の血管、	
7-03949	21490.1	대사	1	我、南の魔女に 災いをもたらす。	
7-03950	21490.2	대사	1	金の歯にて 彼女の望みはかない、	
7-03951	21490.3	대사	1	かくして、ザンダサ、 山にて汝を呼ぶ！	
7-03952	21495.0	대사	1	氷の炎とゴブリンの薪、	
7-03953	21495.1	대사	1	我、北の魔女に子を 生ませる。	
7-03954	21495.2	대사	1	金の目にて 彼女の望みはかない、	
7-03955	21495.3	대사	1	かくして、ナラルダ、 山にて汝を呼ぶ！	
7-03956	21500.0	대사	1	踊っている悪霊たちの間に、さらに別の霊が現れた。	
7-03957	21505.0	대사	1	彼女は、華奢で 高貴な感じがする 体を震わせて叫んだ。	
7-03958	21505.1	대사	1	助けて！	
7-03959	21505.2	대사	1	突然、恐ろしい幽霊たちは 彼女に突進して、 傷つけ始めた。	
7-03960	21505.3	대사	1	君たちはなす術もなく、 彼女が悶え、消え去るのを 見つめた。	
7-03961	21510.0	대사	1	突然、上空に、 おぞましい生き物の群に 追われる	
7-03962	21510.1	대사	1	黒い鳥が飛んでいるのが 目に入った。	
7-03963	21510.2	대사	1	黒い鳥は、 その絶望的な状況を 君たちに伝えようと	
7-03964	21510.3	대사	1	するかのように 君たちの真上に舞い降りた。	
7-03965	21515.0	대사	1	死にかけている鳥は 君たちの目の前に やってきて、	
7-03966	21515.1	대사	1	君たちには 決して理解できない なにかを叫ぼうとした。	
7-03967	21515.2	대사	1	アル・ビエ	
7-03968	21515.3	대사	1	そして鳥は再び飛び立ったがそれを追跡するものは	
7-03969	21515.4	대사	1	あっという間に増え、 もはや鳥が 逃げ切れる見込は	
7-03970	21515.5	대사	1	まったくなさそうだった。	
7-03971	21530.0	대사	1	上方に、黒い山の無愛想な 鋭い頂上が見えてきた。 その頂は	
7-03972	21531.0	대사	1	空にそびえ立ち、 君たちはその姿に 畏怖の念と不吉な予感を	
7-03973	21531.1	대사	1	同時に感じた。	
7-03974	21535.0	대사	1	壮大なアクパイル山の頂上が東方で濃い紫の色合いに	
7-03975	21535.1	대사	1	染まっていた。 その麓には森が拡がり、 ベルベットの海に	
7-03976	21535.2	대사	1	点在する野の花の色が、 のどかな雰囲気を 醸し出していた。	
7-03977	21540.0	대사	1	魔女の山の暗黒の頂に 登って行くと、 君たちはまるで	
7-03978	21540.1	대사	1	超自然的な世界のステージに立ったような気がしてきた。	
7-03979	21545.0	대사	1	山腹に幽霊が現れた。	
7-03980	21545.1	대사	1	彼女はじっと立ち止まり、 君たちがいる 方向を見つめた。	
7-03981	21545.2	대사	1	彼女は手になにか 持っているようだった。	
7-03982	21545.3	대사	1	と、彼女は突然向こうを むいてしまい、 跡形もなく消え失せた。	
7-03983	21560.0	대사	1	頭上に小さな光の群が 動いているのが見えた。	
7-03984	21565.0	대사	1	小さな光は、 常に君たちの上を 動いているようだった。	
7-03985	21570.0	대사	1	小さな光は 暗闇の中に消えた。	
7-03986	21572.0	대사	1	暗闇から現れた星の群が 君たちを飲み込んだ！	
7-03987	21575.0	대사	1	君たちは身も凍るような 寒気を感じた。	
7-03988	21575.1	대사	1	だが、なにも見ることは できなかった。	
7-03989	21575.2	대사	1	もしかすると、 それはただの冷たい風だったのかもしれない。	
7-03990	21575.3	대사	1	だが、それはとてつもなく 冷たい感覚を残していった。	
7-03991	21580.0	대사	1	目の前に鎖で縛られた姿の 幽霊が現れた。	
7-03992	21580.1	대사	1	それはなにかを 嘆願するように 君たちの方を見つめた。	
7-03993	21580.2	대사	1	まるで君たちからなにかを 得ようとするかのように。	
7-03994	21580.3	대사	1	そして、今度は怒り始め、 君たちの方に突進してきた。	
7-03995	21580.4	대사	1	その顔は死人のようになり、君たちの中に 入り込んできた。	
7-03996	21580.5	대사	1	そしてそれは消え去り、 君たちの中に 冷たい感覚だけを残した。	
7-03997	21590.0	대사	1	遠くから奇妙な音が 聞こえてきた。	
7-03998	21590.1	대사	1	それは、 女性が泣いているような 音だった。	
7-03999	21590.2	대사	1	続いて、それは誰かを呼ぶ 声のような音に変わった。	
7-04000	21590.3	대사	1	そして、今度はささやき声に変わった。	
7-04001	21590.4	대사	1	けれども、 それを聞き取るには 音が小さすぎた。	
7-04002	21600.0	대사	1	魔女の物語	
7-04003	21600.1	대사	1	むかしむかし、とても美しい ハイリンダという名の魔女が	
7-04004	21600.2	대사	1	おりました。 @彼女はとても強く、 美しい魔女でした。	
7-04005	21600.3	대사	1	彼女は山の頂上にすみ、 目が届く場所すべてを 支配していました。	
7-04006	21600.4	대사	1	彼女は正しく よい魔女でしたから、 彼女の支配する場所にすむ	
7-04007	21600.5	대사	1	動物たちは、とても幸せな 暮らしができました。	
7-04008	21600.6	대사	1	そして、そこを通る旅人が 困っているときも、 彼女は助けの手を 差し延しました。	
7-04009	21600.7	대사	1	彼女の両親も 魔法使いでした。 彼女は両親から 未来を予測する	
7-04010	21600.8	대사	1	力を受け継ぎましたが、 それは滅多に授からない 特別な力でした。	
7-04011	21600.9	대사	1	彼女は魔法使いの家の ただ一人の子供では ありませんでした。	
7-04012	21600.10	대사	1	彼女には四人の姉妹が おりました。 姉妹は彼女の美しさと力を	
7-04013	21600.11	대사	1	羨ましく思いながら、 一緒に山で 暮らしていました。	
7-04014	21600.12	대사	1	日がたつにつれ姉妹たちは、彼女の人気に嫉妬し、	
7-04015	21600.13	대사	1	四人で力を合わせて ハイリンダの行った よいことをすべて	
7-04016	21600.14	대사	1	なくしてしまう ことにしました。 姉妹たちは彼女を苦しめ、	
7-04017	21600.15	대사	1	できる限り意地悪をしました四人の姉妹は、 それぞれ名前に	
7-04018	21600.16	대사	1	北、南、東、西を名乗り、 彼女たちの 周りのすべての場所を	
7-04019	21600.17	대사	1	支配することにしました。 そうして、 悪いことはなんでも	
7-04020	21600.18	대사	1	行われるように しようとしました。 けれども、彼女たちが	
7-04021	21600.19	대사	1	どんな罠、仕掛、悪いことを行おうと計画しても、 	
7-04022	21600.20	대사	1	常にハイリンダは 先回りをして 彼女たちの邪魔をしました。 そして	
7-04023	21600.21	대사	1	悪いことをすべてよいことに変えてしまいました。 なぜなら、	
7-04024	21600.22	대사	1	ハイリンダは 未来を見ることができたので姉妹たち自身よりも	
7-04025	21600.23	대사	1	先に、彼女たちが なにをするのか わかってしまうのです。	
7-04026	21600.24	대사	1	そんなある日、 ついに四人の姉妹は 我慢できなくなり、	
7-04027	21600.25	대사	1	ハイリンダが二度と再び 邪魔をできないように することに	
7-04028	21626.0	대사	1	しました。 ある晩、ハイリンダが よいことをしている夢を見て	
7-04029	21626.1	대사	1	寝入っているすきに、 姉妹たちは 彼女の部屋に入り込み、 恐ろしい	
7-04030	21626.2	대사	1	魔法の呪文を 彼女にかけてしまいました。それは彼女の顔を 奪ってしまう	
7-04031	21626.3	대사	1	魔法だったのです。 美しい彼女の顔、 彼女の鼻、彼女の口、	
7-04032	21626.4	대사	1	彼女の耳、 そして魔法の目は彼女から 奪い去られました。	
7-04033	21626.5	대사	1	四人の姉妹は、 彼女の顔の一部を それぞれとってしまい、	
7-04034	21626.6	대사	1	これによって 彼女の魔法の力と、 彼女の美しさを 共有しようとしました。	
7-04035	21626.7	대사	1	けれども、ハイリンダは 姉妹たちよりも賢く、	
7-04036	21626.8	대사	1	姉妹たちがなにを 計画しているのかも 知っていましたので、	
7-04037	21626.9	대사	1	その夜、眠る前に特別な ポーションを使って 自分自身の顔を	
7-04038	21626.10	대사	1	金に変えてしまったのです。	
7-04039	21626.11	대사	1	彼女の口、鼻、耳、目が 奪われてしまっても、 彼女は	
7-04040	21626.12	대사	1	傷つくこともなく、 死にもしませんでした。 そしてこれらの	
7-04041	21626.13	대사	1	顔の一部は血でも肉でも ありませんでしたから、 彼女の	
7-04042	21626.14	대사	1	姉妹たちの顔の一部も 金に変わってしまいました。けれども	
7-04043	21626.15	대사	1	ハイリンダは顔は失い、 外の世界から切り離されて しまいました。	
7-04044	21626.16	대사	1	四人の姉妹は 山から周りを支配し、 周りを恐怖に陥れ、	
7-04045	21626.17	대사	1	すべての悪いことを 行うことにしました。 そしてハイリンダの	
7-04046	21626.18	대사	1	計略と顔の一部を 金に変えられて しまったことに 復讐するため、	
7-04047	21626.19	대사	1	毎晩彼女の元に悪魔や幽霊、グール、悪鬼などを送り込み	
7-04048	21626.20	대사	1	彼女を責め 苛んで苦しめました。	
7-04049	21626.21	대사	1	五人の姉妹は、 いまでも山にすんでいると いわれています。	
7-04050	21626.22	대사	1	そして毎晩、魔女の時間、 魔女のガラスを通して 眺めれば、	
7-04051	21626.23	대사	1	誰でも彼女たちの霊が 森からやってきて、 拷問の踊りを	
7-04052	21626.24	대사	1	踊りながら ハイリンダのことを 無慈悲に 責め続けている様子を	
7-04053	21626.25	대사	1	眺めることができるでしょう	
7-04054	21626.26	대사	1	彼女はいまだに 山の中を放浪し、 彼女の美しさと、	
7-04055	21653.0	대사	1	彼女の顔を 取り戻してくれる人が やってくるのを	
7-04056	21653.1	대사	1	待っているのです。	
7-04057	21653.2	대사	1	おわり	
7-04058	21660.0	대사	1	箱を開けると、 中には蝋紙で包まれた包が	
7-04059	21660.1	대사	1	入っていた。	
7-04060	21660.2	대사	1	包の中には古い文書の 切れ端が入っていた。	
7-04061	21700.0	대사	3	洞窟の壁には 黒い石でできた 鏡がかかっていた。	
7-04062	21700.1	대사	1	近付いてみると、その中に 金の耳を持つ顔が現れた。	
7-04063	21705.1	대사	1	近付いてみると、その中に 金の歯を持つ顔が現れた。	
7-04064	21710.1	대사	1	近付いてみると、その中に 金の鼻を持つ顔が現れた。	
7-04065	21715.0	대사	1	洞窟の壁には 黒い石でできた鏡が かかっていた。	
7-04066	21715.1	대사	1	近付いてみると、その中に 金の目を持つ顔が現れた。	
7-04067	21720.0	대사	1	{06}バーバナ/{12}ザンダサ/{12}カーメラ/{12}ナラルダ/	
7-04068	21720.2	대사	1	コウモリのおできと カラスの血、 東の魔女はなんと名乗る？	
7-04069	21725.0	대사	1	{12}バーバナ/{03}ザンダサ/{12}カーメラ/{12}ナラルダ/	
7-04070	21725.2	대사	1	ネズミの尻尾と悪魔の血、 南の魔女はなんと名乗る？	
7-04071	21730.0	대사	1	{12}バーバナ/{12}ザンダサ/{09}カーメラ/{12}ナラルダ/	
7-04072	21730.2	대사	1	カエルのイボと黒猫の血、 西の魔女はなんと名乗る？	
7-04073	21735.0	대사	1	{12}バーバナ/{12}ザンダサ/{12}カーメラ/{0C}ナラルダ/	
7-04074	21735.2	대사	1	ドラゴンの翼とオーガの血、北の魔女はなんと名乗る？	
7-04075	21740.0	대사	1	名前を叫ぶと、 シッという声が渦巻き、	
7-04076	21740.1	대사	1	君たちの目の前に 色つきの煙が 吹き出してきた。	
7-04077	21740.2	대사	1	そして、逆巻く煙は、 狂乱する魔女の	
7-04078	21740.3	대사	1	姿を取った。	
7-04079	21750.0	대사	1	我が名を呼ぶもの、 災いを受けるがよい！	
7-04080	21755.0	대사	1	{12}いいえ/{13}はい/	
7-04081	21755.2	대사	1	私の鞄を金１０００で 満たしてくれるか？	
7-04082	21760.0	대사	1	予言はなされた！	
7-04083	21760.1	대사	1	煙の柱が魔女を包み、 まばゆく白い光を発した。	
7-04084	21760.2	대사	1	君たちの目は そこに釘付けになり、 その中に新たな姿が	
7-04085	21760.3	대사	1	現れるのを見続けた。	
7-04086	21765.0	대사	1	これを知っておるか？	
7-04087	21770.0	대사	1	倒れた人影の くしゃくしゃになった体は、黒ずんだ霞の	
7-04088	21770.1	대사	1	ただ中で形を変え始めた。	
7-04089	21770.2	대사	1	そして狂乱する魔女の 血塗れの死体になった。	
7-04090	21770.3	대사	1	それはばらばらに分解し、 静かな空気の中に霧散した。	
7-04091	21770.4	대사	1	そして、洞窟の地面に 小さな光る物体を残して、	
7-04092	21770.5	대사	1	なにもなくなってしまった。	
7-04093	21780.0	대사	1	汝が見るのは死！ そして死こそ勝利！	
7-04094	21780.1	대사	3	そして、人影は攻撃を 仕掛けてきた！	
7-04095	21785.0	대사	1	彼女の黒き額の裏に、 秘密の光宿れり！	
7-04096	21790.0	대사	1	彼の主が織り込む計略の中、新たなるゲーム仕組まれん！	
7-04097	21795.0	대사	1	彼のものにより 宇宙は亡び、 新たに創造されん！	
7-04098	21795.1	대사	1	そして、人影の瞳が 輝き始めた！	
7-04099	21800.0	대사	1	洞窟の壁には黒い石でできた鏡がかかっていた。	
7-04100	21800.1	대사	1	近付いてみると、その中に 顔を持たない顔が現れた。	
7-04101	21800.2	대사	1	彼女はすぐには消えず、 その手になにかを 握っていた。	
7-04102	21800.3	대사	1	そして君たちの後ろを指さし静かに消え去っていった。	
7-04103	21805.0	대사	1	振り向いてみると、 先ほどまでは なにもなかったところに、	
7-04104	21805.1	대사	1	小さな台と輝く物体が 出現していた。	
7-04105	21810.0	대사	1	台の方に近付いて よく見てみると、 その輝く物体は	
7-04106	21810.1	대사	1	人間の頭の形を しているようだった。	
7-04107	21810.2	대사	1	それは金でできており、 顔の造作が欠けていた。	
7-04108	21810.3	대사	1	顔がない、 金の頭だったのである。	
7-04109	21815.0	대사	1	魔女の金の耳を金の頭の横におしつけると、	
7-04110	21815.1	대사	4	それは魔法のように 継目なくその場に おさまった。	
7-04111	21820.0	대사	1	魔女の金の歯を 金の頭におしつけると、	
7-04112	21825.0	대사	1	魔女の金の鼻を 金の頭におしつけると、	
7-04113	21830.0	대사	1	魔女の金の目を 金の頭におしつけると、	
7-04114	21835.0	대사	1	美しい黄金の顔は完成し、 青白い光がその魅惑的な	
7-04115	21836.0	대사	1	表情の周りで 一つに融合した。	
7-04116	21840.0	대사	1	黄金の魔女の周りから 煙の柱が立ち上り、	
7-04117	21840.1	대사	1	美しく光り輝くハイリンダは再び完全になった。	
7-04118	21840.2	대사	1	一方の手は平和と 静寂の象徴として 高く掲げられ、	
7-04119	21840.3	대사	1	もう一方にはまばゆく輝く ピラミッドが おさまっていた。	
7-04120	21840.4	대사	1	その頂上には、光り輝く目がのっていた。	
7-04121	21840.5	대사	1	そして、繊細で優しい声で、彼女は話し始めた。	
7-04122	21840.6	대사	1	暗黒の最後のとき、 戦いが激しさを極め、 すべての望みが	
7-04123	21840.7	대사	1	失われようとするとき… この像、エリシアドを	
7-04124	21840.8	대사	1	あなたがたの導き手とし、 その運命の地への 案内としてください。	
7-04125	21840.9	대사	1	あなたがたが、 この私のところに 導かれたように…	
7-04126	21840.10	대사	1	彼女が聖なる像の上に 手をかざすと、 その色は漆黒に変わった。	
7-04127	21840.11	대사	1	彼女はそれを台の上に置き、	
7-04128	21840.12	대사	1	再び話し始めた。	
7-04129	21840.13	대사	1	この周囲の中に あなたがたの謎の一部が 隠されています。	
7-04130	21840.14	대사	1	予言はなされました。 今や、 その隠されたるものが	
7-04131	21840.15	대사	1	明かされるときが まいったのです。	
7-04132	21840.16	대사	1	忘れてはなりません。 あなたがたは、 つねに自ら自身を	
7-04133	21840.17	대사	1	発見する旅を 歩んでいるのです。	
7-04134	21840.18	대사	1	そして、 渦巻く虹色の雲の中で 彼女は蒸発して、	
7-04135	21840.19	대사	1	ゆっくりと 消え去っていった。	
7-04136	21865.0	대사	1	暗黒のピラミッドを 手に取った途端、 特別な祝福を伴う	
7-04137	21865.1	대사	1	魔術的な力が、 体中にみなぎってくるような 気がした。	
7-04138	21870.0	대사	1	洞窟の中にほんの少し 震えが走り、かすかに 地鳴りのような音も	
7-04139	21870.1	대사	1	聞こえたが、 すぐにそれは引いて 再び静寂が戻ってきた。	
7-04140	21880.0	대사	1	もの凄い震動と共に、 ふくれ上がった 水たまりの中心から	
7-04141	21880.1	대사	1	水が吹き上がり、 その中を通って行くことは ほとんど	
7-04142	21880.2	대사	1	不可能なように思われた。	
7-04143	21880.3	대사	1	水際に凍った白い鉱物が どんどん堆積し、	
7-04144	21880.4	대사	1	それはものすごい勢いで 積み上がり続けて、 あっという間に	
7-04145	21880.5	대사	1	数メートルの高さになった。	
7-04146	21890.0	대사	1	前方では、ものすごい勢いで水が吹き出しており、	
7-04147	21890.1	대사	1	水の流れは君たちを 押し流しそうなほどだった。	
7-04148	21895.0	대사	1	荒れ狂う水の流れは君たちを引きずりこんだ。	
7-04149	21900.0	대사	1	洞窟の入り口で立ち止まり、 君たちは中の様子を うかがった。	
7-04150	21900.1	대사	1	そお遠くないあたりから、 なにかの音が聞こえてきた。	
7-04151	21900.2	대사	1	それは水が勢いよく 流れているような音だった。	
7-04152	21900.3	대사	1	その音の反響の 具合からすると、 洞窟はそれほど 深いものでは	
7-04153	21910.0	대사	1	水際に近付いてみてみると、水はかなり勢いよく 波打って	
7-04154	21910.1	대사	1	いるようだった。 君たちはこの水たまりの波がなにによって	
7-04155	21910.2	대사	1	起こされているのかに 興味を持った。	
7-04156	21910.3	대사	1	水際には美しい白い粉が 積み上がって、 水たまりの縁を	
7-04157	21910.4	대사	1	彩っていた。 それは長年に渡って、 波が結晶化した鉱石を	
7-04158	21910.5	대사	1	運んできて積み上げた結果のようだった。	
7-04159	21920.0	대사	1	その白っぽい粉を ひと掴みとって、 まず匂いをかぎ、	
7-04160	21920.1	대사	1	ついで味わってみると… それは塩からかった。	
7-04161	21930.0	대사	2	謎の卵を塩の上に置き、 君たちは一歩引き下がって	
7-04162	21930.1	대사	2	何かが起きるのを待った。	
7-04163	21930.2	대사	2	だが、何も起きなかった。	
7-04164	21940.3	대사	1	最初は。	
7-04165	21940.4	대사	1	しかし、しばらくすると、 塩が堅い石のような殻を	
7-04166	21940.5	대사	1	溶かし始めていることが わかった。	
7-04167	21940.6	대사	1	それは卵と反応し、 音をたてながらはじけて 泡を吹き始めた。	
7-04168	21940.8	대사	1	そして、ついに爆発した！	
7-04169	21950.0	대사	1	その勢いはもの凄かったが、誰も怪我をしたものは なかった。	
7-04170	21950.1	대사	1	実際、 それは楽しいと言っても 差し支えないような 驚きだった。	
7-04171	21955.0	대사	1	君たちは立ち上がって 体をはたき始めた。 と、その時、	
7-04172	21955.1	대사	1	見るからに雄大な生き物が、真上からまっすぐ 君たちの方に	
7-04173	21955.2	대사	1	飛んでくるのを目にした。	
7-04174	21960.0	대사	1	苦役から 食べ物を生み出すのは 体ではないのか？	
7-04175	21961.0	대사	1	苦悩から理解を手にするのは心ではないのか？	
7-04176	21961.1	대사	1	混沌から秩序を導き出すのは精神ではないのか？	
7-04177	21961.2	대사	1	そして、虚無から 実り多き創造を生み出すのは	
7-04178	21961.3	대사	1	これら以上の なんだというのか？	
7-04179	21966.0	대사	1	そして、その驚異の主は 泡立つ水面の際に向かって	
7-04180	21966.1	대사	1	降りたかと思うと、逆巻く海の上に	
7-04181	21966.2	대사	1	高いアーチを描き、 色鮮やかな渦巻く煙を従えて	
7-04182	21966.3	대사	1	飛びさっていった。	
7-04183	21971.0	대사	1	そしてその逆巻く海と 色鮮やかな アーチの向こうから叫んだ。	
7-04184	21971.1	대사	1	よく考えるのだ。 これこそ、最大の謎にいたる	
7-04185	21971.2	대사	1	唯一の鍵なのだから。	
7-04186	21975.0	대사	1	君たちの目の前、 泡立つ水たまりの上には、	
7-04187	21975.1	대사	1	虹のアーチが架かっていた。	
7-04188	21978.2	대사	1	アーチに足を掛けますか？	
7-04189	21982.0	대사	1	足を踏み出すと、 虹のアーチは君たちを	
7-04190	21982.1	대사	1	泡立つ水たまりの向こうに 運んでいった。	
7-04191	21985.0	대사	1	洞窟の床に、 黒い虫がつまっている	
7-04192	21985.1	대사	1	浅い落し穴が開いていた。	
7-04193	21990.0	대사	1	虫の落し穴の中に はいってみると、 	
7-04194	21990.1	대사	1	手になにか 金属製の棒のようなものが あたった。	
7-04195	21990.2	대사	1	手を引き抜くと、 そこには輝く杖が 握られていた。	
7-04196	21990.3	대사	1	あの生き物の 不思議な言葉が、 これに関係あるのかも しれない。	
7-04197	21995.2	대사	1	大理石の台だけが、 虚しくそこに おかれていた。	
7-04198	22000.0	대사	1	君たちを誘うように、 山の渓谷に巨大な洞窟が 口を開けていた。	
7-04199	22000.1	대사	1	様子からすると、 そこの住人は かなりの巨人のようだった。	
7-04200	22000.2	대사	1	でも、留守かもしれない…	
7-04201	22005.0	대사	1	曲がりくねって 山間を下るかなりの量の 水の流れは、	
7-04202	22005.1	대사	1	アイラン川の 地下水流に違いなかった。	
7-04203	22005.2	대사	1	このあたりに いるものにとって、 これは新鮮な水の 供給源として	
7-04204	22005.3	대사	1	役だっているようだったが、それ以外にも、ゴミや	
7-04205	22005.4	대사	1	邪魔者を捨て去るのにも 便利なようだった。	
7-04206	22015.0	대사	1	君たちは、巨大な人物の 領土を侵犯してしまった ようだった。	
7-04207	22020.0	대사	1	ガルルルゥ！雑魚ども！	
7-04208	22025.0	대사	1	バガガガガァ！くいもんだ！	
7-04209	22030.0	대사	1	ハワワワワァ！新しい靴だ！	
7-04210	22035.0	대사	1	ムムムムム！クッキー！	
7-04211	22040.0	대사	1	オーホーホー！ ジェリービーンズ！	
7-04212	22045.0	대사	1	どうも、君たちは 珍味と思われている	
7-04213	22050.0	대사	1	洞窟の壁の上に、 巨大な走り書きが 記されていた。	
7-04214	22050.1	대사	1	スポット	
7-04215	22050.2	대사	1	君たちは、しばらくそれに どういう意味があるのか 考え込んだ。	
7-04216	22055.0	대사	1	巨大な穴の中に はいって行くと、 君たちはものすごい悪臭に	
7-04217	22055.1	대사	1	みまわれた。	
7-04218	22055.2	대사	1	続いて、すさまじい音量の 呼吸音が聞こえてきた。	
7-04219	22055.3	대사	1	そして、奇妙なバリバリ いう音がした。	
7-04220	22055.4	대사	1	ガゥゥゥゥ！	
7-04221	22065.0	대사	1	悪臭の漂う洞窟には、 哀れな旅行者たちの 腐った肉や骨が	
7-04222	22065.1	대사	1	散乱していた。	
7-04223	22065.2	대사	1	その多くは、 何度も踏みしだかれて ペシャンコになっていた。	
7-04224	22070.0	대사	1	乾いて叩き潰された 人間の残骸を 床から拾い上げてみると、	
7-04225	22070.1	대사	1	その下の地面に、 魅惑的なヘルメットが、 傷一つない	
7-04226	22070.2	대사	1	状態で埋まっていた。	
7-04227	22070.3	대사	1	@君たちは、その周りに 神秘的な ルーン文字が 彫り込まれている	
7-04228	22070.4	대사	1	ことに気づいた。 そして、 割れもせず傷もない 真っ赤なガラスの	
7-04229	22070.5	대사	1	レンズが、目の位置に ついているのを 不思議に思った。	
7-04230	22070.6	대사	1	よほど丈夫な 材質なのだろう…	
7-04231	22080.1	대사	1	赤い本を取る	
7-04232	22085.0	대사	1	岩だなに一本だけ、 魅惑的なランが 咲いていた。 地下水脈の	
7-04233	22085.1	대사	1	洞窟の中に、こんな花が 咲いているのは 普通ではなかった。	
7-04234	22090.0	대사	1	君たちは真っ赤な花を 根っこから引き抜いた。	
7-04235	22090.1	대사	1	ランが触ったものには なんでも、 赤い染みがつくようだった。	
7-04236	22090.2	대사	1	すぐに、全員がなにか 奇妙な姿になってしまった。	
7-04237	22100.1	대사	1	青い花を取る	
7-04238	22105.0	대사	1	野性の青い花が、 山の岩肌のくぼみで	
7-04239	22105.1	대사	1	見るからに心地よさそうに 咲いていた。	
7-04240	22105.2	대사	1	そのくぼみは およそ１メートルの深さで、	
7-04241	22108.0	대사	1	腕を一杯に伸ばせば花に手が届きそうだった。	
7-04242	22110.0	대사	1	くぼみに腕を伸ばし、 君たちは 青い花をつかんで	
7-04243	22110.1	대사	1	引っ張り始めた。	
7-04244	22110.2	대사	1	どうもそのくぼみには、 花と一緒になにかが	
7-04245	22110.3	대사	1	住んでいるようだった。	
7-04246	22120.1	대사	1	登って花を取る	
7-04247	22125.0	대사	1	山腹の上の方の 岩場の裂け目に、 黄色い花がポツンと一つだけ	
7-04248	22125.1	대사	1	咲いていた。	
7-04249	22125.2	대사	1	花にたどり着くには、 厄介な山登りが 必要なようだった。	
7-04250	22130.0	대사	1	君たちは、なんとか岩場を よじ登って花を 取ることができた。	
7-04251	22135.0	대사	1	登り損ねた！	
7-04252	22140.1	대사	1	紫の蘭を取る	
7-04253	22145.0	대사	1	濃い雑草の茂みの中に、 紫の花が咲いていた。	
7-04254	22145.1	대사	1	その光景は、まるで狼の中に羊がいるような感じだった。	
7-04255	22150.0	대사	1	君たちは、雑草の中から その花を引き抜いた。	
7-04256	22150.1	대사	1	もちろん、こいつこそが 狼なのだから…	
7-04257	22160.1	대사	1	白い花を取る	
7-04258	22165.0	대사	1	太い木の幹の下で、 白い花が気持ちよさそうに	
7-04259	22165.1	대사	1	風にそよいでいた。	
7-04260	22170.0	대사	1	その花を掴もうとすると、 いやな臭いが 吹き出してきた。	
7-04261	22170.1	대사	1	数回咳き込んだ後、 誰もこの花を持ち歩くことを	
7-04262	22170.2	대사	1	嬉しいとは 思わなくなっていた。	
7-04263	22200.0	대사	1	君たちは小さな穴に 刻み目のついた棒を 差し込んだ。	
7-04264	22200.1	대사	1	壁の奥の方で、 カチリという音がした。	
7-04265	22205.0	대사	1	　　　　　立入禁止　　　　	
7-04266	22205.1	대사	1	　　　　聖なる任務　　　　	
7-04267	22210.1	대사	1	レバーを直してみる	
7-04268	22215.0	대사	1	レバーを引いたがなにも おこらなかった。	
7-04269	22215.1	대사	1	どうも壊れているらしい…	
7-04270	22220.0	대사	1	しばらくレバーを いじってみたものの なんの効果もなかったので、	
7-04271	22220.1	대사	1	君たちは少し強引な手に 出ることにした。	
7-04272	22220.2	대사	1	だが、すぐにレバーの部品が床一杯に 散らばってしまった。	
7-04273	22220.3	대사	1	皆がお互いを非難しあったが結局うまくいかなかった ことを	
7-04274	22220.4	대사	1	認めないわけに はいかないようだった。	
7-04275	22225.0	대사	1	一歩下がって自分たちの 仕事の成果を見ていると、	
7-04276	22225.1	대사	1	ぶら下がっていたレバーが、断末魔と共に	
7-04277	22225.2	대사	1	地面に落下し 完全に壊れてしまった。	
7-04278	22225.3	대사	1	門はまったく音も立てず、 まるで君たちの苦労を	
7-04279	22225.4	대사	1	あざ笑っている かのようだった。	
7-04280	22235.0	대사	1	壁から燭台が抜け落ちた！	
7-04281	22240.0	대사	1	体中傷だらけで汚く、臭い、いかにも不潔な感じがする ムンクが、	
7-04282	22240.1	대사	1	きしむような かけ声を発しながら、 跳躍し蹴りや突きを 繰り返しながら、	
7-04283	22240.2	대사	1	まるで 気が違ったかのような勢いで君たちの方に	
7-04284	22245.0	대사	1	彼にとって、 惨めであるということは 気にならないようだった。	
7-04285	22250.0	대사	1	暗闇の中に足を踏み入れると引きずるような足音が	
7-04286	22250.2	대사	1	そして ２メートルぐらい頭上から、臭い息が臭ってきた。	
7-04287	22255.0	대사	1	その部屋は なにやらいかがわしい 雰囲気に満ちており、	
7-04288	22255.1	대사	1	浮浪者や正気を失ったもの だらけだった。	
7-04289	22260.0	대사	1	ムンクたちは君たちの 無断侵入を予期して、 叫び声を発しながら	
7-04290	22260.1	대사	1	即座に階級を作り出した。 そして命令を発するものは 後ろに退き、	
7-04291	22260.2	대사	1	すばしっこいもの、 血気にはやるものが前の方に	
7-04292	22260.3	대사	1	進み出てきた。	
7-04293	22260.4	대사	1	そして君たちは、 ムンクたちが運んでいる いくつもの	
7-04294	22260.5	대사	1	箱の中に、 黒魔術や不敬な魔術の、 およそありとあらゆる	
7-04295	22260.6	대사	1	道具が詰め込まれているのに気づいた。	
7-04296	22260.7	대사	1	一団の後ろの方から、 暗い声が響いた。	
7-04297	22260.8	대사	1	バ・ガ・シッタ・ アレ・バ・ラム！	
7-04298	22260.9	대사	1	愚かな虫ケラに死を！	
7-04299	22275.0	대사	1	君たちは巨大な聖堂の中に 入っていった。 奇怪なフレスコ画は	
7-04300	22275.1	대사	1	薄れて消えかかっており、 その教皇席は よどんだ汚水の中に	
7-04301	22275.2	대사	1	沈んでいた。 そしてあたりには腐敗した ゴミの臭いが	
7-04302	22275.3	대사	1	充満していた。	
7-04303	22275.4	대사	1	天井や部屋の壁には かびが厚く こびりついており、	
7-04304	22275.5	대사	1	淀んだ水面には 汚い油が浮いていた。	
7-04305	22275.6	대사	1	少なくとも いい空気ではなかった。	
7-04306	22285.0	대사	1	箱の中には、 数多くの不規則な 刻み目が入った長い金属の	
7-04307	22285.1	대사	1	棒が入っていた。	
7-04308	22285.2	대사	1	もしこれがなにかの暗号ならかなりよくできた 代物だった。	
7-04309	22290.0	대사	1	古代の箱は 一面雑草に覆われており、 どこからが箱で	
7-04310	22290.1	대사	1	どこからが床かを 判別するのも 難しいほどだった。	
7-04311	22290.2	대사	1	それは長いことここに 置き去りにされているのは 明らかで、	
7-04312	22290.3	대사	1	聖堂が水没して以来、 忘れ去られて しまったようだった。	
7-04313	22295.0	대사	1	慎重に大昔の箱を 開けてみると、 蝋紙の包みが、	
7-04314	22295.1	대사	1	永年、誰にも 触れられることもなく しまわれていた。	
7-04315	22295.2	대사	1	包みの中には 古い本が入っていた。 表紙には“聖なる契約”	
7-04316	22295.3	대사	1	と記されており、 中は古文字で 書き記されていた。	
7-04317	22295.4	대사	1	本を開けてみると、 なにかの 文書の切れ端が、 奇麗に畳まれて	
7-04318	22295.5	대사	1	ページとページの 間にはさまれていた。	
7-04319	22302.0	대사	1	慎重に 大昔の箱を開けてみると、 中には破られた蝋紙の	
7-04320	22302.1	대사	1	屑が散乱していた。	
7-04321	22302.2	대사	1	屑を拾ってみると、その下に古い本が捨て去られていた。	
7-04322	22302.3	대사	1	まるで価値がないので 捨てたといわんばかりの 様子だった。	
7-04323	22302.4	대사	1	表紙には “聖なる契約” と記されていた。	
7-04324	22310.0	대사	1	大昔の霊廟の廃墟に 降りて行くと、物陰に	
7-04325	22310.1	대사	1	彫像のような人影が 一列に並んでいた。	
7-04326	22310.2	대사	1	人影はピクリとも動かず、 辺りもあまりに 静かだったので、	
7-04327	22310.3	대사	1	君たちはそれが石像なのではないかと思い始めた。	
7-04328	22315.0	대사	1	石像の方に気をつけながら 前に進んでいると、 部屋の床の	
7-04329	22315.1	대사	1	まん中に大きな落し穴が 開いていることに 気づいた。	
7-04330	22315.2	대사	1	次の瞬間、君たちはやはり 人影が石像ではなかった	
7-04331	22315.3	대사	1	ことに気づいた。	
7-04332	22315.4	대사	1	それは、太古の昔の ミイラのようで、 時を経る間に	
7-04333	22315.5	대사	1	石化したかのようだった。	
7-04334	22325.0	대사	1	古代の人影の上に 蜘蛛の巣や埃が 何重にもかぶさり、	
7-04335	22325.1	대사	1	その形は君たちの想像を 裏付けていた。	
7-04336	22325.2	대사	1	そう、それは死体だった。	
7-04337	22330.0	대사	1	墓の中に再び入ってみると、落し穴の底が床にまで	
7-04338	22330.1	대사	1	せり上がってきていた。 そして 小さな祭壇の上には	
7-04339	22330.2	대사	1	真っ黒い球体が乗っていた。	
7-04340	22335.0	대사	1	落し穴の縁に進んで、 君たちは小石を中に 蹴りこんだ。	
7-04341	22335.1	대사	1	しばらくしても 何も聞こえなかった。 少なくともここでは	
7-04342	22335.2	대사	1	飛び込むという 選択だけはしない方が よさそうだった。	
7-04343	22340.1	대사	1	黒い玉を取る	
7-04344	22340.2	대사	1	祭壇を蹴る	
7-04345	22345.0	대사	1	小さな祭壇と真っ黒い球体の前に立って、君たちは	
7-04346	22345.1	대사	1	様々な可能性を 検討し始めた。	
7-04347	22350.0	대사	1	小さな祭壇は、 蹴り飛ばそうとしても ただ痛いだけで、	
7-04348	22350.1	대사	1	動く気配は まったくなかった。	
7-04349	22355.0	대사	1	できる限りの素早さで、 君たちは球を取り去った。	
7-04350	22360.0	대사	1	石の像たちは長い眠りから 覚めて動き始め、	
7-04351	22360.1	대사	1	同時に、 球の下に隠されていた 板から発した光が	
7-04352	22360.2	대사	1	君たちの目に入り、 ガスが吹き出す スーッという音が	
7-04353	22365.0	대사	1	極めつけに 手のこんだ罠の中で 息を止めたまま、	
7-04354	22365.1	대사	1	君たちは 板の上に彫り込まれた 文字を読み取った。	
7-04355	22365.2	대사	1	　　　　ウイクン用　　　　	
7-04356	22365.3	대사	1	　　　　動力球　　　　　　	
7-04357	22400.0	대사	1	　　　　アクパイル　　　　	
7-04358	22400.1	대사	1	　　　　栄光の街　　　　　	
7-04359	22400.2	대사	1	　　　　アンパニ　　　　　	
7-04360	22400.3	대사	1	　　　　統治領　　　　　　	
7-04361	22405.0	대사	1	街に入ろうとすると、 大柄のアンパニ兵が 君たちの前に	
7-04362	22405.1	대사	1	立ちはだかり、 止まるように指図した。	
7-04363	22410.0	대사	1	君たちは、 占領された街が廃墟となり、	
7-04364	22410.1	대사	1	そこら中瓦礫の山に なっていることを想像した。	
7-04365	22410.2	대사	1	だが、 アンパニたちはこの街に 元々あった石材を	
7-04366	22410.3	대사	1	うまく利用して、 街をできる限り自分たち流に	
7-04367	22410.4	대사	1	改造して住んでいた。	
7-04368	22410.5	대사	1	それは驚くほど効果的な 街の大改造であり、	
7-04369	22410.6	대사	1	同時にアンパニたちの 潜在的な才能を 示すよい例でもあった。	
7-04370	22417.0	대사	1	ただ一つ、 ひっかかることが あるとすれば、	
7-04371	22417.1	대사	1	それは街の看板だった。	
7-04372	22417.2	대사	1	栄光の代価は、どれほど 高くつくのだろうか？	
7-04373	22425.0	대사	1	この街はアンパニ帝国の 統治下にある。	
7-04374	22425.1	대사	1	侵入、通過は 禁止されている。	
7-04375	22425.2	대사	1	即座に立ち退かない場合、 諸君はアンパニ帝国全体に	
7-04376	22425.3	대사	1	敵対するものとして 扱われる。	
7-04377	22425.4	대사	1	ただし、 諸君が特殊戦術部隊の 偵察部員に	
7-04378	22425.5	대사	1	志願してきた場合は この例外である。	
7-04379	22440.0	대사	2	{11}いいえ/{12}はい/	
7-04380	22440.2	대사	1	諸君は志願者か？	
7-04381	22445.0	대사	1	ならば、即刻立ち退くか、 戦う用意をしたまえ！	
7-04382	22450.0	대사	1	入隊志願者は、街の南端にある 募兵局入隊者受け付けに	
7-04383	22450.1	대사	2	行きたまえ。	
7-04384	22450.2	대사	1	誰かに呼びかけられたら “志願者”と答えろ。	
7-04385	22450.3	대사	1	合言葉は“勝利”だ	
7-04386	22460.1	대사	1	　　　　　　兵舎　　　　　	
7-04387	22465.0	대사	1	守衛を無視して 兵舎の中に入ろうとすると、中にいたアンパニの	
7-04388	22465.1	대사	1	兵たちは、君たちの無断侵入を 阻止する構えで 立ち上がった。	
7-04389	22470.0	대사	1	アンパニの守衛が 君たちの前に 立ちはだかった。	
7-04390	22475.0	대사	1	正式な指示を 受けていないものは 立入禁止だ。	
7-04391	22475.1	대사	1	入隊志願者は、 街の南端にある募兵局入隊者受け付けに	
7-04392	22480.1	대사	1	　　　　　兵舎　　　　　　	
7-04393	22485.0	대사	1	兵舎はカビ臭く 薄汚れており、 かなり長いこと	
7-04394	22485.1	대사	1	誰も使うものが いなかったことは 明らかだった。	
7-04395	22485.2	대사	1	堅い床の上には 藁のござが敷かれていた。 あまり心地よいとは	
7-04396	22485.3	대사	1	言えなかったが、 少なくても乾いていて 清潔だった。	
7-04397	22485.4	대사	1	それに、ここにいる限りは 雨露ぐらいは しのげそうだった。	
7-04398	22492.0	대사	1	　　　　　娯楽　　　　　　	
7-04399	22492.1	대사	2	　　　　　施設　　　　　　	
7-04400	22495.0	대사	1	ぶっこわされたテーブル、 割れたボトル、 抜け落ちた髪の毛、	
7-04401	22495.1	대사	1	そして歯のかけらなど、 こういったもろもろが 散乱する部屋を	
7-04402	22497.0	대사	1	見ているうちに、君たちは 軽いホームシックに なったが、自分たち	
7-04403	22497.1	대사	1	以外にもバカ騒ぎが好きな 連中がいることを知って ほっとした。	
7-04404	22500.0	대사	2	{0E}いいえ/{0F}はい/	
7-04405	22500.2	대사	1	指令書は持っているかね？	
7-04406	22505.0	대사	1	この指令書では、 この先に進むことは 許されない。	
7-04407	22505.1	대사	1	指示された場所へ 向かいたまえ。	
7-04408	22510.0	대사	1	指示通りのようだ。 通ってよろしい。	
7-04409	22515.0	대사	1	即座に退出せよ！	
7-04410	22520.0	대사	1	　　　　　募兵局　　　　　	
7-04411	22520.1	대사	1	　　　入隊者受け付け　　　	
7-04412	22525.0	대사	1	入隊者受け付けの 建物の壁には、 軍服に身を固めた	
7-04413	22525.1	대사	1	たくましいアンパニ兵の、 実物よりも大きな顔の アップの	
7-04414	22525.2	대사	1	ポスターが貼られていた。 そしてそこには	
7-04415	22525.3	대사	1	こう記されていた。 義務！力！勝利！！ 今こそＩＵＦへ！	
7-04416	22525.4	대사	1	そのポスターは、 まるでそこに入れば 日常の雑事や面倒ごと	
7-04417	22525.5	대사	1	から縁が切れる というような印象を与えた。しかし、それが	
7-04418	22525.6	대사	1	どれほど多くのものを 代償とするのかは、 入隊するまでは	
7-04419	22525.7	대사	1	気づかないのである。	
7-04420	22525.8	대사	1	そこには自由などはない。	
7-04421	22525.9	대사	1	と、その時、太った男が 自分の存在を 知らしめるように	
7-04422	22525.10	대사	1	鼻を鳴らした。	
7-04423	22540.0	대사	1	これは大変なチャンスだぞ。	
7-04424	22540.1	대사	1	家に帰れるなんて 考えたことも なかっただろう？	
7-04425	22540.2	대사	1	だが、外地での 探索任務に出れば 特例もあるのだ。	
7-04426	22540.3	대사	1	もちろん、諸君がＳＴＦに 興味があればの話だが。	
7-04427	22540.4	대사	1	知っての通り、ＳＴＦとは 特殊戦術部隊のことだ。	
7-04428	22550.2	대사	1	どうかね、アンパニ帝国軍の偵察隊員に志願するかね？	
7-04429	22555.0	대사	1	実に残念だ。諸君には うってつけだと 思ったのだが…	
7-04430	22555.1	대사	1	だが、ＩＵＦは 常に才能があるものを 求めている。	
7-04431	22555.2	대사	1	気が変わったら 来てくれたまえ。 いつでも歓迎する。	
7-04432	22560.0	대사	1	私はバルブラク軍曹。 今から諸君の直属士官だ。	
7-04433	22560.1	대사	1	ＳＴＦの志願者として、 これから特別な 指示を与える。	
7-04434	22562.0	대사	1	給与は任務に比例して 払われる。 これからしばらくの間、	
7-04435	22562.1	대사	1	諸君は私の指揮下に入る。	
7-04436	22562.2	대사	1	アクパイルに滞在中は、 ＮＥＰＳ兵舎を 使用すること。	
7-04437	22562.3	대사	1	これは新入隊者個人宿舎 の略である。	
7-04438	22562.4	대사	1	この手紙をもって兵站部の カボム軍曹のところに行け。	
7-04439	22562.5	대사	1	そこで装備をもらい、 次の指示を 受けるように。	
7-04440	22570.0	대사	1	ところで…まあ、よい。	
7-04441	22570.1	대사	1	ＩＵＦに来た事を、 歓迎しよう。	
7-04442	22573.0	대사	1	兵站部へ行け と命じたはずだぞ。	
7-04443	22573.1	대사	1	なにをしに戻ってきたんだ？	
7-04444	22573.2	대사	1	さぁ行ってこい。 基礎訓練が終わらないと、 実戦への	
7-04445	22573.3	대사	1	参加はありえんぞ。	
7-04446	22578.0	대사	1	さてさて、候補生の 気分はどうかね？	
7-04447	22578.1	대사	1	装備も整い、訓練も終了したようだな。	
7-04448	22590.0	대사	1	では、最初の任務に 移ってもらう。	
7-04449	22590.1	대사	1	アクパイルの北に位置する トラモンテンの森に、 正体不明の一団が	
7-04450	22590.2	대사	1	侵入したとの情報が入った。	
7-04451	22590.3	대사	1	一般人かもしれない。	
7-04452	22590.4	대사	1	だが、 スパイの可能性もある。	
7-04453	22590.5	대사	1	ティーラングではない という保証もない。	
7-04454	22590.6	대사	1	そこで、諸君らへ指令を 言い渡す。	
7-04455	22600.0	대사	1	トラモンテンの森を偵察し、脅威の存在を確認せよ。	
7-04456	22600.1	대사	1	周辺の偵察終了後は、 ただちに帰還し報告せよ。	
7-04457	22600.2	대사	1	もしティーラングを 発見した場合は確実に仕留め報告せよ。	
7-04458	22600.3	대사	1	ＩＵＦのモットーを 忘れるな！	
7-04459	22600.4	대사	1	義務！力！勝利！！	
7-04460	22610.0	대사	1	ちょうど心配し始めて いたところだ。	
7-04461	22610.1	대사	1	さあ、報告したまえ。	
7-04462	22615.0	대사	2	{0D}いいえ/{0E}はい/	
7-04463	22615.2	대사	1	ティーラングを 発見したかね？	
7-04464	22620.0	대사	1	では、情報は 誤報ということか…	
7-04465	22620.1	대사	1	偵察任務終了につき、 ２００ＧＰを支払う。	
7-04466	22625.0	대사	1	{0B}いいえ/{0C}はい/	
7-04467	22625.2	대사	1	撃破したか？	
7-04468	22630.0	대사	1	なに？！？	
7-04469	22630.1	대사	1	生きたまま逃した？？？	
7-04470	22630.2	대사	1	それでは意味が ないではないか！	
7-04471	22630.3	대사	1	それでは任務は失敗だ。	
7-04472	22630.4	대사	1	もう一度行って 奴らを捜してこい。	
7-04473	22635.0	대사	1	今度は逃すなよ！	
7-04474	22640.0	대사	2	よくやった。	
7-04475	22640.1	대사	1	私はすぐにこれを ヤモ将軍に報告する。	
7-04476	22640.2	대사	1	偵察任務成功の報酬として ５００ＧＰ支払われる。	
7-04477	22640.3	대사	1	ティーラングの スパイの撃破は ５０００ＧＰのボーナスだ。	
7-04478	22645.0	대사	1	本当か？我々の追跡者は、 お前らがティーラングから	
7-04479	22645.1	대사	1	逃げたところを 目撃しているぞ！	
7-04480	22650.0	대사	1	では、新しい指令を与える。	
7-04481	22652.0	대사	1	今度は、諸君には ニューシティーに 行ってもらう。	
7-04482	22652.1	대사	1	派遣隊の事務所までは ハンパワーマーで 直に行ってもらう。	
7-04483	22652.2	대사	1	この許可書で ハンパワーマー・ ステーションに入れる。	
7-04484	22660.0	대사	1	諸君は追跡者の ロダン・レワークスの 所へ行き、	
7-04485	22660.1	대사	1	この文書を渡して欲しい。	
7-04486	22663.0	대사	1	ヤモ将軍から彼に宛てた メッセージだ。	
7-04487	22663.1	대사	1	任務終了次第、ただちに 戻って私に報告するように。	
7-04488	22663.2	대사	1	これは 重要な任務であるから、 心してかかれ。	
7-04489	22663.3	대사	1	慎重に、かつ速やかに 行動せよ。 よけいな行動は取るな。	
7-04490	22663.4	대사	1	それから、ロダンの周りで ティーラングという言葉を 使うな。	
7-04491	22663.5	대사	1	その言葉を聞くと、 ロダンは 手がつけられなくなるぞ。	
7-04492	22670.0	대사	1	そろそろ戻る時間だと 思っていた！	
7-04493	22675.2	대사	1	ロダン・レワークスに メッセージを渡したか？	
7-04494	22680.0	대사	1	それは帝国軍にとって 重要な書類だぞ！！	
7-04495	22680.1	대사	1	すぐに届けてこい！！！	
7-04496	22685.0	대사	1	諸君がこうして無事に 戻ってきたところを見ると、	
7-04497	22685.1	대사	1	ロダンは ニュースを喜んだようだな。	
7-04498	22685.2	대사	1	この任務に志願するものは 他にいなかったのだ。	
7-04499	22685.3	대사	1	だから諸君が派遣された。	
7-04500	22685.4	대사	1	諸君にとっては幸運なことにこの任務を逃れるために	
7-04501	22685.5	대사	1	いくらか払ったものもいる。	
7-04502	22685.6	대사	1	諸君に対する正規の支払いは３５０ＧＰだ。	
7-04503	22685.7	대사	1	それに“有志”からの寄付が７８２０ＧＰある。	
7-04504	22685.8	대사	1	合計で、支払いは ８１７０ＧＰだ。	
7-04505	22685.9	대사	1	ロダンが、 動くなという命令に いつまで従うものやら…	
7-04506	22695.0	대사	1	さて、諸君の次の目的だ。	
7-04507	22695.1	대사	1	ヤモ将軍が ロダンに関する報告を 直接聞きたいそうだ。	
7-04508	22695.2	대사	1	これが新しい指示だ。	
7-04509	22700.0	대사	1	司令部の守衛に これを見せれば、 案内してくれる。	
7-04510	22700.1	대사	1	もしヤモ将軍から 新しい指示がなかった場合、	
7-04511	22700.2	대사	1	ただちに戻って 私に報告するように。	
7-04512	22700.3	대사	1	行きたまえ、 将軍がお待ちだ。	
7-04513	22800.0	대사	1	　　　　　兵站部　　　　　	
7-04514	22800.1	대사	1	　　　　　事務所　　　　　	
7-04515	22805.2	대사	1	指令書を 見せてもらえるかな？	
7-04516	22810.0	대사	1	指令書がない？フム…	
7-04517	22815.0	대사	1	{04}入隊/	
7-04518	22815.2	대사	2	ここでなにをしている？	
7-04519	22820.0	대사	1	衛兵！！	
7-04520	22825.0	대사	1	入隊希望者かフム	
7-04521	22825.1	대사	1	募兵局の入隊者受け付けは 街の南端だ。	
7-04522	22830.0	대사	1	標準ＮＥＰＳ仕様か、フム。	
7-04523	22830.1	대사	1	さて、そうしたら 防弾チョッキ２つ、 マスケット銃２丁、弾、	
7-04524	22830.2	대사	1	それとＩＵＦＳＴＦＮＥＰのバッチだ。	
7-04525	22830.3	대사	1	全部で９２５０ＧＰだ。	
7-04526	22835.2	대사	1	９２５０ＧＰ持ってるか？	
7-04527	22840.0	대사	1	よし、お前らは 新入りだから特別に	
7-04528	22840.1	대사	1	サービスしてやろう。	
7-04529	22840.2	대사	1	これに刀もつけて、 全部で８０００だ。	
7-04530	22845.2	대사	1	８０００ＧＰなら払えるか？	
7-04531	22850.0	대사	1	これ以上はまけられないな。	
7-04532	22850.1	대사	1	装備を揃えられるように なったら戻ってきな。	
7-04533	22855.0	대사	1	カネが足りないようだな。	
7-04534	22860.0	대사	1	射撃場へ行け。グロモ中尉が	
7-04535	22860.1	대사	1	基礎訓練をしてくれる。	
7-04536	22860.2	대사	1	そこから先は 中尉が指示する。	
7-04537	22860.3	대사	1	もし弾丸が必要なら、 ここに戻ってきたまえ。	
7-04538	22860.4	대사	1	さぁ、新しい指令書だ。	
7-04539	22866.2	대사	1	{01}{01}ｽﾊﾟｲ/	
7-04540	22870.0	대사	1	なにが必要だ？	
7-04541	22875.0	대사	1	おぉおぉ、ＴＵＦＳか！	
7-04542	22875.1	대사	1	こいつはお前さんに 特製の二連発ラッパ銃と	
7-04543	22875.2	대사	1	重防弾チョッキを 許可する命令だ。	
7-04544	22875.3	대사	1	１４２５０ＧＰだぞ。	
7-04545	22885.2	대사	1	１４２５０ＧＰ払うかい？	
7-04546	22890.0	대사	1	残念だが、これに関しては 一切値引きはできん。	
7-04547	22891.0	대사	1	これはいつでもある。 気が変わったらきたまえ。	
7-04548	22895.0	대사	1	売った！	
7-04549	22900.0	대사	1	　　　　　射撃場　　　　　	
7-04550	22900.1	대사	1	　　　　　訓練場　　　　　	
7-04551	22905.0	대사	1	背が高くたくましい感じの アンパニ兵が、柔らかい革で	
7-04552	22905.1	대사	1	筒のような装置を一生懸命に磨き上げていた。	
7-04553	22905.2	대사	1	君たちが入って行くと 兵は顔を上げ、 不思議な機械を	
7-04554	22905.3	대사	1	椅子の下に置いて 君たちの方に 近付いてきた。	
7-04555	22915.2	대사	1	ここへ来る指示を 受けてきたのか？	
7-04556	22920.0	대사	1	正式な指示がないものは 射撃場には入れない。	
7-04557	22920.1	대사	1	出て行きたまえ！	
7-04558	22925.0	대사	1	新入りだな？	
7-04559	22925.1	대사	1	入隊者受付は街の南端だ。	
7-04560	22925.2	대사	1	指令を受けてきたら、 いろいろ教えてやろう。	
7-04561	22925.3	대사	1	行きたまえ！	
7-04562	22930.0	대사	1	ＳＴＦ、か。	
7-04563	22930.1	대사	1	標準指令だな？	
7-04564	22930.2	대사	1	さて、射撃場に入るまえに、まず基本的な操作の	
7-04565	22930.3	대사	1	説明をしなければならない。	
7-04566	22930.4	대사	1	まず、お前のそれを こういう風にもって、 粉をこんな感じで	
7-04567	22930.5	대사	1	中に詰める。	
7-04568	22930.6	대사	1	詰めすぎるなよ。 暴発して顔が 真っ黒になるぞ。	
7-04569	22930.7	대사	1	まっすぐに入れて、 ゆっくり落せ。	
7-04570	22930.8	대사	1	次に弾丸を詰めろ。 ゆっくり、しっかりな。	
7-04571	22930.9	대사	1	それからこういう風に持て。	
7-04572	22930.10	대사	1	バカもの！そいつをこっちに向けるんじゃない！！	
7-04573	22930.11	대사	1	よし。指を銃身と 平行になるように添える。 目標を指さすつもりに	
7-04574	22930.12	대사	1	なってみろ。	
7-04575	22930.13	대사	1	準備ができたら引金を引く。慌てるな。 急に引っ張るなよ。	
7-04576	22930.14	대사	1	いいか、指は目標の方を しっかり指さすんだぞ。 これで	
7-04577	22930.15	대사	1	だいたい	
7-04578	22930.16	대사	1	ハハハハクション！	
7-04579	22930.17	대사	1	チッ、 これでだいたい終わりだ。	
7-04580	22930.18	대사	1	あとは習うより慣れろだ！	
7-04581	22950.2	대사	1	射撃場で練習するか？	
7-04582	22955.0	대사	1	練習をしないと それほど当たりはしないぞ。	
7-04583	22958.0	대사	1	とにかく 基礎訓練は終わった。 募兵局に戻って	
7-04584	22958.1	대사	1	バルブラク軍曹に 報告したまえ。	
7-04585	22962.0	대사	1	射撃場に出る 準備ができたら 行ってくれ。	
7-04586	22965.0	대사	1	的１個に 弾３発で１２５ＧＰ。 ６個セットだ。	
7-04587	22965.1	대사	1	まん中に命中が 三つ続けば自動的に 昇進になる。	
7-04588	22970.0	대사	1	\nいいえ/{0C}はい/	
7-04589	22970.2	대사	1	的と弾丸６個セットで ７５０ＧＰ。 いるか？	
7-04590	22975.0	대사	1	金がない？	
7-04591	22980.0	대사	1	よし、準備完了だ。 射撃場の方に行きたまえ。	
7-04592	22985.0	대사	1	的を向こう側の 壁にかけて、 撃つのはこちら側の	
7-04593	22985.1	대사	1	赤い線の後ろからだ。	
7-04594	22985.2	대사	1	私は君たちが間違って的に 命中させることが ないように	
7-04595	22985.3	대사	1	ちゃんと見張っていよう。	
7-04596	22985.4	대사	1	ハッハッハッ	
7-04597	22995.0	대사	1	終了したら募兵局に戻って バルブラク軍曹に報告せよ。	
7-04598	22995.1	대사	1	これが君たちに対する 次の指令だ。	
7-04599	22995.2	대사	1	頑張りたまえ！	
7-04600	23000.0	대사	1	君たちの目の前の地面には、太い赤線が	
7-04601	23000.1	대사	1	引かれていた。	
7-04602	23000.2	대사	1	撃つときは、この線の後ろに立つようだった。	
7-04603	23005.0	대사	1	射撃場の奥の壁は 小さな穴だらけで、 ちょうど君たちの	
7-04604	23005.1	대사	1	腰くらいの高さのところに 金属製の止め金が ついていた。	
7-04605	23010.0	대사	1	止め金に的をつけて、 君たちは	
7-04606	23010.1	대사	1	練習の準備を整えた。	
7-04607	23015.0	대사	1	声が響いた。 “線の後ろからと 言ったはずだぞ！”	
7-04608	23020.0	대사	1	グロモ中尉の指示通りに 銃の準備を整え、	
7-04609	23020.1	대사	1	的に狙いを定めて 引金をゆっくりと引いた。	
7-04610	23025.0	대사	1	爆発音に 多少驚きはしたものの、 君たちはこの新しい	
7-04611	23025.1	대사	1	装置によってもたらされた 強力な力のことを、	
7-04612	23025.2	대사	1	喜ばないわけには いかなかった。	
7-04613	23030.0	대사	1	三発目を撃ち終わると、 射撃場の奥から グロモ中尉が現れ、	
7-04614	23030.1	대사	1	君たちの射撃の様子を 確認した。	
7-04615	23035.0	대사	7	彼は結果を叫んだ。	
7-04616	23035.1	대사	1	ハズレ ハズレ ハズレ	
7-04617	23040.1	대사	1	当たり ハズレ ハズレ	
7-04618	23045.1	대사	1	当たり 当たり ハズレ	
7-04619	23050.1	대사	1	当たり 当たり 当たり	
7-04620	23055.1	대사	1	まん中 当たり 当たり	
7-04621	23060.1	대사	1	まん中 まん中 当たり	
7-04622	23066.0	대사	1	まん中 まん中 まん中	
7-04623	23070.0	대사	1	中尉は的を外すと その場を去った。	
7-04624	23075.0	대사	1	中尉は的を外して 君たちに歩み寄った。	
7-04625	23080.0	대사	1	見事だ新入り！	
7-04626	23080.1	대사	1	いや今からはＴＵＦＳだな！	
7-04627	23080.2	대사	1	まん中に三発当てれば 自動的に昇進だ。	
7-04628	23080.3	대사	1	さぁ新しい階級、 ＴＵＦＳを示す バッチを受け取りたまえ。	
7-04629	23085.0	대사	1	ＴＵＦＳは訓練済み アンパニ軍偵察員の略だ。	
7-04630	23085.1	대사	1	兵站部にいって 新しいバッチを 見せたまえ。	
7-04631	23085.2	대사	1	新しい装備を 用意してくれる。	
7-04632	23500.2	대사	1	話し合う	
7-04633	23505.0	대사	1	前方の空き地に 蜘蛛の巣をかぶった 生き物の一団がいた。	
7-04634	23505.1	대사	1	ティーラングだ！！	
7-04635	23505.2	대사	1	ティーラングたちは 素早く君たちを取り囲み、	
7-04636	23505.3	대사	1	脚を上に上げて、 まるで話し合いたいと 言わんばかりの	
7-04637	23505.4	대사	1	様子で近付いてきた。	
7-04638	23512.0	대사	1	ティーラングは ゆっくりと 君たちの方に近付いてきたが	
7-04639	23512.1	대사	1	君たちが誰かを確認すると、いきなり 攻撃体制に変わった。	
7-04640	23515.0	대사	1	シィィィッッッ！	
7-04641	23515.1	대사	1	平和的にいこう。	
7-04642	23515.2	대사	1	取り引きをしないか？	
7-04643	23515.3	대사	1	情報を渡してくれれば 謝礼をはずもう。	
7-04644	23520.2	대사	1	手を組むか？	
7-04645	23525.0	대사	1	ならば、ティーラングの 爪にかかって死ぬがいい！	
7-04646	23530.0	대사	1	シィィィ！よしよし。	
7-04647	23530.1	대사	1	我々はアンパニの 豚どもの母船が、 この惑星軌道上の	
7-04648	23530.2	대사	1	どこかにいることは 知っている。	
7-04649	23530.3	대사	1	だが、ウォッチャーも、 その正確な座標の情報は	
7-04650	23530.4	대사	1	まだ入手していない。	
7-04651	23530.5	대사	1	もしアンパニの野営地の中に入り込んで	
7-04652	23530.6	대사	1	母船の座標の情報を 探り出してくれば、	
7-04653	23530.7	대사	1	報酬として１００００ＧＰを	
7-04654	23530.8	대사	1	やろう。	
7-04655	23530.9	대사	1	我々はここで待っている。	
7-04656	23550.0	대사	1	シィィィッッッ！戻るのを待っていたぞ。	
7-04657	23555.2	대사	1	アンパニの母船の座標は 判明したか？	
7-04658	23560.0	대사	1	シィィィッッッ！我々はここで待っている。	
7-04659	23566.1	대사	1	アンパニの母船の 宇宙座標は？	
7-04660	23570.0	대사	1	嘘つきめ！	
7-04661	23570.1	대사	1	ティーラングの爪にかかって死ぬがいい！	
7-04662	23575.0	대사	1	シィィィィィ！ 素晴らしい！	
7-04663	23575.1	대사	1	偉大なエイチジェン・ラも お喜びになるだろう！	
7-04664	23575.2	대사	1	彼に、ケーボラが １００００ＧＰ 貸しがあると伝えるがいい。	
7-04665	23575.3	대사	1	後の面倒を 見てくれるだろう。	
7-04666	23575.4	대사	1	シィィィィッッッ！	
7-04667	23575.5	대사	1	去れ、兄弟よ！	
7-04668	23575.6	대사	1	我々はウォッチャーに この情報を 伝えねばならん。	
7-04669	23600.0	대사	1	アンパニ中央局	
7-04670	23600.1	대사	1	ハンパワーマーステーション	
7-04671	23605.0	대사	1	ドアのところには 小さな灰色の 箱がついていた。	
7-04672	23605.1	대사	1	箱には小さなランプが 一列ついていて、 不規則に光っていた。	
7-04673	23605.2	대사	1	その下に、なにかを入れる 薄いスロットが開いていた。	
7-04674	23610.0	대사	1	カードを入れると、 ランプが二回瞬き、	
7-04675	23610.1	대사	1	その後 つきっぱなしになった。	
7-04676	23615.0	대사	1	レバーを引くと、 低いハム音が響き渡り、	
7-04677	23615.1	대사	1	部屋中にオレンジの光が あふれた。	
7-04678	23620.0	대사	1	そしてオレンジ色の光は 薄れていった。	
7-04679	23630.0	대사	1	ハンパワーマーの部屋から 外に出てみると、 	
7-04680	23630.1	대사	1	その建物は今までと まったくかわらない ようであったが、	
7-04681	23630.2	대사	1	どうもアンパニの野営地とは異なる場所に	
7-04682	23630.3	대사	1	いるようだった。	
7-04683	23630.4	대사	1	しっかりした作りで、広く、清潔だった。	
7-04684	23630.5	대사	1	と、次の瞬間、 マスケット銃を持った 大柄なアンパニ兵が、	
7-04685	23630.6	대사	1	ものすごい勢いで 部屋に飛び込んできた。	
7-04686	23640.0	대사	1	ＳＴＦＮＥＰＳか…	
7-04687	23640.1	대사	1	突っ立ってないで 指令書を見せてみろ！	
7-04688	23650.0	대사	1	君たちの前に 立ちはだかった男は、 鼻の穴を広げ、	
7-04689	23650.1	대사	1	君たちの肌を 焼き尽くすかのような 熱い視線を浴びせてきた。	
7-04690	23650.2	대사	1	君たちは、自分たちの命運は彼の考え一つにあり、	
7-04691	23650.3	대사	1	まるで、神の使いの前に立つ子供のように 無力な存在になったような	
7-04692	23654.0	대사	1	気持ちになった。	
7-04693	23654.1	대사	1	その時、君たちは 彼の腰のあたりに、太い鎖に	
7-04694	23654.2	대사	1	ぶらさがった 金色に輝くメダルが かかっていることに	
7-04695	23654.4	대사	1	そして、ついに君たちが 口を開こうとした瞬間、	
7-04696	23654.5	대사	1	男の太い大声が 君たちの声をかき消した。	
7-04697	23665.2	대사	1	バルブラク軍曹からの指示をロダン・レワークスに 渡すか？	
7-04698	23670.0	대사	1	指示がない？	
7-04699	23670.1	대사	1	お前らスパイだな！！	
7-04700	23675.0	대사	1	お前らはヤモ将軍からの メッセージを持ってきたと 書いてある。	
7-04701	23675.1	대사	1	この私にな。	
7-04702	23675.2	대사	1	早く渡さんか、小僧ども！	
7-04703	23680.2	대사	1	ロダンに ヤモ将軍のメッセージを 渡すか？	
7-04704	23685.0	대사	1	お前ら命令違反を するつもりか？	
7-04705	23685.1	대사	1	そういった反逆の罰は死だ！	
7-04706	23690.0	대사	1	ロダンにメッセージを渡すと彼はそれを破り開け、	
7-04707	23690.1	대사	1	さっと一読した。	
7-04708	23690.2	대사	1	おっと、 ついてるじゃないか！	
7-04709	23690.3	대사	1	シュリチ・ティーラングが この近くにいやがる！	
7-04710	23690.4	대사	1	偉大なウルヒナの神は ロダンの味方だ！	
7-04711	23690.5	대사	1	父さん、かたきは必ず 取るからな！	
7-04712	23690.6	대사	1	そう言うと、ロダンは 君の方に振り向いた。	
7-04713	23690.7	대사	1	ヤモ将軍に、 ロダンは復讐を遂げる と伝えろ！	
7-04714	23690.8	대사	1	ロダンはそれだけ言うと メッセージを投げ捨て、	
7-04715	23690.9	대사	1	部下を呼び集めながら ドアの外に出ていった。	
7-04716	23710.0	대사	1	空っぽの部屋で 気が抜けたようになった 君たちは、	
7-04717	23710.1	대사	1	床に落ちていた、 ロダンに動くなと命じた 文書を	
7-04718	23710.2	대사	1	拾い上げ、なぜ誰もが 期待されたとおりの行動を	
7-04719	23710.3	대사	1	絶対に取らないで、 とんでもない 結果に向かって	
7-04720	23710.4	대사	1	突っ走ってしまうのか、 溜息をつきながら 考え込んだ。	
7-04721	23710.5	대사	1	これが大いなる計画の はずがない。	
7-04722	23710.6	대사	1	おそらくは…	
7-04723	23720.0	대사	1	緊急連絡！	
7-04724	23720.1	대사	1	ロダン、 情報によると シュリチ・ティーラングは 近くにいる。	
7-04725	23720.2	대사	1	だが、君が父上の無念を 晴らすことを考えているのは	
7-04726	23720.3	대사	1	よくわかっているが、 ここは帝国の目的を 優先してくれ。	
7-04727	23724.0	대사	1	我々の現状以前ほど 良好ではない。 現状では、ティーラングの	
7-04728	23724.1	대사	1	軍隊と交戦できるような 状態にはなく、 彼らに対する	
7-04729	23724.2	대사	1	直接的な行動は 控えなければならない。 我々には、最後の	
7-04730	23724.3	대사	1	攻勢のために 君が是非とも必要だ。 シュリチは次の機会を待て。	
7-04731	23724.4	대사	1	レワークス、これは命令だ。	
7-04732	23724.5	대사	1	私の許可があるまで、 シュリチ・ティーラングの 捜索を	
7-04733	23724.6	대사	1	行ってはならない。 帝国は今回の我々の 任務の成功に	
7-04734	23724.7	대사	1	大きな期待をよせている。 アストラル・ドミナを	
7-04735	23724.8	대사	1	ティーラング帝国の手に 渡してはならない。 繰り返す。	
7-04736	23724.9	대사	1	勝利が確定するまで シュリチの捜索を 行ってはならない。	
7-04737	23724.10	대사	1	それほど長くは待たせない。約束しよう。	
7-04738	23724.11	대사	1	サイン　 ＩＵＦ司令官　ヤモ将軍	
7-04739	23740.0	대사	1	セキュリティー・キーパッド	
7-04740	23755.0	대사	1	ドアには赤いパネルが 取り付けられていた。 そのパネルには	
7-04741	23755.1	대사	1	いくつもの ライトがついていた。	
7-04742	23755.2	대사	1	ライトの下には３ｘ３の ９個のボタンが並び、	
7-04743	23755.3	대사	1	それぞれの上には 数字が記されていた。	
7-04744	23760.0	대사	1	かごの中には次のような 文字が書かれた 金属製の箱が入っていた。	
7-04745	23760.1	대사	1	コムリンク！ 許可者のみ使用可！ サーヴァント帝国軍	
7-04746	23760.2	대사	1	箱の中には、 後ろに何列もの 金属のピンがついている	
7-04747	23760.3	대사	1	不可思議な装置が 入っていた。	
7-04748	23760.4	대사	1	箱は持ち運べる程度に 小さかったが、 かさばって扱いにくく	
7-04749	23760.5	대사	1	あまり攻撃の役には たちそうになかった。	
7-04750	23760.6	대사	1	君たちは、アンパニが こんなものをどこで 手に入れたのか、	
7-04751	23760.7	대사	1	そしてこれに どんな秘密の力が 隠されているのか 不思議に思った。	
7-04752	23760.8	대사	1	少なくとも、 これだけ手のこんだ 保安設備にしまわれて	
7-04753	23760.9	대사	1	いたからには、 かなり大切なものだと いうことだけは 確かだった。	
7-04754	23800.1	대사	1	　　　　　司令部　　　　　	
7-04755	23805.0	대사	1	司令部の前には、 大勢のアンパニ兵が	
7-04756	23805.1	대사	1	立ち並んでいた。	
7-04757	23805.2	대사	1	君たちが近付くと、 その中の一人が 即座に進み出て、	
7-04758	23805.3	대사	1	立ち止まるように指図した。	
7-04759	23810.0	대사	1	許可なきものは立入禁止だ。	
7-04760	23810.1	대사	1	許可書を拝見。	
7-04761	23815.0	대사	1	{0D}いいえ/\nはい/	
7-04762	23815.2	대사	1	アンパニの守衛に 指令書を見せるか？	
7-04763	23820.0	대사	1	入隊者は街の南端の 募兵局に出頭してください。	
7-04764	23825.0	대사	1	正当な指令が ないものは立入禁止だ。	
7-04765	23830.0	대사	1	{0B}入隊/{0B}勝利/{0B}偵察/{0B}ＳＴＦ/	
7-04766	23835.0	대사	1	基地内に無断侵入者だ！	
7-04767	23835.1	대사	1	攻撃体制を取れ！	
7-04768	23840.0	대사	1	ヤモ将軍のところに 出頭するように 指示してある。	
7-04769	23840.1	대사	1	この廊下を まっすぐいきたまえ。	
7-04770	23840.2	대사	1	そして左のドアに入る。	
7-04771	23840.3	대사	1	次に右手にあるドアを入る。	
7-04772	23840.4	대사	1	そしてずっと進んで、	
7-04773	23840.5	대사	1	もう一度右に曲がる。	
7-04774	23840.6	대사	1	その右にあるドアがそうだ。	
7-04775	23840.7	대사	1	簡単な道順だ。	
7-04776	23850.0	대사	2	将軍がお待ちだ。	
7-04777	23852.0	대사	1	　　　　　地図室　　　　　	
7-04778	23852.1	대사	1	　　　　無断立入禁止　　　	
7-04779	23855.0	대사	1	部屋のまん中に拡がる 大きな地図にかがみこんで、	
7-04780	23855.1	대사	1	数名のアンパニの事務官が なにかを話し合っていた。	
7-04781	23855.2	대사	1	君たちが部屋に入ると、 たくましい守衛が すぐに近付いてきた。	
7-04782	23860.0	대사	1	ここは部外者以外は 立入禁止です。	
7-04783	23860.1	대사	1	指令書を見せてください。	
7-04784	23865.0	대사	1	{0D}いいえ/{07}はい/	
7-04785	23865.2	대사	1	守衛に指令書を見せるか？	
7-04786	23870.0	대사	1	侵入者だ！	
7-04787	23870.1	대사	1	警報を鳴らせ！！	
7-04788	23875.0	대사	1	この指示は ヤモ将軍のところに 出頭するものだ。	
7-04789	23875.1	대사	1	ここではないぞ。	
7-04790	23875.2	대사	1	さぁ、いきたまえ！	
7-04791	23880.0	대사	1	部屋の中央の 地図テーブルには、 アンパニの偵察隊が	
7-04792	23880.1	대사	1	作成したこの世界の地図が 拡げられていた。	
7-04793	23880.2	대사	1	アクパイルの周囲には、 アンパニの砦を示すらしい	
7-04794	23883.0	대사	1	緑の三角が記されていた。	
7-04795	23883.1	대사	1	北西のかなり離れたあたり、大きな廃墟のところには、	
7-04796	23883.2	대사	1	赤い四角の印が つけられている。	
7-04797	23883.3	대사	1	地図の中央に位置する ニューシティーの周辺には	
7-04798	23883.4	대사	1	赤い四角と緑の三角が 散らばっており、	
7-04799	23883.5	대사	1	地図の至るところに、 緑と赤の印がたくさん	
7-04800	23883.6	대사	1	ついていた。 おそらく、 それぞれがアンパニと	
7-04801	23883.7	대사	1	ティーラングの 基地かなにかを 示しているのだろう。	
7-04802	23883.8	대사	1	そして、 最も興味を引いたのは、	
7-04803	23883.9	대사	1	ニューシティーの南方、 広大な悲しみの海のまん中に	
7-04804	23883.10	대사	1	大きな円が記されている ということだった。	
7-04805	23883.11	대사	1	その海のまん中の 小さな島には、	
7-04806	23883.12	대사	1	赤い丸印と “？”マークがついていた	
7-04807	23883.13	대사	1	明らかに、アンパニは その印のついた島に、 なにか特別なことが	
7-04808	23883.14	대사	1	あると考えているようだっただが、地図からは それ以上の	
7-04809	23883.15	대사	1	情報は得られなかった。	
7-04810	23900.0	대사	1	　　　　　保安部　　　　　	
7-04811	23900.1	대사	1	　　　　　詰め所　　　　　	
7-04812	23905.0	대사	1	小さな守衛たちの控室には、いくつか 机があるだけで、	
7-04813	23905.1	대사	1	人がいる気配はなかった。	
7-04814	23910.0	대사	1	机を探ってみると、 厚い報告書の束が みつかった。	
7-04815	23910.1	대사	1	だが、それはここで 目を通すには あまりに量が多すぎ、それに	
7-04816	23910.2	대사	1	あまり重要でも なさそうだった。	
7-04817	23915.0	대사	1	だが、まったくの偶然に、 君たちは “派遣隊ステーション”と	
7-04818	23915.1	대사	1	記されたものを目にした。	
7-04819	23915.2	대사	1	その束は いくつかの報告書と、 実行された指令書の類で、	
7-04820	23915.3	대사	1	特に重要なものがあるとは 思えなかった。	
7-04821	23915.4	대사	1	しかし、その束の中に “セキュリティー” と記されたカードが	
7-04822	23915.5	대사	1	入っており、 “２７２３５３９” というスタンプが 押してあった。	
7-04823	23915.6	대사	1	急いで他の文書にも 目を通してみたものの、	
7-04824	23915.7	대사	1	それ以上は なにもみつからなかった。	
7-04825	23925.1	대사	1	　　　　ヤモ将軍　　　　　	
7-04826	23930.0	대사	1	ドアの前には 屈強な兵士たちが 立ち並び、無断侵入は	
7-04827	23931.0	대사	1	絶対許さない 構えをみせていた。	
7-04828	23935.0	대사	1	指令書を！	
7-04829	23940.0	대사	1	{09}いいえ/{07}はい/	
7-04830	23940.2	대사	2	兵士に指令書を見せるか？	
7-04831	23950.0	대사	1	ドアを背にして、 厳格そうな アンパニの将校が、	
7-04832	23950.1	대사	1	手に持った紙を ぼんやりと見つめながら 立っていた。	
7-04833	23950.2	대사	1	微かな鼻息と共に 将校は何度もそれを 読み返して	
7-04834	23950.3	대사	1	いるようで、 読み終わるたびに頭を振り、またぼんやりと	
7-04835	23950.4	대사	1	それを眺めた。	
7-04836	23950.5	대사	1	ついに将校は その紙を畳むと、 机の方に歩いていった。	
7-04837	23950.6	대사	1	まるで君たちの存在など 眼中にないようだった。	
7-04838	23950.7	대사	1	将校はコートのポケットから小さな機械を取り出した。	
7-04839	23950.8	대사	1	すると、その機械はいきなり片方の端から火を吹いた。	
7-04840	23950.9	대사	1	将校は畳んだ紙を その火にかざして燃やし、	
7-04841	23950.10	대사	1	瞬く間に黒い灰になっていく紙を持ち続けた。	
7-04842	23950.11	대사	1	火が手に届きそうに なったところで、 将校は紙を床に落した。	
7-04843	23950.12	대사	1	そして勢いよくそれを 踏み潰すと、 黒い灰は粉々になって	
7-04844	23950.13	대사	1	あたりに散乱した。	
7-04845	23950.14	대사	1	その後、将校は 君たちの方に振り向いた。	
7-04846	23970.0	대사	1	太いゆったりとした声で、 将校は話し始めた。	
7-04847	23970.1	대사	1	私は君たちを 特別な任務に送り出す。	
7-04848	23970.2	대사	1	これはとても危険だ。	
7-04849	23970.3	대사	1	だが、我々は 元々危険なゲームを プレイしているのだよ。	
7-04850	23970.4	대사	1	我々はティーラングの シャトルを一隻拿捕した。	
7-04851	23970.5	대사	1	調べてみると、 それはティーラングの卵で 一杯だった。	
7-04852	23970.6	대사	1	ティーラングの受精卵だ。	
7-04853	23970.7	대사	1	ティーラングは 銀河のこの地域に入植する	
7-04854	23970.8	대사	1	長期計画を 持っているらしい。	
7-04855	23970.9	대사	1	奴らは忌まわしいほど 大勢いる。	
7-04856	23970.10	대사	1	卵がかえれば、 植民地一つくらい 簡単にできるだろう。	
7-04857	23970.11	대사	1	そうなれば、 他の生物を殺戮し、 この豊かな世界を	
7-04858	23970.12	대사	1	奴らの汚物で 満たしてしまう。	
7-04859	23970.13	대사	1	奴らは、宇宙中に自分たちの種族を撒き散らすことだけを	
7-04860	23984.0	대사	1	目的にしているのだ。	
7-04861	23984.1	대사	1	奴らを止めねばならん。	
7-04862	23984.2	대사	1	君たちに奴らを 止めてもらいたいのだ。	
7-04863	23984.3	대사	1	君たちには北西の廃墟に 向かってもらう。	
7-04864	23984.4	대사	1	そこで奴らの基地に 潜入して欲しい。	
7-04865	23984.5	대사	1	おそらく、卵を生む 女王がいるはずだ。	
7-04866	23984.6	대사	1	警備は強固だろう。	
7-04867	23984.7	대사	1	だが、それをみつけて、 滅ぼして欲しい。	
7-04868	23984.8	대사	1	我々は、ここで直接的な 攻勢に出れるほどの	
7-04869	23984.9	대사	1	勢力を持っていない。 それに アンパニの姿のままでは	
7-04870	23984.10	대사	1	侵入は不可能だ。	
7-04871	23984.11	대사	1	しかし、君たちなら我々に 不可能なことも可能だ。	
7-04872	23984.12	대사	1	アンパニとティーラングは 戦争を開始した。	
7-04873	23984.13	대사	1	銀河レベルの戦争だ。	
7-04874	23984.14	대사	1	そして、これはただの 始まりでしかない。	
7-04875	23984.15	대사	1	君たちは、ティーラングの 基地をみつけ	
7-04876	23984.16	대사	1	奴らの女王を 殺してくるのだ！	
7-04877	23984.17	대사	1	君たちには 特別の武器を与えよう。	
7-04878	23984.18	대사	1	これはここには 一つしかない。 注意して使ってくれ。	
7-04879	23984.19	대사	1	これを使えば、女王も卵も すべて滅ぼせるだろう。	
7-04880	23984.20	대사	1	至近距離に近付くまで 使ってはならない。	
7-04881	23984.21	대사	1	そして、使用後は 即座に離脱するんだ。	
7-04882	24010.0	대사	1	頑張ってくれたまえ。	
7-04883	24010.1	대사	1	私そして アンパニ帝国軍の全員は、 諸君が	
7-04884	24010.2	대사	1	ティーラングの侵略を 食い止めることを 期待している。	
7-04885	24010.3	대사	1	忘れるな。 義務と力と勝利だ！	
7-04886	24015.0	대사	1	突然、目もくらむような 爆発がおこった。	
7-04887	24015.1	대사	1	床から身を起こすと、 司令部の建物の外で、	
7-04888	24015.2	대사	1	さらにいくつかの 爆発が起こっているのが	
7-04889	24015.3	대사	1	感じられた。	
7-04890	24020.0	대사	1	将軍の司令室の方を 見てみると、 瓦礫の山の中から	
7-04891	24020.1	대사	1	腕が突き出ているのが 見えた。	
7-04892	24020.2	대사	1	積み上がっている 瓦礫を急いで放り出し、 君たちは	
7-04893	24020.3	대사	1	血だらけの体を 掘り出した。だが、 その様子からすると、	
7-04894	24020.4	대사	1	将軍は長くは持ちそうに なかった。	
7-04895	24020.5	대사	1	苦しそうな息の下で、 将軍はささやいた。	
7-04896	24020.6	대사	1	義務　力　勝利ぃぃぃぃ	
7-04897	24027.0	대사	1	そしてアンパニの将軍は 息絶えた。	
7-04898	24030.0	대사	1	爆発は止まり、 アンパニの兵士たちが 命令を叫んでいる声、	
7-04899	24030.1	대사	1	そして怪我人などの うめき声が聞こえてきた。	
7-04900	24030.2	대사	1	司令部を襲った爆発は 建物の壁を吹き飛ばし、	
7-04901	24030.3	대사	1	君たちは騒々しい外を 直に見ることができた。	
7-04902	24030.4	대사	1	あたりには煙が充満し、 たくさんのアンパニ兵が 倒れていた。	
7-04903	24040.0	대사	1	外に出てみると、 アンパニの兵士たちは 彼らの基地を捨て、	
7-04904	24040.1	대사	1	安全を求めて 街から近くの森の中に 逃げ去ろうと	
7-04905	24040.2	대사	1	していた。	
7-04906	24040.3	대사	1	君たちは、凄惨な出来事に、いまだうちのめされていた。	
7-04907	24040.4	대사	1	そして、この周囲には まだなにかが 残っているような気がした。	
7-04908	24040.5	대사	1	こんな機会はそう長続きは しないだろう。	
7-04909	24050.0	대사	1	　　　スペースポート　　　	
7-04910	24050.1	대사	1	　　　　　事務局　　　　　	
7-04911	24055.0	대사	1	宇宙港の入り口は、 多くのアンパニ兵によって 守られていた。	
7-04912	24055.1	대사	1	その様子からすると、 無断侵入は絶対に 許さないようだった。	
7-04913	24060.0	대사	1	ここは立入禁止だ。	
7-04914	24060.1	대사	1	指令書をみせたまえ。	
7-04915	24075.0	대사	1	衛兵、こいつらを追い出せ！	
7-04916	24080.0	대사	1	この指令書では 宇宙港には入れん。	
7-04917	24080.1	대사	1	即座に退去しないと 逮捕する。	
7-04918	24085.0	대사	1	スペースセンターの内側の 壁には、巨大な 地図がかかっていた。	
7-04919	24085.1	대사	1	だが、 それがなんの地図なのかは まったくわからなかった。	
7-04920	24085.2	대사	1	濃い青色の背景に、 いくつもの斑点や 色のついた輪が	
7-04921	24085.3	대사	1	描かれており、 白い線や数字がそこら中に 書き込まれていた。	
7-04922	24090.0	대사	1	君たちは近付いてみて、 さらに細部を	
7-04923	24090.1	대사	1	調べてみた。	
7-04924	24090.2	대사	1	すると、 少しその意味が わかってきた。	
7-04925	24090.3	대사	1	地図のまん中には 大きな黄色い輪が 描かれていた。	
7-04926	24090.4	대사	1	そして、その同心円の 外側の輪に ある小さな円には	
7-04927	24090.5	대사	1	次のようなラベルが 貼られていた。 “ガーディア”	
7-04928	24090.6	대사	1	ガーディアの周りの輪には、さらに白い円が	
7-04929	24097.1	대사	1	その地図には、 まるですべての 海、空、宇宙が、	
7-04930	24097.2	대사	1	描かれているかの ようだった。 しかしそれでも、	
7-04931	24097.3	대사	1	それは航海士の 図表のように簡素だった。	
7-04932	24097.4	대사	1	君たちは、この惑星に 来るまでの間に 同じような地図を	
7-04933	24097.5	대사	1	見たことがあるのを 思い出した。 だが、今初めてその	
7-04934	24097.6	대사	1	本当の意味や目的が わかったような気がした。	
7-04935	24097.7	대사	1	この地図を使う 生き物たちは、 まるで君たちが船で	
7-04936	24097.8	대사	1	海を渡るように 空を渡るに違いなかった。	
7-04937	24097.9	대사	1	天空の支配者。	
7-04938	24097.10	대사	1	地図を眺めているうちに、 君たちの頭は混乱してきた。	
7-04939	24097.11	대사	1	数百の輪、世界、地図に 描かれている点の一つ一つを	
7-04940	24097.12	대사	1	理解しようとするうちに、 それが広大な水面に浮かぶ	
7-04941	24097.13	대사	1	泡のように 思えてきたのである。	
7-04942	24097.14	대사	1	君たちは、そこに 記されている 数え切れないほどの	
7-04943	24097.15	대사	1	名前を覚えようとした。 それは君たちの星、 そしてガーディア	
7-04944	24097.16	대사	1	と同じ様な星で、 一つ一つに様々な 人々が住み、数多くの	
7-04945	24097.17	대사	1	驚異が存在しているに 違いなかった。	
7-04946	24097.18	대사	1	これほど複雑なものを 創造するとは、宇宙とは	
7-04947	24097.19	대사	1	なんと驚異に満ちた 存在なのであろうか！	
7-04948	24097.20	대사	1	君たちは、壮大な考えに 耐えられなくなり、 ついに顔を伏せた。	
7-04949	24097.21	대사	1	しかし、呼吸を整えた後、 気力を振り絞りもう一度	
7-04950	24097.22	대사	1	ガーディアのところを 調べ始めた。	
7-04951	24097.23	대사	1	惑星の近くの 青い背景のところに、 小さな金属製の	
7-04952	24097.24	대사	1	ピンがささっていた。 そして、その下には こう記されていた。	
7-04953	24097.25	대사	1	ホラサ　 追尾中Ｓ：１８／４９ Ｄ：３４／８２	
7-04954	24097.26	대사	1	フム…	
7-04955	24097.27	대사	1	ついに君たちは 頭痛と眩暈に襲われた。 そこで、	
7-04956	24097.28	대사	1	他に読めるものが ないかどうか捜し始めた。	
7-04957	24127.0	대사	1	窓から覗いてみると、 壁は黒く塗られており、	
7-04958	24127.1	대사	1	そこに色のついた斑点が たくさん描きこまれていた。	
7-04959	24130.0	대사	1	宇宙港のこちら側は、 倉庫として 使われているようで、	
7-04960	24131.0	대사	1	かごや重そうな 金属の機械が置いてあった。	
7-04961	24135.0	대사	1	かごをいくつか開けてみると巨大な金属製の 機械が入っていた。	
7-04962	24135.1	대사	1	だが、それは とても運べそうになく、 使い方もわからなかった。	
7-04963	24200.0	대사	1	木の向こうに、 ディオニスセウスの グレートタワーが見えた。	
7-04964	24200.1	대사	1	それは南の空に 不気味な感じで そそり立っており、	
7-04965	24200.2	대사	1	超自然的な異星の魔法の力が 感じられた。	
7-04966	24200.3	대사	1	それは力強く、無表情で、 その石の冷たい壁の向こうに	
7-04967	24200.4	대사	1	強力な魔法が潜んでいるのは 間違いなさそうだった。	
7-04968	24200.5	대사	1	そして、それを見て初めて、 君たちはダーンが	
7-04969	24200.6	대사	1	かなり昔から その組織を維持してきた ことを認識した。	
7-04970	24200.7	대사	1	もしかすると、 惑星そのものと 同じくらい 古いのかもしれない。	
7-04971	24210.0	대사	1	タワーに近付いていくに連れ君たちはその表面から	
7-04972	24210.1	대사	1	発せられる凍るような 寒気を感じてきた。	
7-04973	24215.0	대사	1	　　　　ようこそ　　　　　	
7-04974	24215.1	대사	1	　　ディオニスセウスへ　　	
7-04975	24215.2	대사	1	　　　　ダーンの　　　　　	
7-04976	24215.3	대사	1	　　グレートタワー　　　　	
7-04977	24220.0	대사	1	塔の入り口には、 暖かさのかけらも 存在していなかった。	
7-04978	24220.1	대사	1	それこそ、なによりも 明確に彼らの本性を 表しているようだった。	
7-04979	24220.2	대사	1	彼らが暖かい歓迎の構えを 見せていなくても、 別に君たちは	
7-04980	24220.3	대사	1	驚きもしなかった。 そもそも、彼らが“楽しむ”というような	
7-04981	24220.4	대사	1	概念を持っているか どうかすら疑わしかった。	
7-04982	24220.5	대사	1	だからといって、 退屈というわけでは ないかもしれないが。	
7-04983	24230.0	대사	1	部屋の中で 小声で話し合っていた 一団のダーンは、	
7-04984	24230.1	대사	1	君たちが入るとともに 静かになった。	
7-04985	24230.2	대사	1	彼らは君たちの 存在に驚きながらも、 遠巻きに君たちを	
7-04986	24230.3	대사	1	眺め、何をしにきたのかを 推測しているようだった。	
7-04987	24230.4	대사	1	そして、奇妙な微笑みを 浮かべながら 一人が近付いてきた。	
7-04988	24240.0	대사	1	ダーンの仲間はあなたがたを歓迎します…	
7-04989	24246.1	대사	1	言葉を聞いたことは ありますか？	
7-04990	24250.0	대사	1	聖なる光が汝を 導かんことを…	
7-04991	24255.0	대사	1	言葉を聞かれたものは、 聖なる光に触発されて	
7-04992	24255.1	대사	1	ダーンの塔に 導かれるのです。	
7-04993	24255.2	대사	1	あなたも、聞いたのです。 聞こうとしなかっただけで。	
7-04994	24255.3	대사	1	だから、 ここへ訪れたのでしょう。	
7-04995	24260.2	대사	1	我らの仲間も助けが 必要ですか？	
7-04996	24265.0	대사	1	聖なる光が 汝を導かんことを…	
7-04997	24270.0	대사	1	迷える子たちに祝福を。	
7-04998	24270.1	대사	1	我らの仲間が汝の生に 光を与えましょう。	
7-04999	24270.2	대사	1	我らの仲間は来るものを 拒みません。	
7-05000	24275.0	대사	1	{01}祈り/{01}勤行/{01}布教活動/{06}金/	
7-05001	24275.2	대사	1	迷い子たちよ、 汝の信仰の代価を なにによって証すのか？	
7-05002	24280.0	대사	1	おお、我らの仲間は 汝の気持ちを ありがたく受けましょう。	
7-05003	24280.1	대사	1	さぁ、あなたの財布に 重くのしかかる、 金貨による祝福を	
7-05004	24280.2	대사	1	我々に示してください。	
7-05005	24285.0	대사	1	やはり汝らは すでに光を得ておりますぞ、よきブラザー！	
7-05006	24290.0	대사	1	{08}いいえ/\nはい/	
7-05007	24290.2	대사	1	代価は１００ＧＰで いかがでしょう？	
7-05008	24295.0	대사	1	ああ、哀れなブラザー！ 汝の信仰は 財布と同じく軽い！	
7-05009	24295.1	대사	1	この試練を 抜けられなければ、 他の試練を通れないのは	
7-05010	24295.2	대사	1	明らか。	
7-05011	24295.3	대사	1	より多くの信仰を お持ちになって お戻りください！	
7-05012	24300.0	대사	1	さぁこれで汝も入会者です。	
7-05013	24300.1	대사	1	我らの仲間の一員として 励んでください。	
7-05014	24300.2	대사	1	仲間はあなたがたを 歓迎します。	
7-05015	24310.0	대사	1	仲間のうちには、 いくつもの階層があり、 あなたは	
7-05016	24310.1	대사	1	一番最初のところにいます。	
7-05017	24310.2	대사	1	仲間はあなたに教え、 導きの光を与えます。	
7-05018	24310.3	대사	1	仲間の試練を越えるごとに、あなたはより強く	
7-05019	24310.4	대사	1	成長していくことに なります。	
7-05020	24310.5	대사	1	そして、いつの日にか ハイファーザーの位、 ダーンの家の主に	
7-05021	24310.6	대사	1	なることも 可能かもしれません。	
7-05022	24310.7	대사	1	けれども、 充分に信仰を高める前に 高みに登ろうと	
7-05023	24310.8	대사	1	してはいけません。	
7-05024	24310.9	대사	1	仲間は多くのことを 要求し、時として	
7-05025	24320.0	대사	1	厳しい責め苦を 与えることもあるのです。	
7-05026	24320.1	대사	1	導きの光が仲間の試練の間、汝を守りますように！	
7-05027	24325.0	대사	2	よくぞ参られた、ブラザー。	
7-05028	24325.1	대사	1	導きの光、 汝を守らんことを！	
7-05029	24325.2	대사	1	{01}{01}ｼﾚﾝ/	
7-05030	24330.0	대사	1	仲間の試練をくぐり抜け、 より高位の位に昇れるものは	
7-05031	24330.1	대사	1	多くはありません。	
7-05032	24330.2	대사	1	高位に昇ろうとする 他者の嫉妬に 気をつけねばなりません。	
7-05033	24330.3	대사	1	あなたはがた、 そして彼らのすべても試練の	
7-05034	24330.4	대사	1	一部なのです！	
7-05035	24340.0	대사	1	儀式が汝に役立たんことを！	
7-05036	24380.0	대사	1	床の上の ルーン文字が刻まれた岩に、小さな金の壷が 乗っていた。	
7-05037	24385.0	대사	1	君たちは銀の粉を壷に ふりかけた。%]	
7-05038	24385.1	대사	1	すぐに 一陣の煙がたち昇って、 あたりに霧散した。	
7-05039	24390.0	대사	1	壁から、優雅で 華麗な彫り模様が施された	
7-05040	24390.1	대사	1	大理石の祭壇が 突き出していた。	
7-05041	24395.0	대사	1	君たちは金の小像を 祭壇の上に置いた。	
7-05042	24400.0	대사	1	　　　　入信者の　　　　　	
7-05043	24400.1	대사	6	　　　　　寺院　　　　　　	
7-05044	24405.0	대사	1	息が詰まるようなガスが 天井から吹きだし、 君たちを包んだ。	
7-05045	24410.0	대사	1	軽いチクチクする粒子を含む奇妙な紫のもやが	
7-05046	24410.1	대사	1	君たちを包み込んだ。	
7-05047	24415.0	대사	1	隣り合う部屋から 光り輝く泡のようなものが 飛んできて、	
7-05048	24415.1	대사	1	君たちの周りを漂った後、 頭のあたりに 襲いかかってきた。	
7-05049	24420.0	대사	1	控えの間に入ると、 ガス状の気体が ギュっと凝縮し、	
7-05050	24420.1	대사	1	暗い雲のような形を とり始めた。	
7-05051	24425.0	대사	1	仲間の試練を 通ろうとするもの、 ダーンの精霊の前に	
7-05052	24425.1	대사	1	その資質を 証だてねばならぬ！	
7-05053	24430.0	대사	1	箱の中には、 黄金の小像が入っていた。 それには顔がなかったが、	
7-05054	24430.1	대사	1	間違いなく ダーンを型どった ものだった。	
7-05055	24455.0	대사	1	お前は入信者の寺院の 試練を通過した！	
7-05056	24455.1	대사	1	仲間は新たなる門人を 祝福する！	
7-05057	24460.0	대사	1	お前は聖なる秩序の寺院 の試練を通過した！	
7-05058	24460.1	대사	1	仲間はお前を聖なる会員と 認める！	
7-05059	24465.0	대사	1	お前は永遠の夜の寺院 の試練を通過した！	
7-05060	24465.1	대사	1	仲間は汝をダーンの僧侶 と認める！	
7-05061	24470.0	대사	1	お前は大気の気まぐれの 寺院の試練を通過した！	
7-05062	24470.1	대사	1	仲間は 汝をダーンのビショップ と認める！	
7-05063	24475.0	대사	1	お前は脅威の倉の寺院の 試練を通過した！	
7-05064	24475.1	대사	1	仲間は汝をダーンの伝道者 と認める！	
7-05065	24480.0	대사	1	お前は放浪者の寺院 の試練を通過した！	
7-05066	24480.1	대사	1	仲間は汝が真のダーンの君主へ昇ったことを認める！	
7-05067	24485.0	대사	1	さぁ、汝の信仰と 位に値する代価を	
7-05068	24485.1	대사	1	見せねばならぬ！	
7-05069	24490.2	대사	1	仲間の税を支払うか？	
7-05070	24495.0	대사	1	仲間はお前の不敬なる行いを 認めないだろう。	
7-05071	24495.1	대사	1	行け、そして悔い改めよ！	
7-05072	24500.0	대사	1	おぉ、ブラザー、汝の信仰はほんの少し欠けておる。	
7-05073	24550.0	대사	1	部屋のすみに数多くの文書が積まれており、 その上には	
7-05074	24550.1	대사	1	奇麗な布がかけられていた。	
7-05075	24555.0	대사	1	その一つを取り上げて 中を見ると、 こう記されていた。	
7-05076	24555.1	대사	1	　　　ベルカンゾの　　　　	
7-05077	24555.2	대사	1	　　　魔法百貨店　　　　　	
7-05078	24555.3	대사	1	　ディオニスセウス　日中　	
7-05079	24555.4	대사	1	　ニューシティー　夜間　　	
7-05080	24555.5	대사	1	ポスターには イラストが描かれ、	
7-05081	24555.6	대사	1	とても魅惑的だった。	
7-05082	24555.7	대사	1	君たちは、そこに行かずにはいられない気分になった。	
7-05083	24555.8	대사	1	実際、頭の中には それ以外の考えは 浮かばなくなってしまった。	
7-05084	24555.9	대사	1	そこには、必要とするものが必ずあるように 思えたのである。	
7-05085	24570.0	대사	1	　　　聖なる秩序の　　　　	
7-05086	24580.0	대사	1	　　　永遠の夜の　　　　　	
7-05087	24590.0	대사	1	広間には、 トランス状態になった ダーンの一団が	
7-05088	24590.1	대사	1	輪になって座り、 秘められた力と 至福の喜びが存在している、	
7-05089	24590.2	대사	1	心のうちの秘所に 思いを巡らしながら、 深い瞑想の中に	
7-05090	24590.3	대사	1	浸っていた。	
7-05091	24590.4	대사	1	彼らはまるで 像のように動かず、 静かに座っていた。	
7-05092	24595.0	대사	1	そして君たちは、 部屋の後ろの方から 君たちを眺めている	
7-05093	24595.1	대사	1	人影に気づくまでに 数秒を要した。	
7-05094	24595.2	대사	1	まるで 床の上を滑っているように 優雅な動きで、	
7-05095	24595.3	대사	1	彼は近付いてきて 話し始めた。	
7-05096	24600.0	대사	1	そこを旅した者のみが、 その先に何が	
7-05097	24600.1	대사	1	広がるかを知る。	
7-05098	24600.2	대사	1	そこは精神が 宇宙の中心となる領域。	
7-05099	24600.3	대사	1	永遠のすべてが、 その目の前で 明らかになる。	
7-05100	24600.4	대사	1	見るのみ、触ってはならぬ。	
7-05101	24600.5	대사	1	そこは真の本質の世界。 すべての罠から逃れ、	
7-05102	24600.6	대사	1	外界の要求からも 自由な場所。	
7-05103	24600.7	대사	1	それは内なる王国。 平和と知識の領域。	
7-05104	24610.2	대사	1	これを学ぶ気はあるか？	
7-05105	24615.0	대사	1	そうするがよい。	
7-05106	24620.0	대사	1	言葉を捜せ。	
7-05107	24620.1	대사	1	獣の住処にて。	
7-05108	24620.2	대사	1	そしてここへ戻れ。	
7-05109	24620.3	대사	1	もしそれを知れば、 何をすべきかもわかる。	
7-05110	24625.0	대사	1	そして、その人影と ダーンたちは、 一人また一人と 消え去っていった。	
7-05111	24630.0	대사	1	床の上に、まるで、君たちを誘惑するかのように 鍵が落ちていた。	
7-05112	24640.1	대사	1	言葉について瞑想する	
7-05113	24640.2	대사	1	奇妙な場所から離れる	
7-05114	24645.0	대사	1	広間は静まり返っており、 誰かがいるような気配は	
7-05115	24650.0	대사	1	物静かな部屋に座って 瞑想を始めると、 君たちの頭の中に、	
7-05116	24650.1	대사	1	もう少しで 届きそうなところに 言葉が浮かんできた。	
7-05117	24660.0	대사	1	　　　　　獣の　　　　　　	
7-05118	24660.1	대사	1	　　　　　住処　　　　　　	
7-05119	24665.0	대사	1	獣の住処に入って行くと、 君たちは再び、	
7-05120	24665.1	대사	1	暗闇に飲み込まれた。 %]	
7-05121	24665.2	대사	1	すぐに、 なにかを飲んでいるような 柔らかい音が聞こえてきた。 %]	
7-05122	24665.3	대사	1	そして、周囲の暗闇の中に 虹色に輝いて、	
7-05123	24665.4	대사	1	それは君たちの前に 落ちてきた。	
7-05124	24675.0	대사	1	落ちた獣が死ぬ中、 君たちはこれが 意図通りだったのか、と	
7-05125	24675.1	대사	1	不思議に思った。 そして最期の奇妙な叫びで、それは	
7-05126	24675.2	대사	1	ほとんど 発音できないような音を 発した。	
7-05127	24675.3	대사	1	それはこのような音だった。 %	
7-05128	24679.0	대사	1	“モオー”	
7-05129	24685.0	대사	1	暗闇の中で、 君たちは床の上の 何かにつまずいた。	
7-05130	24685.1	대사	1	それは何度か チリンという音を立てた後、	
7-05131	24685.2	대사	1	足元のどこかで止まった。	
7-05132	24690.0	대사	1	手や足をつかって 慎重に周りを探り、 君たちは	
7-05133	24690.1	대사	1	さっき蹴飛ばした 黄金の小像をみつけた。	
7-05134	24700.0	대사	1	　　　大気の気まぐれの　　	
7-05135	24700.1	대사	1	　　　　　　寺院　　　　　	
7-05136	24705.0	대사	1	箱を開けると、 中には緑と青の色調に 光り輝く	
7-05137	24705.1	대사	1	石が入っていた。	
7-05138	24710.0	대사	1	周りは息苦しくなるほど暗く本当に 息ができなくなってきた。	
7-05139	24710.1	대사	1	頭の周りに 光りが舞い踊り、 君たちは息ができず	
7-05140	24710.2	대사	1	ついに気絶して 床に倒れこんだ。	
7-05141	24720.0	대사	1	数秒後、 君たちは息を吹き返し 目を開けた。	
7-05142	24722.0	대사	1	周りは 相変わらず暗かったが、 遠くにないかが光っていた。	
7-05143	24722.1	대사	1	それは水晶玉のような 光る球体だった。	
7-05144	24722.2	대사	1	君たちは動くことができず、ただ それを眺めるだけだった。	
7-05145	24726.0	대사	1	そして、それは消え始めた。	
7-05146	24726.1	대사	1	消滅するのではなく、 床に沈んでいったのである。	
7-05147	24729.0	대사	1	続いて人影が現れた。	
7-05148	24731.0	대사	1	それは若い女性だった。	
7-05149	24731.1	대사	1	彼女は球体が消えた その場所に現れた。	
7-05150	24731.2	대사	1	彼女は手をつかってなにかをしているようだった。	
7-05151	24731.3	대사	1	そして彼女もまた消え、 すべては暗黒になった。	
7-05152	24736.0	대사	1	驚きと共に、 君たちは再び目を開けた。	
7-05153	24736.1	대사	1	相変わらず暗闇だった。	
7-05154	24736.2	대사	1	だが、今度は 動くことができた。	
7-05155	24740.0	대사	1	　　　　脅威の倉の　　　　	
7-05156	24745.0	대사	1	箱の底には、 油ぎった布に包まれた	
7-05157	24745.1	대사	1	古い文書の かけらが入っていた。	
7-05158	24750.0	대사	1	　　　　放浪者の　　　　　	
7-05159	24755.0	대사	1	箱は最近 誰かに明けられたようで、 中にはなにかを包んでいた	
7-05160	24755.1	대사	1	油ぎった布だけしか 入っていなかった。	
7-05161	24755.2	대사	1	中に入っていたのは なにかはわからなかったが、誰かが	
7-05162	24755.3	대사	1	君たちの先を 越したようだった。	
7-05163	24760.0	대사	1	部屋は微かに震動しており、 それは部屋にあるもの	
7-05164	24761.0	대사	1	すべてを揺り動かしていた。	
7-05165	24761.1	대사	1	数秒続いた後、その震動は なんの影響も与えぬまま、	
7-05166	24761.2	대사	1	突然止まった。	
7-05167	24765.0	대사	1	　　　　出口は　　　　　　	
7-05168	24765.1	대사	1	　　　　こちら　　　　　　	
7-05169	24770.0	대사	1	門を抜けて火炎が 吹き抜けてきた。 &~c~{0B}~{05}	
7-05170	24772.0	대사	1	~{0B}~{05}火の玉は ぶつかると共に爆発し、	
7-05171	24772.1	대사	1	壁一杯に火炎と火花を 撒き散らした。 %]	
7-05172	24772.2	대사	1	火炎の嵐がおさまった後、 君たちは泣き叫ぶ	
7-05173	24772.3	대사	1	狂人の叫びを耳にした。 %]~c我が子よ、きたれ！ %]	
7-05174	24772.4	대사	1	汝の主はこの壮烈な至福を さらに欲しておる！ %]	
7-05175	24772.5	대사	1	門の鉄格子の向こうに、 酒池肉林の光景が かいまみえた。	
7-05176	24772.6	대사	1	彼らは一体となって 共に悦楽を貪っており、	
7-05177	24772.7	대사	1	次なる灼熱の地獄を 放とうとしていた。	
7-05178	24785.0	대사	1	火炎を無視して進もうとする君たちに、門を抜けて	
7-05179	24785.1	대사	1	新たなる火炎の群が 襲いかかってきた。 	
7-05180	24790.0	대사	1	ハッハッハ！！ &~c%]	
7-05181	24790.1	대사	1	狂人の笑い声が 喜びにうち震え、 さらに半裸の人々に	
7-05182	24790.2	대사	1	向けてこう叫んだ。 %]	
7-05183	24790.3	대사	1	~c燃やせ、燃やせ、 燃やし尽くせ！！ %]	
7-05184	24790.4	대사	1	ハッハッハ！！	
7-05185	24800.0	대사	1	門の方から再び新たな火炎が襲ってきた！ 	
7-05186	24805.0	대사	1	気の違ったダーンは、 迷ったような声で	
7-05187	24805.1	대사	1	叫び続けた。 %]	
7-05188	24805.2	대사	1	~cもっと、もっと、 もっとだ！！！	
7-05189	24810.0	대사	1	白熱する火の玉が門を抜け、 君たちの黒ずんだ	
7-05190	24810.1	대사	1	体を飲み込んで まばゆく爆発した！ &~c~{0B}~{05}~{05}~{05}	
7-05191	24815.0	대사	1	酒池肉林の中から なき声が聞こえてきた。 %]	
7-05192	24815.1	대사	1	~c追え！ 奴らを逃すな！	
7-05193	24818.0	대사	1	君たちの目の前に、 銀色に輝く 強靭そうな合金製の 門があった。	
7-05194	24820.0	대사	1	部屋の中に飛び込むと、 君たちの目の前には、 目が真っ赤の	
7-05195	24820.1	대사	1	悪魔のようなダーンの一団が待ち受けていた。	
7-05196	24825.0	대사	1	箱の中にはほこりまみれの 古い本が入っていた。 それは黒ずんで	
7-05197	24826.0	대사	1	ひび割れした革ばりの本で、血の文字で こう記されていた。	
7-05198	24826.1	대사	1	不死者の書	
7-05199	24830.0	대사	1	門の上には黒い鉄で 鋳造された、 不気味な顔がついていた。	
7-05200	24830.1	대사	1	それはまるで、 冥土の世界の生き物の ようだった。	
7-05201	24830.2	대사	1	顔の額のところには 大きな穴が開いていた。 おそらく、	
7-05202	24830.3	대사	1	太い蝋燭をさす場所 なのだろう。	
7-05203	24830.4	대사	1	門の格子の向こうに、 封がされた 箱があるのが見えた。	
7-05204	24830.5	대사	1	だが、その中身がなんのかはここからでは わからなかった。	
7-05205	24840.0	대사	1	黒い鉄の頭に 悪魔の角をさし、 君たちは一歩退いた。	
7-05206	24840.1	대사	1	そして武器を構え、 呪文を用意した。	
7-05207	24845.0	대사	1	だが、何も起こらなかった。	
7-05208	24850.0	대사	1	　　マグナ・ダーンの　　　	
7-05209	24860.0	대사	1	君たちは、その部屋に漂う 酒池肉林の光景の、 あまり淫らで	
7-05210	24860.1	대사	1	不敬な様子を見て 目を丸くした。	
7-05211	24860.2	대사	1	そしてそのただ中、 わめきちらし、 怒りの絶頂にあるのは、	
7-05212	24860.3	대사	1	まさに悪魔自身の子、 マグナ・ダーンに 相違なかった。	
7-05213	24870.0	대사	1	ダーンの家の高みにまで よくぞ登ってきた！	
7-05214	24870.1	대사	1	だが、お前はダーンではないダーンの主にはなれん。	
7-05215	24870.2	대사	1	ハイファーザーとなり、 その力を帯びるのは ダーンのみ。	
7-05216	24870.3	대사	1	しかし、 マグナ・ダーンである トーケサーデは 例外を許そう。	
7-05217	24870.4	대사	1	もしお前が増殖の落し穴の試練に挑む気があれば だがな！	
7-05218	24870.5	대사	1	選ぶのはお前だ。	
7-05219	24870.6	대사	1	増殖の落し穴の試練 を受けるか。	
7-05220	24870.7	대사	1	それとも ダーンの家の主の位を 諦めるか。	
7-05221	24880.0	대사	1	{03}増殖の落し穴/{02}諦める/	
7-05222	24880.2	대사	1	増殖の落し穴を選ぶか、 それとも諦めるか？	
7-05223	24885.0	대사	1	選んだのはお前だ、 そうするがよい！	
7-05224	24892.0	대사	1	今より、お前らは すべてのダーンの敵だ！	
7-05225	24892.1	대사	1	我が子らよ、 奴らを滅ぼせ！！	
7-05226	24892.2	대사	1	そして淫らなものどもの群が君たちに襲いかかってきた！	
7-05227	24900.0	대사	2	落し穴にいりて、 我らの敵の腸を 落さねばならぬ。	
7-05228	24900.1	대사	1	奴らの内臓は 悪魔をそそのかす！	
7-05229	24902.0	대사	1	落し穴にいりて、 ディアムの灰を まかねばならぬ。 	
7-05230	24902.1	대사	1	その香りは悪魔の怒りを かきたてる！	
7-05231	24902.2	대사	1	落し穴にいりて、門の石を 投げつけねばらなぬ。	
7-05232	24902.3	대사	2	宝玉の魔法は 悪魔を呼び覚ます！	
7-05233	24902.4	대사	1	落し穴にいりて、不死の書を唱えねばならぬ。	
7-05234	24902.5	대사	2	その言葉の力は 悪魔を束縛する！	
7-05235	24902.6	대사	1	そして、その時初めて、 増殖する地獄は消え去る！	
7-05236	24902.7	대사	1	そしてハイファーザー、 ダーンの家の主は 宣言される！	
7-05237	24902.8	대사	1	我に悪魔の角を持て。	
7-05238	24902.9	대사	1	それはかの頭よりはえる。	
7-05239	24902.10	대사	1	かわりに 力と富みを与えよう。	
7-05240	24902.11	대사	1	そして夜の奴隷を。	
7-05241	24902.12	대사	1	我に偉大なる角を持て。	
7-05242	24902.13	대사	1	それは地獄にて悪魔を生む。	
7-05243	24902.14	대사	1	かわりに ダーンの力を貸そう。	
7-05244	24902.15	대사	1	そして淫らな黒魔術を。	
7-05245	24902.16	대사	1	行け、ダーンのロードよ。	
7-05246	24902.17	대사	1	増殖する落し穴の中へ。	
7-05247	24902.18	대사	1	角を持たずには戻るな。	
7-05248	24902.19	대사	1	持って戻れば この玉座は汝のもの！	
7-05249	24930.0	대사	1	　　　増殖する悪魔の　　　	
7-05250	24930.1	대사	1	　　　　　落し穴　　　　　	
7-05251	24935.0	대사	1	落し穴は暗く煤けており、 まるでその底から巨大な炎が	
7-05252	24935.1	대사	1	立ち上ったかのようだった。	
7-05253	24940.0	대사	1	落し穴に入って、君たちは ダーンの敵である	
7-05254	24940.1	대사	1	ムンクの臓物が入った ビンを投げ込んだ。	
7-05255	24945.0	대사	1	落し穴に入って、君たちは ディアムの灰を振りまいた。	
7-05256	24945.1	대사	1	そして渦巻く煙が 沸き上がるのをみつめた。	
7-05257	24950.0	대사	1	落し穴に入って、 君たちは門の石を 投げつけた。	
7-05258	24950.1	대사	1	すると、 煙は白い火炎になった。 %	
7-05259	24955.0	대사	1	灼熱する薪から地獄の子供が 飛び出してきた。	
7-05260	24955.1	대사	1	その拳は、 白熱する炎のごとく 熱を発していた。	
7-05261	24955.2	대사	1	そしてその頭の上には、 悪魔の角が生えていた。	
7-05262	24955.3	대사	1	ついに、 この増殖の落し穴から 解放され、	
7-05263	24955.4	대사	1	再び人間の世界に 呼び覚まされたぞ！	
7-05264	24955.5	대사	1	死せる定めの者どもよ、 この私がお前らを	
7-05265	24955.6	대사	1	地獄へ送り込んでやろう！	
7-05266	24965.0	대사	1	戦いの最後の一撃で、 悪魔の頭上についていた角は	
7-05267	24966.0	대사	1	折れて落し穴の深みに 落ちていった。 そして地獄の底から	
7-05268	24966.1	대사	1	黒い火炎が 吹き上がってきた。	
7-05269	24970.0	대사	1	落し穴の外から、 泣き叫ぶ声が響いてきた。	
7-05270	24970.1	대사	1	急げ我が子よ。 角を取るのだ！	
7-05271	24980.0	대사	1	死をかけて、我に角を持て！ %]	
7-05272	24980.1	대사	1	そして、子供ら、奴隷、 トーケサーデの ファーザーたち、	
7-05273	24980.2	대사	1	マグナ・ダーン、 これらが一斉に地獄のような 激昂と共に	
7-05274	24980.3	대사	1	攻撃を仕掛けてきた！	
7-05275	24990.0	대사	1	原型をとどめていない 死体の山の中に、 君たちは	
7-05276	24990.1	대사	1	マグナ・ダーンであった トーケサーデの 死体をみつけた。	
7-05277	24990.2	대사	1	君たちは立ち止まった。	
7-05278	24990.3	대사	1	そして、 静かにうなずきながら 考えた。	
7-05279	24990.4	대사	1	この後、ダーンの家は	
7-05280	24990.5	대사	1	一体どうなって しまうのかと。	
7-05281	25000.0	대사	1	君たちは、その頭を失った 堕ちた独裁者の遺体の指に、	
7-05282	25000.1	대사	1	金属性の指輪が 光っているのに気づいた。	
7-05283	25005.0	대사	1	炎によって黒こげになった 地獄の子供の 落し穴の中に、	
7-05284	25005.1	대사	1	悪魔の角が くすぶっているのが見えた！	
7-05285	25010.0	대사	1	上の方から、 マグナ・ダーンである トーケサーデの	
7-05286	25010.1	대사	1	ヒステリックな声が 聞こえてきた。	
7-05287	25010.2	대사	1	殺せ、奪え、 我に角を持て！！	
7-05288	25010.3	대사	1	その様子は、取り引きを 申し出ている 感じではなかった。	
7-05289	25010.4	대사	1	実際に、 その声は抑制というものを 欠いていた。	
7-05290	25020.0	대사	1	通路に向かおうとした 君たちは、 後方を狂った者の一団に	
7-05291	25020.1	대사	1	囲まれた。 どうも罠にはまってしまったようだった。	
7-05292	25030.0	대사	1	君たちは マグナ・ダーンの指輪を 門の前に掲げた。	
7-05293	25035.0	대사	1	宝石が散りばめられた 絹のクッションの上で、 ヘビが	
7-05294	25035.1	대사	1	より合わさった形の笏が 黄金の輝きを放っていた。	
7-05295	25040.0	대사	1	落し穴に降りて行くと、 壁には、 地獄の業火に焼かれた	
7-05296	25040.1	대사	1	かのような、黒い煤が厚く こびりついているのが 見て取れた。	
7-05297	25040.2	대사	1	君たちは灰になった 塊をみつけ、 あわてて地面に	
7-05298	25040.3	대사	1	飛び上がった。	
7-05299	25040.4	대사	1	それは焼かれた 骨だったのである。	
7-05300	25050.0	대사	1	ダーンの グレートタワーの頂上は、 強風が吹き荒れ、	
7-05301	25050.1	대사	1	まるで夜の帳のように 天空を暗黒が覆っていた。	
7-05302	25090.0	대사	1	壁には、 掴まれた角のまわりに 波打つ骨が取り巻く図柄の	
7-05303	25090.1	대사	1	金色の丸いエンブレムが はめ込まれていた。	
7-05304	25100.0	대사	1	驚いたことに、 君たちは石の壁を、 まるでそこになにも	
7-05305	25100.1	대사	1	ないかのごとく 通り抜けることができた。	
7-05306	25105.0	대사	1	君たちは輝く宝石を エンブレムのまん中の 角のところに	
7-05307	25105.1	대사	1	はめ込んだ。 %]	
7-05308	25105.2	대사	1	だが、 何も起こらなかった。	
7-05309	25110.0	대사	1	幻の壁を通り抜ける瞬間、 君たちは	
7-05310	25110.1	대사	1	体がうずくような 気がした。	
7-05311	25115.0	대사	1	うずきが 引いていくと同時に、 君たちは方向感覚を失った。	
7-05312	25120.0	대사	1	石の小部屋から出ると、 そこは通路のようだった。 だが、	
7-05313	25120.1	대사	1	それがどこへ通じるかは わからなかった。	
7-05314	25120.2	대사	1	前方の不思議な中庭に、 おなじみの石像が	
7-05315	25120.3	대사	1	薄汚れながらもしっかりと 立っていた。	
7-05316	25125.0	대사	1	像の側に立ってみると、 それほど 意地悪くはなさそうだった。	
7-05317	25125.3	대사	3	像の本当の古さを 示していた。	
7-05318	25135.3	대사	1	　　　　　予言者　　　　　	
7-05319	25140.0	대사	1	金属板を磨いてみると、 まん中の“言”の	
7-05320	25140.1	대사	1	のところが くるりと回るように なっていた。	
7-05321	25140.2	대사	1	その下には、サファイアの 首飾りが入っていた。 それは遥か昔に	
7-05322	25140.3	대사	1	ここにしまわれたもの のようだった。	
7-05323	25150.0	대사	1	首飾りを拾い上げた途端、 驚いたことに	
7-05324	25150.1	대사	1	像の口から言葉が 発せられた。	
7-05325	25160.0	대사	1	よくきた、我が子よ。	
7-05326	25160.1	대사	1	ついにその日が来たようだ。	
7-05327	25162.0	대사	1	“今”というのが、 私が最後に息をし、 この大地を歩んでから	
7-05328	25162.1	대사	1	どれほどの世紀が 経た後なのかは わからない。	
7-05329	25162.2	대사	1	だが、死人に時は関係ない。	
7-05330	25162.3	대사	1	私が息を引き取ったのは、 つい先ほどと 考えてもよいだろう。	
7-05331	25162.4	대사	1	伝えたいことは数多い。 様々な事象の物語、	
7-05332	25162.5	대사	1	生命と死、 そして時間のことなど。	
7-05333	25162.6	대사	1	だが、 この声もすぐに消える。 エネルギーは長続きしない。	
7-05334	25162.7	대사	1	私は任務を成し遂げねば ならない。	
7-05335	25162.8	대사	1	お前が持っている首飾りは 最後の鍵の一部だ。	
7-05336	25162.9	대사	1	それこそ、私の秘密の 守護者なのだ。	
7-05337	25162.10	대사	1	そのクリスタルには、 私の手の平のコードが 入っている。	
7-05338	25162.11	대사	1	アストラルの墓を 開けられるのは 私の手だけなのだ。	
7-05339	25162.12	대사	1	私が死んで後、 数千年が経ったとしても、 この鍵は開くことは	
7-05340	25162.13	대사	2	ないだろう。	
7-05341	25162.14	대사	1	だが、私の子孫、 末裔たちは時代を 経ても続く。 そして私の	
7-05342	25162.15	대사	1	血を受け継ぐものへの 遺産として、 彼らの手には私の	
7-05343	25162.16	대사	1	コードが受け継がれる。	
7-05344	25162.17	대사	1	私はお前の名前も、 男か女か子供かも知らん。	
7-05345	25162.18	대사	1	だが、お前が私の子孫なら、秘密はお前のものだ。	
7-05346	25162.19	대사	1	お前が一人アストラルの 墓に立ち、首飾りを	
7-05347	25162.20	대사	1	その手の平のうちに持つとき	
7-05348	25162.21	대사	1	奇跡が起きるであろう！	
7-05349	25162.22	대사	1	私自身、仕掛が動くのが 見れないのが残念だ！	
7-05350	25162.23	대사	1	我が遠い子孫よ、 お前に祝福を！	
7-05351	25162.24	대사	1	宇宙の重荷は お前の額の上に！	
7-05352	25162.25	대사	1	像はそう言うと 再び静かになり、 その目からウインクも	
7-05353	25162.26	대사	1	消え去った。	
7-05354	25190.0	대사	1	魔法の小部屋の中、 おなじみの金の エンブレムの中央に	
7-05355	25190.1	대사	1	宝石が輝いていた。	
7-05356	25200.0	대사	1	前方は濃いきりで覆われ、 その中を岸に打ち寄せる	
7-05357	25200.1	대사	1	波の音が聞こえてきた。	
7-05358	25200.2	대사	1	もしかすると、 それは岸ではなく 岩礁かもしれないが。	
7-05359	25210.0	대사	1	船は岩礁をかすめ、 衝撃で全員が甲板に 投げ出された！	
7-05360	25215.0	대사	1	海は、切り立っていて 安全な船着場のない、	
7-05361	25216.0	대사	1	荒涼とした ドラゴンマウンテンの崖に つきあたっていた。	
7-05362	25220.0	대사	1	暗闇の中、遠くに カンテラの光が見えた。 しかし、君たちには、	
7-05363	25220.1	대사	1	それが危険な 岩場を示しているのか、 それとも進むべき場所を	
7-05364	25220.2	대사	1	示しているのかは わからなかった。	
7-05365	25225.0	대사	1	近付いてみると、 それはカンテラの 光などではなかった。	
7-05366	25225.1	대사	1	崖の岩肌には、 光を発するリンの成分が 含まれていたのである。	
7-05367	25225.2	대사	1	昼間には 見えなかったものの、 夜になるとリンは 暗闇の中に	
7-05368	25225.3	대사	1	まばゆく輝いた。	
7-05369	25230.0	대사	1	ヘビの杖を掲げもって 光る石の前に 突き出してみると、	
7-05370	25230.1	대사	1	君たちはそれが自然に そこにできたのではなく、 誰かによって	
7-05371	25230.2	대사	1	意図的に配置されたのだ ということに気づいた。	
7-05372	25235.0	대사	1	崖の側面には、 地下の洞窟に 入れるような隙間が	
7-05373	25235.1	대사	1	あいていた。	
7-05374	25238.0	대사	1	しばらくヘビの杖を 振り回したものの、 バカらしい気がしてきた。	
7-05375	25240.0	대사	1	前方の陰気な水面から 不気味な鳴き声が 聞こえてきた。 &~9	
7-05376	25245.0	대사	1	近付いてみると、 洞窟の中で 水浴びをしている	
7-05377	25245.1	대사	1	女性が目に入ってきた。	
7-05378	25250.0	대사	1	彼女は波の音の中で、 柔らかく魅惑的な歌を	
7-05379	25250.1	대사	1	歌っていた。	
7-05380	25255.0	대사	1	それはあまりに美しく、 誰も他のことに 気を配れなかった。	
7-05381	25260.0	대사	1	ブロンバデグが 浮き上がってくるまでは！	
7-05382	25265.0	대사	1	血で一杯の水面の中、 巨大な死骸は海の深みへと	
7-05383	25265.1	대사	1	沈んで行き、恐るべき伝説に終止符を打った。	
7-05384	25265.2	대사	1	壁を飾るべき剥製は 残りはしなかった。 そして、これこそ	
7-05385	25265.3	대사	1	最もそれらしい 結末なのかも しれなかった。	
7-05386	25265.4	대사	1	本当の伝説は、そう簡単には手に入らないのかも しれない。	
7-05387	25280.0	대사	1	ドラゴンの住処の奥深くで、 君たちは不運な	
7-05388	25280.1	대사	1	冒険者たちのガイコツを 発見した。	
7-05389	25280.2	대사	1	洞窟の奥には大きな宝箱が 置かれていた。 君たちは、	
7-05390	25280.3	대사	1	この宝を埋めた 海賊の一団が、 自分たちの隠れ家がすでに	
7-05391	25284.0	대사	1	火を吹くドラゴンの 住処となっていたことに 気づいて	
7-05392	25284.1	대사	1	いたのかどうか、 不思議に思った。	
7-05393	25284.2	대사	1	君たちは、 海賊が最期の息で、 自分たちの宝を	
7-05394	25284.3	대사	1	奪おうとするものに 呪いをかける 昔話を思い出した。	
7-05395	25284.4	대사	1	だが、こういった物語は すべて子供のためだったり、	
7-05396	25284.5	대사	1	怪談用の作り話だと思って 気を取り直した。	
7-05397	25284.6	대사	1	この骨がなにかをしそうな 気配はない。	
7-05398	25284.7	대사	1	ただ、一応確認するために 君たちは	
7-05399	25284.8	대사	1	洞窟の中を歩き回った。 そして、たまたま	
7-05400	25284.9	대사	1	足の下に入った海賊の骨を、踏みしだいて	
7-05401	25284.10	대사	1	こなごなにした。	
7-05402	25284.11	대사	1	これで呪いを気にする必要もないはずである。	
7-05403	25300.0	대사	1	宝物はドラゴンの空想だったというのはただのお話だが、	
7-05404	25300.1	대사	1	どうもそれは 真実のようだった。	
7-05405	25300.2	대사	1	その洞窟に置かれていた 重い箱そのものが、	
7-05406	25300.3	대사	1	けちなドラゴンが 用意していた 宝のすべてのようだった。	
7-05407	25305.0	대사	1	おやおや  %]	
7-05408	25305.1	대사	1	けち野郎が お帰りになったようだ！	
7-05409	25310.0	대사	1	こんなところで みつけるとは…	
7-05410	25315.0	대사	1	~{05}!洞窟の入り口！	
7-05411	25350.0	대사	1	暗い洞窟から脱出した君たちは、 山の頂上に都市がまるごと	
7-05412	25350.1	대사	1	乗っているのをみて びっくりした。	
7-05413	25350.2	대사	1	それは普通の都市では なかった。	
7-05414	25350.3	대사	1	それは宝石で作られた 宮殿のごとく、	
7-05415	25350.4	대사	1	太陽の光を 何千倍もの明るさに反射して	
7-05416	25350.5	대사	1	あたりに振りまいていた。	
7-05417	25350.6	대사	1	そして空中には、 鋼鉄と火の戦車を駆る 真っ赤な天使たちが	
7-05418	25350.7	대사	1	颯爽といきかっていた。	
7-05419	25350.8	대사	1	足元には、 輝くプレートが 置いてあった。	
7-05420	25350.9	대사	1	　　　　　天空の　　　　　	
7-05421	25350.10	대사	1	　　　　　都市　　　　　　	
7-05422	25370.0	대사	1	奇妙な構造の 浮かぶ都市に近付くと、 その構造がわかってきた。	
7-05423	25370.1	대사	1	その都市は、 透明で弾力性がある 金属でできていた。	
7-05424	25370.2	대사	1	それはガラスのようでもあり柔軟性があってしなやかで、	
7-05425	25370.3	대사	1	その上に 鋼鉄並の強さを持っていた。	
7-05426	25380.0	대사	1	ガラスで覆われたくぼみを 外から眺めると中には小さな	
7-05427	25381.0	대사	1	台があり、その上に 発光する物体が 浮かんでいた。	
7-05428	25390.1	대사	1	カギに触る	
7-05429	25390.2	대사	1	カギを取る	
7-05430	25395.0	대사	1	あずまやの中に、 輝く鍵があった。	
7-05431	25400.0	대사	1	慎重に、君たちは 鍵に触れた。	
7-05432	25400.1	대사	1	それは柔らかい感触で 熱くはなく、 危険もないようだった。	
7-05433	25405.0	대사	1	慎重に、君たちは 光り輝く鍵を手に取った。 ありがたいことに、	
7-05434	25405.1	대사	1	君たちの手はちゃんと ついたままだった。	
7-05435	25410.0	대사	1	　　　　　貯蔵　　　　　　	
7-05436	25415.0	대사	1	貯蔵施設は空のようだった。	
7-05437	25420.0	대사	1	部屋の奥には箱型の機械が 置かれていた。 それは音も立てず、	
7-05438	25420.1	대사	1	どうも捨てられたか 忘れられたものの ようだった。	
7-05439	25420.2	대사	1	　　　　　動力電池　　　　	
7-05440	25420.3	대사	1	　　　　自動販売機　　　　	
7-05441	25420.4	대사	1	　　　　　　料金　　　　　	
7-05442	25420.5	대사	1	　　　　１クレジット　　　	
7-05443	25420.6	대사	1	文字の下には 薄い溝が開いており、	
7-05444	25420.7	대사	1	下の方には四角い穴が 開いていた。	
7-05445	25435.0	대사	1	クレジットをいれると、 それはしばらくして	
7-05446	25435.1	대사	1	うなるような音、 カチカチという音を発し、 その後	
7-05447	25435.2	대사	1	下の穴から小さな包みが 出てきた。	
7-05448	25440.0	대사	1	　　　　　保存の　　　　　	
7-05449	25440.1	대사	4	　　　　　殿堂　　　　　　	
7-05450	25440.2	대사	1	　　　　　料金　　　　　　	
7-05451	25440.3	대사	1	　　　１クレジット　　　　	
7-05452	25440.4	대사	1	文字の下には 薄い溝が開いていた。	
7-05453	25450.0	대사	1	君たちは溝に クレジットを入れた。	
7-05454	25455.0	대사	1	保存の殿堂の中は、 広くてほとんどなにも 置いてなかった。	
7-05455	25455.1	대사	1	ただ、壁には輝くオーラが 取り巻くくぼみが いくつかついていた。	
7-05456	25470.0	대사	1	輝く小室をのぞき込むと、 台の上には光の柱を発する	
7-05457	25470.1	대사	1	取っ手のようなものが 置かれていた。	
7-05458	25470.2	대사	2	マーキュリアン	
7-05459	25470.3	대사	1	ライト・スウォード	
7-05460	25480.0	대사	1	輝く小室をのぞき込むと、 台の上には不思議な光を	
7-05461	25480.1	대사	1	発する盾が置かれていた。	
7-05462	25480.3	대사	1	ライト・シールド	
7-05463	25485.0	대사	1	輝く小室をのぞき込むと、 台の上にはまばゆい光を	
7-05464	25486.0	대사	1	発する グローブが置かれていた。	
7-05465	25486.1	대사	1	コバルティン	
7-05466	25486.2	대사	1	パワー・グローブ	
7-05467	25490.0	대사	1	輝く小室をのぞき込むと、 台の上には奇妙な形の	
7-05468	25490.1	대사	1	ピストルが 二つ置かれていた。	
7-05469	25490.2	대사	1	フロンティアズマン	
7-05470	25490.3	대사	1	フェーザー・ピストル	
7-05471	25495.0	대사	1	小室の横の穴の上に、 小さな環が 取り付けられていた。	
7-05472	25495.1	대사	1	おそらく、展示物を守る バリアーの装置に つながっている	
7-05473	25495.2	대사	1	のだろう。	
7-05474	25500.0	대사	1	輝く鍵を穴の上の環に 差し込むと、	
7-05475	25500.1	대사	1	透明なバリアーが 消え去った！	
7-05476	25505.0	대사	1	指輪のダイアモンドを カッターがわりに使って、	
7-05477	25505.1	대사	1	君たちはガラスのような バリアーに 切込みを入れ始めた。	
7-05478	25505.2	대사	1	だが、 そのガラスのような材質は、ダイアモンドを	
7-05479	25505.3	대사	1	すり減らし始めた。	
7-05480	25505.4	대사	1	宝石を無駄遣いしないようにできる限り気をつけながら、	
7-05481	25505.5	대사	1	君たちはなんとか宝石が 完全になくなる前に バリアーに	
7-05482	25505.6	대사	1	穴を開けた。	
7-05483	25505.7	대사	1	小室の中に手を伸ばして、 君たちは報酬を手にした！	
7-05484	25515.0	대사	1	小室の中に入って、 君たちは報酬を手にした！	
7-05485	25525.0	대사	1	部屋の中には、 壮大な都市の絵が かかっていた。	
7-05486	25525.1	대사	1	それはまばゆく輝き、 まるで宝石でできているかのようだった。	
7-05487	25530.0	대사	1	部屋の中には、 色鮮やかなローブを纏った 人物の絵が	
7-05488	25530.1	대사	1	かかっていた。 そしてその人物の周りには、数多くの	
7-05489	25530.2	대사	1	ヘラゾイドの女性が ロケットと共に 描かれていた。	
7-05490	25535.0	대사	1	部屋の中には、 様々な色の光に 彩られた機械の絵が かかっていた。	
7-05491	25535.1	대사	1	そして、そのまわりには、 磨き込まれた金属製の	
7-05492	25535.2	대사	1	彫像のように見える人影が、いくつもたっていた。	
7-05493	25540.0	대사	1	部屋の中には、 明るい色のローブを纏った	
7-05494	25540.1	대사	1	人々の絵がかかっていた。	
7-05495	25540.2	대사	1	その人々の中に、 白い髭を生やし、 口元に微笑みを浮かべ	
7-05496	25540.3	대사	1	目が輝いている人物がいた。	
7-05497	25545.0	대사	1	部屋の中には、 巨大な宇宙船の絵が かかっていた。	
7-05498	25546.0	대사	1	それは、千人の人間が 手を拡げたくらいの 長さがあり、	
7-05499	25546.1	대사	1	街一つが まるまる入るような 船だった。	
7-05500	25555.0	대사	1	部屋の中には、不可解で よくわからないものの	
7-05501	25555.1	대사	1	絵がかかっていた。	
7-05502	25555.2	대사	1	濃いビロードのような空を 背景に数百万の星が 散らばり、	
7-05503	25555.3	대사	1	その上に銀白色の 曲がりくねった チューブが浮かんでいる。	
7-05504	25555.4	대사	1	それはこれから先、 君たちの悪夢の中に何度も	
7-05505	25555.5	대사	1	現れることになる イメージだった。	
7-05506	25570.0	대사	1	部屋の奥に、古いトランクが 置き去りになっていた。 もう数年間、	
7-05507	25570.1	대사	1	それに触ったものはいない ようだった。	
7-05508	25575.0	대사	1	トランクを開けると、 中には様々なものが 一杯詰まっていた。	
7-05509	25600.0	대사	1	目の前には、堂々とした 中庭が拡がっていた。	
7-05510	25600.1	대사	1	そこには数名のヘラゾイドの守護者が、 静かに不動の姿勢で	
7-05511	25600.2	대사	1	待ち受けていた。	
7-05512	25600.3	대사	1	中庭のまん中には、 頭には華麗な 羽根飾りをつけ、	
7-05513	25600.4	대사	1	真っ赤なマントを 風になびかせた、 荘厳に着飾った	
7-05514	25600.5	대사	1	勇猛な人物が立っていた。	
7-05515	25608.0	대사	1	君たちは中庭に入り、 高貴なバルキリーと 対面した。	
7-05516	25610.0	대사	1	未知なる人よ、 ハイガルディア、 天空の都市へ、ようこそ。	
7-05517	25610.1	대사	1	ここは この世界の首都にして要塞、そしてハイガルディの守護者	
7-05518	25610.2	대사	1	ヘラゾイド軍団の故郷。	
7-05519	25610.3	대사	1	我々は先祖の秘密の守護者。管理するものを 守るという任務は、	
7-05520	25610.4	대사	1	偉大なる作り手より 任じられたもの。	
7-05521	25610.5	대사	1	彼の名に祝福あれ！	
7-05522	25610.6	대사	1	我ら先祖が戻るまで、 これを守り通すと誓う。	
7-05523	25610.7	대사	1	その時、我らも永遠に 天国へと旅立つ！	
7-05524	25610.8	대사	1	そして、 その時は遠くはない。	
7-05525	25610.9	대사	1	星は並び、印は明らか。	
7-05526	25610.10	대사	1	予言のときが訪れる！	
7-05527	25610.11	대사	1	我らは偉大なる試練を 満たすものを助けはしない。	
7-05528	25610.12	대사	1	だが、ここにいる間は 聖域を提供しよう。	
7-05529	25610.13	대사	1	汝らと同様、 他のものもすでに 訪れている。	
7-05530	25610.14	대사	1	だが、我々は運命が 誰を選ぶかを知らぬ。	
7-05531	25625.0	대사	1	我らは任務を守り、 決して聖なる計画を 侵しはしない。	
7-05532	25625.1	대사	1	私はケ・リ。 ヘラゾイドの女王。 クルセーダに敬意を！	
7-05533	25630.0	대사	1	この旗印は、 勇猛で果敢な行いが 認められない限り、	
7-05534	25630.1	대사	1	汝のものとなって いなかったであろう。	
7-05535	25630.2	대사	1	私は偉大なる試練を 受けるものを 助けることはできない。 だが、	
7-05536	25630.3	대사	1	同志に対して 恩恵を授けることは 許されている。	
7-05537	25630.4	대사	1	私の首にかかる、 この首飾りを取るがよい。 これは汝が	
7-05538	25630.5	대사	1	我々になした行い同様、 汝に恩恵を 与えることだろう。	
7-05539	25640.0	대사	1	クレジットを用いれば、 我らの先祖の最後の遺物が 納められた、	
7-05540	25640.1	대사	1	保存の殿堂に 入ることができる。	
7-05541	25650.0	대사	1	ようこそ！	
7-05542	25660.0	대사	1	{01}{01}ｲﾀﾞｲﾅﾙｼﾚﾝ/	
7-05543	25670.0	대사	1	我々の先祖にして 文明の始祖、 ハイガルディは 遠い昔に	
7-05544	25670.1	대사	1	この地を去った。 それもすべて 聖なる計画の一部。	
7-05545	25670.2	대사	1	我々は彼らの帰りを、 彼らが我らを天国に迎え、	
7-05546	25670.3	대사	1	永遠の生を与える日を、 待ち続けている！	
7-05547	25670.4	대사	1	我らは彼らの秘密の守護者、そして 遺産の寺院である	
7-05548	25670.5	대사	1	保存の殿堂の管理者なり！	
7-05549	25680.0	대사	1	聖なる計画、生ける予言者！	
7-05550	25680.1	대사	1	すべては予言の通り。 クルセーダ、 そして我らの解放者の	
7-05551	25680.2	대사	1	先ぶれが到来し、 我らは祖先と再会し、 我らの任務は達成され、	
7-05552	25680.3	대사	1	周期は終焉を迎える。	
7-05553	25680.4	대사	1	それは偉大なる作り手の 帰還の幕開き！	
7-05554	25690.0	대사	1	偉大なる試練は 予言の真偽を試すもの。 その危険に際して、	
7-05555	25690.1	대사	1	恐れることなく 抜けたるものこそ、 定められしクルセーダー。	
7-05556	25690.2	대사	1	もし汝が運命の定める者ならこのクルセーダーの殿堂に	
7-05557	25690.3	대사	1	入り、運命に身を任せよ！	
7-05558	25700.0	대사	1	保存の殿堂は、我らの祖先 ハイガルディの遺産を	
7-05559	25700.1	대사	1	守る場所！	
7-05560	25700.2	대사	1	クルセーダーが到来し、 予言がなされるその日まで、	
7-05561	25703.0	대사	1	秘密を守り守護することは 我らの義務。	
7-05562	25750.0	대사	1	　　　クルセーダーの　　　	
7-05563	25760.0	대사	1	静かな中庭に入って行くと、君たちは おなじみの像に出会った。	
7-05564	25765.0	대사	1	像の側に立ってみると、 それは前よりも 不気味な感じがした。	
7-05565	25765.4	대사	2	その像の 荘厳な顔を見上げると、 それはまったくの無表情で	
7-05566	25765.5	대사	2	その目には 精気がなく虚ろだった。	
7-05567	25775.0	대사	3	像の土台に こびりついている 厚い錆をこそげ落すと、	
7-05568	25775.2	대사	1	　　　　　第一の　　　　　	
7-05569	25775.3	대사	2	　　　　　試　練　　　　　	
7-05570	25775.4	대사	1	まるで魔法のように、 像の口から 言葉が発せられた。	
7-05571	25782.0	대사	1	私は、創造者、建立者、 ファーザー、予言者、	
7-05572	25782.1	대사	1	そして作り手。	
7-05573	25782.2	대사	1	数多くの名を持っている。	
7-05574	25782.3	대사	1	だが、 汝が呼ばわる名は一つ。	
7-05575	25782.4	대사	1	私自身がそれと知る名前。	
7-05576	25790.0	대사	1	{01}ガーディア/{05}フォーンザング/{01}アストラル・ドミナ/{01}ダーク・サヴァント/	
7-05577	25790.2	대사	1	汝の呼ぶ名はなにか？	
7-05578	25795.0	대사	1	像は静かに立ったままで、 生気も感じられなかった。	
7-05579	25800.0	대사	1	像の瞳が柔らかく光り、 そしておなじみの表情、	
7-05580	25800.1	대사	1	すなわち輝く瞳が 再びその顔に現れた。	
7-05581	25805.0	대사	1	次の中庭に入ると、 またもや同じような像が 待ち受けていた。	
7-05582	25810.0	대사	1	像の側に立ってみると、 それは前よりも疑わしげな 感じがした。	
7-05583	25821.0	대사	1	その下から 金属板が現れた。	
7-05584	25825.0	대사	1	神秘のルーン	
7-05585	25825.2	대사	1	ヘビ	
7-05586	25825.3	대사	1	門	
7-05587	25825.4	대사	1	杖	
7-05588	25825.5	대사	1	ピラミッド	
7-05589	25825.6	대사	1	星	
7-05590	25825.7	대사	1	ドラゴン	
7-05591	25825.8	대사	1	十字	
7-05592	25825.9	대사	1	ガイコツ	
7-05593	25825.10	대사	1	地図	
7-05594	25840.0	대사	1	土台の金属板には いくつかのボタンが並び、 それぞれの上には	
7-05595	25840.1	대사	1	ルーンが刻み込まれていた。	
7-05596	25850.0	대사	1	もう一度中庭に進み、 君たちは髭を生やした 像に対面した。 %]	
7-05597	25850.1	대사	1	しかし、今度はその物陰で なにかが動いた。	
7-05598	25855.0	대사	1	この生き物がなにかを 理解できるのは 神だけだろう。	
7-05599	25855.1	대사	1	それは巨大な金属製の炎を 炸裂させる悪魔で、	
7-05600	25855.2	대사	1	そのおぞましい姿は、 想像することすら できないものだった。	
7-05601	25855.3	대사	1	疑惑を抱いたまま、 君たちはそれが 一対でないことを祈った。	
7-05602	25860.0	대사	1	像の側に立ってみると、 それは前よりも 平和そうだった。	
7-05603	25870.2	대사	1	　　　　　最後の　　　　　	
7-05604	25870.4	대사	1	突然、 像から声が響いてきた。	
7-05605	25880.0	대사	1	無敵のクルセーダーよ。	
7-05606	25880.1	대사	1	これらの 試練で汝の勇気と知恵は 証だてられた。	
7-05607	25880.2	대사	1	すぐに最後の試練、 予言者の試練に 立ち向かうがよい！	
7-05608	25880.3	대사	1	備えよ、この先に 鍵の一部あり！	
7-05609	25900.0	대사	1	目の前にまっすぐ伸びる 舗装された道に、	
7-05610	25900.1	대사	1	銀色の宇宙船の 輪郭が見えた。	
7-05611	25900.2	대사	1	それは古く、 かなり頼りなさそうだったが宇宙の深淵を	
7-05612	25900.3	대사	1	飛び交う力を 備えていることは 間違いなさそうだった。	
7-05613	25900.4	대사	1	慎重に船に近付きながら、 君たちはこれが今でも	
7-05614	25905.0	대사	1	飛ぶことができるのかどうか疑わしく思った。	
7-05615	25905.1	대사	1	それはあまりに古く、 この試練の創造者によって ここに	
7-05616	25905.2	대사	1	置かれてから、 数百年は 経っていそうだった。	
7-05617	25915.0	대사	1	君たちは船に近付いた。	
7-05618	25920.0	대사	1	船はロックされており、 完全に密閉されていた。	
7-05619	25922.0	대사	1	船の通路のハッチは 開いていた。	
7-05620	25925.0	대사	1	通路のハッチの横にある 丸い格子窓だけが、 外から中に入る	
7-05621	25925.1	대사	1	唯一の手段のようだった。	
7-05622	25930.0	대사	1	{01}いいえ/{02}はい/	
7-05623	25930.2	대사	1	フォーンザングと叫ぶか？	
7-05624	25935.0	대사	1	通路のハッチは 後ろに滑り、 船への入り口が開いた。	
7-05625	25940.2	대사	1	船に入るか？	
7-05626	25945.0	대사	1	古い宇宙船の中に入って、 君たちは周りをみまわした。	
7-05627	25945.1	대사	1	内装はコンパクトで簡素で、十名程度の人間が	
7-05628	25945.2	대사	1	入っても平気なほどに 広かった。	
7-05629	25945.3	대사	1	しかし、この鳥を 目覚めさせる 方法はわからなかった。	
7-05630	25950.2	대사	1	船の中を探索するか？	
7-05631	25955.0	대사	1	君たちはなにか 役にたちそうなものは ないかと、	
7-05632	25955.1	대사	1	船の中を探索し始めた。	
7-05633	25955.2	대사	1	船のメインコンソールの上に黒い箱が乗っていた。	
7-05634	25965.0	대사	2	{09}いいえ/\nはい/	
7-05635	25965.2	대사	1	黒い箱を開けるか？	
7-05636	25970.0	대사	1	黒い箱の中には、 茶色い蝋紙の包みが 入っていた。	
7-05637	25970.1	대사	1	慎重に包みをとくと、 中には古い文書の切れ端が	
7-05638	25970.2	대사	1	しまわれていた。	
7-05639	25975.2	대사	1	さらに探索を続けるか？	
7-05640	25980.0	대사	1	慎重に探索を続けたものの、なにもみつからなかった。	
7-05641	25985.0	대사	1	メインコンソールの あたりを探っていると、 奇妙なへこみが	
7-05642	25985.1	대사	1	コンソールの左の方に あるのに気づいた。	
7-05643	25985.2	대사	1	そこには、なにかが はまりこむように 作られているようだった。	
7-05644	25990.0	대사	1	コンソールを調べていると、君たちは目立たない	
7-05645	25990.1	대사	1	ボタンを発見した。	
7-05646	25990.2	대사	1	ボタンを押すと コンソールの下に 小さな仕切りが開いた。	
7-05647	25990.3	대사	1	そしてその中に、 飾りつきのサファイアの 指輪が入っていた。	
7-05648	25994.0	대사	1	と、突然コンソールから 声が響いた。	
7-05649	25994.1	대사	1	汝の手には、最後の鍵の一部となる 指輪がある。	
7-05650	25994.2	대사	1	賢く使え。 それこそ 私の秘密の守護者なり。	
7-05651	26000.0	대사	1	首飾りをへこみに押し込むとそれはピッタリおさまった。	
7-05652	26000.1	대사	1	だが、なにも起きなかった。	
7-05653	26005.0	대사	1	船から出ながら、君たちは この星から脱出する手段を	
7-05654	26005.1	대사	1	発見したことでほっとした。もちろん、そのすべてを	
7-05655	26005.2	대사	1	理解できていないと 言うことは 問題ではあった。	
7-05656	26005.3	대사	1	できれば、早くその秘密を 解き明かしたいものである。	
7-05657	26100.0	대사	1	石柱の内側の壁に、君たちが今まで見た中で最も	
7-05658	26100.1	대사	1	尋常ではない生き物の姿が 彫られているのをみつけた。	
7-05659	26100.2	대사	1	それは女性に見えないこともなかった。	
7-05660	26100.3	대사	1	猫のようでもあった。	
7-05661	26100.4	대사	1	それに トカゲの雰囲気もある。	
7-05662	26100.5	대사	1	孔雀に似た羽根毛も 持ち合わせている。	
7-05663	26100.6	대사	1	その彫物は極めて精巧に 作られており、まるで	
7-05664	26100.7	대사	1	本当に生きていた生き物が、どういうわけだかその壁に	
7-05665	26100.8	대사	1	取り込まれてしまった かのようにも見えた。	
7-05666	26110.0	대사	1	君たちは魔法の杖を その彫物の前で振り回した。	
7-05667	26110.1	대사	1	期待したとおり、 杖は君たちの目の前で 音を立て、煙を発し、	
7-05668	26110.2	대사	1	黄金の火花を放ち、 岩の中に彫り込まれた イメージを	
7-05669	26110.3	대사	1	きわだたせた。	
7-05670	26110.4	대사	1	ゆっくりと、岩の中の像は 色を得て、	
7-05671	26110.5	대사	1	もがき苦しみ、 のたうち始めた。	
7-05672	26110.6	대사	1	そして生き物の脚は 岩の中から	
7-05673	26110.7	대사	1	外に伸び出してきた。	
7-05674	26110.8	대사	1	奇妙な生き物が 岩に捕らえられていたのか、魔法の杖が	
7-05675	26110.9	대사	1	岩に命を与えてしまったのかそれともこのすべてが単なる	
7-05676	26110.10	대사	1	魔法による幻影なのかは わからなかったが、とにかく	
7-05677	26110.11	대사	1	今や生き物は完全に岩の外に出てきていた。	
7-05678	26130.0	대사	1	私の謎を考える時間は たくさんあったはずだ。	
7-05679	26130.1	대사	1	だが私がお前を 招き入れる前に、	
7-05680	26130.2	대사	1	これに答えねばならぬ。 お前の答えに。	
7-05681	26130.3	대사	1	お前に尋ねよう。 問は何であったか？	
7-05682	26135.0	대사	1	{02}男/{02}女/	
7-05683	26136.1	대사	1	なんと答えるか？	
7-05684	26140.0	대사	1	近い！	
7-05685	26140.1	대사	1	もちろん男とはなにか __男とはなにか ____男とはなにか	
7-05686	26140.2	대사	1	これこそ、 最も込み入った質問だ。	
7-05687	26140.3	대사	1	もし私が人であったならな。だが、私は人ではない。	
7-05688	26140.4	대사	1	お前には 奇妙に思えることだろう。	
7-05689	26140.5	대사	1	それは最大の難問かも しれん。	
7-05690	26140.6	대사	1	それを考えれば 頭が痛いだろう。	
7-05691	26140.7	대사	1	もしお前がそうでなければ、そう悩むことも	
7-05692	26140.9	대사	1	私はこういった謎が 大好きだ。	
7-05693	26140.10	대사	1	別のを考えてやろう。	
7-05694	26140.11	대사	1	おぉ、いいのが一つあった！	
7-05695	26140.12	대사	1	それでは、	
7-05696	26140.13	대사	1	私は誰だ？	
7-05697	26140.14	대사	1	そして奇声と共に、生き物は君たちの頭上の空間に	
7-05698	26140.15	대사	1	飛び込んで、	
7-05699	26165.0	대사	1	消えた！	
7-05700	26165.1	대사	1	お前は今まで考えたことも なかっただろう！	
7-05701	26165.2	대사	1	もう一度チャンスをやろう。	
7-05702	26165.3	대사	1	だが、これが最初のときほど報酬をもたらすかどうかは	
7-05703	26165.4	대사	1	わからない。	
7-05704	26165.5	대사	1	とにかく、 もう一度試してみよう。	
7-05705	26175.0	대사	1	どうもお前は謎を解くのには向いていないようだ。	
7-05706	26175.1	대사	1	よろしい、それでは。	
7-05707	26175.2	대사	1	紳士、淑女よ、質問だ。	
7-05708	26175.3	대사	1	質問は、&男とはなにか？	
7-05709	26175.4	대사	1	なんてことだ、やり直しだ。全部台無しだ。	
7-05710	26175.5	대사	1	答えを、すなわち 問を与えてしまった。	
7-05711	26190.0	대사	1	君たちは不可思議な生き物が 空を飛び、 遠く小さな点に	
7-05712	26190.1	대사	1	なって消え去るまで じっと見つめ続けた。	
7-05713	26190.2	대사	1	そして目の前の壁は 崩れ始めた。	
7-05714	26195.0	대사	1	落し穴の方から 猛烈な悪臭が、 あたりには	
7-05715	26195.1	대사	1	ゾクゾクするような 雰囲気が漂っていた。	
7-05716	26200.0	대사	1	門の枠組みには、 黒い鉄製のヘビのような ドラゴンが、	
7-05717	26200.1	대사	1	格子の間を くぐり抜けるような形で 鋳造されており、	
7-05718	26200.2	대사	1	その頭は門の一番上で、 歯と舌をむき出しにした	
7-05719	26200.3	대사	1	獰猛な表情でこちらのほうを見ていた。	
7-05720	26205.0	대사	1	その幽霊は、神が これほど醜いものを 創造できるのかと	
7-05721	26205.1	대사	1	驚いてしまうほどに醜かった 君たちは、 どれほどの責め苦が、	
7-05722	26205.2	대사	1	これほどの醜悪さを 生み出すのか、 不思議に思った。	
7-05723	26208.0	대사	1	この醜い顔で 生きることだけでも 充分に悲劇だったが、	
7-05724	26208.1	대사	1	死んでから後も 同様に苦しめられる ということは、	
7-05725	26208.2	대사	1	発狂したとしても おかしくないほどの 苦痛であったろう。	
7-05726	26208.3	대사	1	いずれにしても、 君たちは彼女がなにを 話しているのか、	
7-05727	26208.4	대사	1	まったく理解できなかった。	
7-05728	26208.5	대사	1	それは“ラシッ”とか なんとか 言っているように聞こえた。	
7-05729	26208.6	대사	1	だが、いったい “ラシッ” とはなんのだろうか？	
7-05730	26216.0	대사	1	わぁぁたしのぉぉ ラシしは どぉぉこお？	
7-05731	26216.1	대사	1	わぁしぃぃぃのぉ ブラぃぃとくぃぃぃが ほぃぃぃ！	
7-05732	26220.0	대사	1	墓の中には 萎びたゴーンの王族の 遺体が入っていた。	
7-05733	26220.1	대사	1	その姿形、そして一緒に 埋葬されている 品物などから、	
7-05734	26220.2	대사	1	君たちはそれを ゴーンの女王だと判断した。	
7-05735	26220.3	대사	1	だが、その顔を見た途端、 君たちはさっと	
7-05736	26220.4	대사	1	顔を背けた。	
7-05737	26220.5	대사	1	彼女は、ゴーンの中でも ひときわ醜かった。	
7-05738	26220.6	대사	1	そして、 死んだゴーンの中でも 極めつけに醜かった。	
7-05739	26220.7	대사	1	実際、彼女は あまりにあまりに醜くて、 君たちはそれを	
7-05740	26220.8	대사	1	笑い飛ばさないと、 吐き気を 催しそうになるほどだった。	
7-05741	26230.0	대사	1	ゴーンの王の城から 持ってきたブラシと櫛を	
7-05742	26230.1	대사	1	取り出して、君たちは それを萎びた女王の	
7-05743	26230.2	대사	1	ミイラの手に握らせた。	
7-05744	26230.3	대사	1	と、奇怪なことが 起こった。	
7-05745	26230.4	대사	1	ミイラの姿が変わり始め、 彼女の顔も 変貌し始めたのである。	
7-05746	26230.5	대사	1	君たちの目の前で、 彼女は変身した。	
7-05747	26230.6	대사	1	顔は美しくなり、 そしてイボやシミは 消え失せた。	
7-05748	26230.7	대사	1	その顔立ちは、女神のごとく優雅だった。	
7-05749	26230.8	대사	1	彼女は相変わらず 死んだままだった。	
7-05750	26230.9	대사	1	ミイラのままであった。	
7-05751	26230.10	대사	1	だが、それがどんな 呪いであったかは ともかく、それは今や	
7-05752	26230.11	대사	1	打ち破られていた。	
7-05753	26230.12	대사	1	優しい微笑みが 彼女の唇に浮かび、 君たちは静かにつぶやいた。	
7-05754	26230.13	대사	1	安らかに眠れ、 年老いた少女よ…	
7-05755	26245.0	대사	1	突然、君たちは 恐ろしい化物に 体を引き裂かれるような	
7-05756	26246.0	대사	1	苦痛を感じた。	
7-05757	26250.0	대사	2	私はエビルスピーク！ &~!	
7-05758	26250.1	대사	1	君たちは驚いて お互いをみつめあった。 だが、	
7-05759	26250.2	대사	1	誰もがその恐ろしい声に 驚いているようだった。	
7-05760	26250.3	대사	1	いずれにしても、 これは吉兆とは いえなかった。	
7-05761	26260.0	대사	1	どこからともなく現れた まばゆい光球が パーティーを包んだ。	
7-05762	26265.0	대사	1	君たちの周囲から きらめく光が発せられ、 あたりを	
7-05763	26265.1	대사	1	真っ赤な光で包んだ。	
7-05764	26270.0	대사	1	墓の中には、かなり古くて ボロボロに 分解されてしまった、	
7-05765	26270.1	대사	1	正体のわからない死体の骨が入っていた。	
7-05766	26275.0	대사	1	墓の中には、 ゴーンの貴族らしきものの ひからびた遺体が	
7-05767	26275.1	대사	1	入っていた。 そのやつれた口元から、 短い牙が奇妙な	
7-05768	26275.2	대사	1	角度で突き出していた。	
7-05769	26280.1	대사	1	ミイラの包みをほどく	
7-05770	26285.0	대사	1	墓の中には布を被せられた ミイラが入っていた。	
7-05771	26285.1	대사	1	その包まれた体のまわりには暗いオーラが漂い、	
7-05772	26285.2	대사	1	あたりは不吉な感じがした。	
7-05773	26290.0	대사	1	その遺体に感じた 不吉な予感を無視して、 君たちは	
7-05774	26290.1	대사	1	ミイラをほどき始めた。	
7-05775	26290.2	대사	1	ほどこうとすると、 そのミイラは布の上からでも	
7-05776	26290.3	대사	1	乾いていてもろく、 壊れやすいことは すぐにわかった。	
7-05777	26290.4	대사	1	頭のところをほどくと、 それはボロボロに崩れ、	
7-05778	26290.5	대사	1	歯や目や骨など、 様々な部分のかけらが 床に散乱した。	
7-05779	26290.6	대사	1	だが君たちは、 そのミイラの手のあたりに	
7-05780	26290.7	대사	1	なにか堅くて しっかりしたものが あるのをみつけた。	
7-05781	26290.8	대사	1	それは金属だった。	
7-05782	26290.9	대사	1	君たちが 粉々になった手袋から 引っ張り出したのは、	
7-05783	26290.10	대사	1	輝く金のアンクだった。	
7-05784	26310.0	대사	1	全員、眩暈を感じ始めた。	
7-05785	26310.1	대사	1	そして寒気に襲われた。	
7-05786	26310.2	대사	1	毒は、かなり遅効性の もののようだった。	
7-05787	26310.3	대사	1	けれども、 症状はとてもよかった。	
7-05788	26320.0	대사	1	墓の中には、小さな空っぽの黄金の壺が入っていた。	
7-05789	26325.0	대사	1	君たちは 魔法のジョンガの粉を 黄金の壺に振りかけた。	
7-05790	26326.0	대사	1	そして、そこから煙が 立ち上るのを見守った。	
7-05791	26330.0	대사	1	　　　　　死者の　　　　　	
7-05792	26335.0	대사	1	石の柱の表面には、 華麗で神秘的なルーン文字や	
7-05793	26335.1	대사	1	印が彫り込まれていた。	
7-05794	26340.0	대사	3	石板のルーン文字を 調べてみると、そこに文字と	
7-05795	26340.1	대사	4	印が刻まれていた。	
7-05796	26340.2	대사	1	＊寺院＊　人、ピラミッド、 そして三日月	
7-05797	26340.3	대사	4	そしてその下に、 さらに文字と印があった。	
7-05798	26340.4	대사	1	＊スフィンクス＊ 卵、羽のあるキメラ、 そして魔法の杖	
7-05799	26350.2	대사	1	＊ボート＊　悪魔、 波の上の船、 そして十字	
7-05800	26350.4	대사	1	＊神秘＊　骸骨、 輝く宝石、そして像	
7-05801	26360.2	대사	1	＊ヘビ＊　塔、とぐろをまくヘビ、 そしてカンテラ	
7-05802	26360.4	대사	1	＊クリスタル＊　キューブ、水晶の球、そして門	
7-05803	26370.0	대사	1	石板のルーン文字 を調べてみると、 そこに文字と	
7-05804	26370.2	대사	1	＊ドラゴン＊　 ドラゴン、宝箱、 そして鍵	
7-05805	26370.4	대사	1	＊星＊　 石板、三つの像、星型	
7-05806	26380.0	대사	1	君たちは ゲールの碑文を 石板の前に掲げた。	
7-05807	26380.1	대사	1	だが、 どの穴も正しい順序で 並んではいないようだった。	
7-05808	26385.0	대사	1	君たちはゲールの碑文を 石板の前に掲げた。	
7-05809	26385.1	대사	1	そして、 柱から飛び出している岩と、文書に開いている	
7-05810	26385.2	대사	1	穴の位置が あっているかどうかを 確かめた。	
7-05811	26385.3	대사	1	碑文の中央に開いている穴はちょうどドラゴンの目の	
7-05812	26385.4	대사	1	位置にあたっていた。 そして指を入れてみると、 それは	
7-05813	26385.5	대사	1	うまく偽装された ボタンになっていた。	
7-05814	26385.6	대사	1	ボタンを押すと、 隠し戸棚が現れた。 その中には、	
7-05815	26392.0	대사	1	骸骨の形をした 黒い鍵が入っていた。	
7-05816	26400.0	대사	1	ゲールの石	
7-05817	26410.0	대사	1	箱を開けた瞬間、 君たちはまばゆい光に一瞬	
7-05818	26410.1	대사	1	目がくらんでしまった。	
7-05819	26410.2	대사	1	数秒して白光は引いてゆき、君たちは古びた	
7-05820	26410.3	대사	1	箱の中に入っている きらめく宝石に目の焦点を	
7-05821	26410.4	대사	1	合わせられるようになった。	
7-05822	26410.5	대사	1	それをとろうとすると、 宝石は色を失って 輝きも失せた。	
7-05823	26420.0	대사	1	　　　　　過去の　　　　　	
7-05824	26420.2	대사	1	アーチ状の道の アーチの上に、 不吉な感じを漂わせた、	
7-05825	26420.3	대사	1	真っ黒い鉄製の骸骨が 乗っていた。	
7-05826	26425.0	대사	1	ゴローの	
7-05827	26425.1	대사	1	間	
7-05828	26430.0	대사	1	ダルボレスの	
7-05829	26430.1	대사	1	精霊	
7-05830	26435.0	대사	1	ホラゴースの	
7-05831	26435.1	대사	1	悪魔	
7-05832	26440.0	대사	1	九世界の	
7-05833	26440.1	대사	1	悪霊	
7-05834	26445.0	대사	1	地獄からの	
7-05835	26445.1	대사	1	使者	
7-05836	26450.0	대사	1	千の目の	
7-05837	26450.1	대사	1	怪物	
7-05838	26455.0	대사	2	ラセレテップの	
7-05839	26455.1	대사	2	呪い	
7-05840	26460.1	대사	1	卵の印に触れる	
7-05841	26460.2	대사	1	月の印に触れる	
7-05842	26470.1	대사	1	十字の印の水晶に触る	
7-05843	26470.2	대사	1	塔の印に触る	
7-05844	26480.1	대사	1	ドラゴンの印に触る	
7-05845	26480.2	대사	1	骸骨の印に触る	
7-05846	26490.1	대사	1	太陽の印に触る	
7-05847	26490.2	대사	1	星の印に触る	
7-05848	26490.3	대사	1	すべて放っておく	
7-05849	26495.0	대사	1	部屋の中には大きな水晶が 二つ入っていた。	
7-05850	26495.1	대사	1	そのそれぞれの表面には、 印が彫り込まれていた。	
7-05851	26500.0	대사	1	印のついた水晶に触れると、それは輝き始めた。	
7-05852	26505.0	대사	1	目の前の床には、 魔法陣が彫り込まれていた。	
7-05853	26505.1	대사	1	その周りには 八つのルーン文字が 描かれていた。:	
7-05854	26505.2	대사	1	卵、月、十字、塔、 ドラゴン、骸骨、太陽、星	
7-05855	26510.0	대사	1	君たちは、 魔法陣の中に立った。	
7-05856	26515.0	대사	1	　　　　アストラル　　　　	
7-05857	26515.1	대사	1	　　　　ドミナの墓　　　　	
7-05858	26520.0	대사	1	床の上の金の環は、次の文字を取り巻いていた！ ＊寺院＊	
7-05859	26522.0	대사	1	床の上の金の環は、次の文字を取り巻いていた！ ＊ボート＊	
7-05860	26524.0	대사	1	床の上の金の環は、次の文字を取り巻いていた！ ＊ヘビ＊	
7-05861	26526.0	대사	1	床の上の金の環は、次の文字を取り巻いていた！ ＊ドラゴン＊	
7-05862	26528.0	대사	1	床の上の金の環は、次の文字を取り巻いていた！ ＊スフィンクス＊	
7-05863	26530.0	대사	1	床の上の金の環は、次の文字を取り巻いていた！ ＊神秘＊	
7-05864	26532.0	대사	1	床の上の金の環は、次の文字を取り巻いていた！ ＊星＊	
7-05865	26534.0	대사	1	床の上の金の環は、次の文字を取り巻いていた！ ＊クリスタル＊	
7-05866	26536.0	대사	1	床の上の金の環は、次の文字を取り巻いていた！ ＊アストラル・ドミナ＊	
7-05867	26540.0	대사	1	誘惑的な箱を 慎重に開けてみると、 中には蝋紙で	
7-05868	26540.1	대사	1	くるまれた 包みが入っていた。	
7-05869	26540.2	대사	1	包みを開けると、 中には古い文書が 入っていた。	
7-05870	26545.0	대사	1	誘惑的な箱を慎重に 開けてみると、 中には蝋紙の	
7-05871	26545.1	대사	1	包み紙だけが散乱していた。	
7-05872	26545.2	대사	1	すでに誰かがここに 来ていたようだ。	
7-05873	27000.0	대사	1	侵入禁止区域の中に 入って行くと、	
7-05874	27000.1	대사	1	様々な色のランプがともる 奇妙な機械の裏で、	
7-05875	27000.2	대사	1	サーヴァントの兵たちが なにやら作業を行っていた。	
7-05876	27000.3	대사	1	君たちが 入ってくるのを見ると、 兵の一人が素早く	
7-05877	27000.4	대사	1	パネルからなにかを抜き取り同時にランプの光が消えた。	
7-05878	27000.5	대사	1	他の兵たちは整然と、 機械的に君たちに 攻撃をしかけてきた。	
7-05879	27010.0	대사	1	コントローラーたちは、 君たちの目の前で 消え失せた。	
7-05880	27010.1	대사	1	そして驚いたことに、 先ほど機械から 引き抜いたはずの	
7-05881	27010.2	대사	1	なにかも、一緒に 消えてしまったようだった。	
7-05882	27020.0	대사	1	君たちは奇妙な機械の 前に立って、 それがどのような	
7-05883	27020.1	대사	1	役割を持ち、どう使うのかを 理解しようとした。	
7-05884	27020.2	대사	1	その箱のような部分の横には先ほどサーヴァントの	
7-05885	27020.3	대사	1	コントローラーがなにかを 抜き取った、	
7-05886	27030.0	대사	1	君たちはコムリンクを そのスロットに差し込んだ。	
7-05887	27035.0	대사	1	起動操作開始	
7-05888	27035.1	대사	1	ターミナル接続完了	
7-05889	27035.2	대사	1	リモートアクセス使用可	
7-05890	27040.2	대사	1	サーバー：	
7-05891	27045.0	대사	1	サーバー認識不能	
7-05892	27050.0	대사	1	サーバー： ０２３＠４１Ａ２　認識	
7-05893	27052.0	대사	1	サーバー： ０１８＠６７Ｃ１　認識	
7-05894	27055.0	대사	1	{06}ブラックシップコマンド/	
7-05895	27055.2	대사	2	ホスト：	
7-05896	27060.0	대사	1	ホスト使用不可	
7-05897	27065.0	대사	1	ホスト：ブラック・シップ・コマンドロード終了	
7-05898	27067.0	대사	1	ホスト：セントラル・ セキュリティーロード終了	
7-05899	27067.1	대사	2	ロケーション： リモート・オペレーション ステーション＃２	
7-05900	27070.0	대사	1	{0C}ステータス/{0D}データ/{09}ファイル/{0B}終了/	
7-05901	27070.1	대사	2	コマンドエラー	
7-05902	27070.2	대사	1	ホスト： ブラック・シップ・コマンドオプション	
7-05903	27075.0	대사	1	ホスト接続終了	
7-05904	27080.0	대사	1	＊ステータス＊	
7-05905	27080.1	대사	1	ステータス：軌道上	
7-05906	27080.2	대사	1	惑星：ガーディア	
7-05907	27080.3	대사	1	生命維持：グリーン	
7-05908	27080.4	대사	1	星間ドライブ：グリーン	
7-05909	27080.5	대사	1	メインＣＰＵ：グリーン	
7-05910	27080.6	대사	1	補助ＣＰＵ：グリーン	
7-05911	27080.7	대사	1	シールド： （９８／１００％）	
7-05912	27080.8	대사	1	フェーザー砲：ロック解除	
7-05913	27080.9	대사	1	ミサイル砲台：砲撃待機	
7-05914	27080.10	대사	1	全システム機能中	
7-05915	27095.0	대사	1	命令日誌：閲覧制限	
7-05916	27095.1	대사	1	＊閲覧拒否＊	
7-05917	27120.0	대사	1	無断接続発見	
7-05918	27200.0	대사	1	＊ファイル＊	
7-05919	27205.0	대사	1	{0C}船/{0D}個人/{0B}終了/	
7-05920	27205.1	대사	1	その機能は使えません	
7-05921	27205.2	대사	1	ファイル：	
7-05922	27210.0	대사	1	ファイル終了	
7-05923	27215.0	대사	1	シップファイル　 アクセス中	
7-05924	27220.0	대사	1	{0E}ナルギスト/{0F}ホラサ/{10}デダリエス/	
7-05925	27220.2	대사	1	船名：	
7-05926	27225.0	대사	1	記録なし	
7-05927	27230.0	대사	1	船名：ナルギスト	
7-05928	27230.1	대사	3	種族：ティーラング	
7-05929	27230.2	대사	1	種別：大型輸送船	
7-05930	27230.3	대사	1	ステータス：輸送中	
7-05931	27230.5	대사	1	武装：魚雷２、フェザー６	
7-05932	27230.6	대사	1	装甲：６	
7-05933	27240.0	대사	1	船名：ホラサ	
7-05934	27240.1	대사	1	種族：アンパニ	
7-05935	27240.2	대사	1	種別：戦闘巡洋艦	
7-05936	27243.0	대사	1	ステータス：セクター内	
7-05937	27243.2	대사	1	武装：魚雷１２、 重／軽砲門１６／３６、 フェザー２８	
7-05938	27243.3	대사	1	装甲：３８	
7-05939	27250.0	대사	1	極秘	
7-05940	27250.1	대사	1	＊アクセス拒否＊	
7-05941	27300.0	대사	1	個人ファイル　 アクセス中	
7-05942	27305.0	대사	1	{13}ドミナ/{0E}エイチジェン・ラ/{0F}シュリチ/{10}ヤモ/{11}レワークス/{12}フォーンザング/	
7-05943	27305.2	대사	1	名前：	
7-05944	27310.0	대사	1	名前：エイチジェン・ラ	
7-05945	27310.2	대사	1	部族：ハギーハ	
7-05946	27310.3	대사	1	年齢：１３０＋	
7-05947	27310.4	대사	2	性格：なし	
7-05948	27310.5	대사	1	概要：天才的、きわめて	
7-05949	27310.6	대사	1	特徴：ティーラング議会の印	
7-05950	27310.7	대사	1	最終確認地：不明	
7-05951	27310.8	대사	1	備考： ティーラング議会により 殺害の可能性あり、	
7-05952	27310.9	대사	1	ハギーハ族の長、 無節操、有能	
7-05953	27330.0	대사	1	名前：シュリチ	
7-05954	27330.2	대사	1	部族：ワスコス	
7-05955	27330.3	대사	1	年齢：６８＋	
7-05956	27330.5	대사	1	概要：暗殺者、 極めて高い知能	
7-05957	27330.6	대사	1	特徴：大柄（３メートル弱）, 前頭部に傷	
7-05958	27330.7	대사	3	最終確認地：惑星ガーディア	
7-05959	27330.8	대사	1	備考：極めて危険、 ティーラング議会の右腕、	
7-05960	27330.9	대사	1	ティーラング暗殺者 ギルドの長の噂あり	
7-05961	27350.0	대사	1	名前：ヤモ、 オレクサンダー	
7-05962	27350.1	대사	1	種族：アンパニー男	
7-05963	27350.2	대사	1	部族：ヤモ	
7-05964	27350.3	대사	1	年齢：７２＋	
7-05965	27350.4	대사	1	性格：信頼できる	
7-05966	27350.5	대사	1	概要：知的、 信用しすぎの傾向あり	
7-05967	27350.6	대사	1	特徴：ハイコデト勲章、 腹部に傷３箇所	
7-05968	27350.8	대사	1	備考： アンパニ軍の三つ角将軍、 老齢のため軟弱化の噂あり、	
7-05969	27350.9	대사	1	引退の可能性あり	
7-05970	27370.0	대사	1	名前：レワークス、ロダン	
7-05971	27370.1	대사	1	種族：アンパニー男 	
7-05972	27370.2	대사	1	部族：レワークス	
7-05973	27370.3	대사	1	年齢：３５＋	
7-05974	27370.4	대사	1	性格：大胆、横柄、わがまま	
7-05975	27370.5	대사	1	概要：ハンター、 平均以上の知性、 成功者	
7-05976	27376.0	대사	1	特徴：太陽の金のメダル （アンパニの勝利の印）	
7-05977	27376.2	대사	1	備考： ヘクター・レワークスの子、 メダルは	
7-05978	27376.3	대사	1	チフィド・クルセードで授与	
7-05979	27376.4	대사	1	ヘクターは シュリチ・ティーラングに 殺害されたという噂あり、	
7-05980	27376.5	대사	1	ロダンは シュリチの首に高額の 賞金をかけている、	
7-05981	27376.6	대사	1	無謀で向こう見ず、 それゆえに危険	
7-05982	27390.0	대사	1	名前：フォーンザング、？？	
7-05983	27390.1	대사	1	種族：ヒューマノイドー男？	
7-05984	27390.2	대사	2	部族：不明	
7-05985	27390.3	대사	1	年齢：？	
7-05986	27390.4	대사	1	性格：死亡	
7-05987	27390.5	대사	1	概要：死亡	
7-05988	27390.6	대사	1	特徴：死亡	
7-05989	27390.7	대사	1	最終確認地： 不明（惑星ガーディア？）	
7-05990	27390.8	대사	1	備考：伝説のアストラル・ ドミナの創造者、	
7-05991	27390.9	대사	1	ドミナは惑星ガーディアに あるという噂あり	
7-05992	27410.0	대사	1	名前：ドミナ、ヴィ	
7-05993	27410.1	대사	1	種族：ヒューマノイドー女	
7-05994	27410.3	대사	1	年齢：２４	
7-05995	27410.4	대사	1	性格：決断力あり、 怒らせないこと	
7-05996	27410.5	대사	1	概要：エキスパート、 極めて危険	
7-05997	27410.6	대사	1	特徴：右目に眼帯、 パワーグローブ	
7-05998	27410.7	대사	1	備考：項目はＰｚと 接続可能…至急… &~4]	
7-05999	27410.8	대사	1	知りたいことがあったら、 直接聞いたら？	
7-06000	27420.0	대사	1	{08}セントラル・セキュリティー/	
7-06001	27430.0	대사	1	{0C}ステータス/{0D}コントロール/{0B}終了/	
7-06002	27430.2	대사	1	ホスト： セントラル・セキュリティーオプション	
7-06003	27435.0	대사	2	＊セキュリティー・ ステータス＊	
7-06004	27435.2	대사	2	主エントリー：安全	
7-06005	27435.3	대사	2	ターミナルＣＰＵ： アクティブ	
7-06006	27435.4	대사	1	セキュリティー・セル：安全	
7-06007	27442.1	대사	1	ロケーション： リモート・ オペレーション ステーション＃２	
7-06008	27445.1	대사	1	セキュリティー・セル：停止	
7-06009	27450.0	대사	1	＊セキュリティー・ コントロール＊	
7-06010	27455.0	대사	1	{0F}主エントリー/{10}ターミナルＣＰＵ/{11}セキュリティー・セル/	
7-06011	27455.2	대사	1	セキュリティー機器：	
7-06012	27460.0	대사	1	そのような機器は ありません	
7-06013	27470.0	대사	1	安全	
7-06014	27475.0	대사	1	停止	
7-06015	27480.0	대사	1	突然の声に 驚いて振り向くと、 黒い髪を短く刈り込み、	
7-06016	27480.1	대사	1	片方の目に黒い眼帯をつけ、片腕には青い電光が光り、	
7-06017	27480.2	대사	1	もう一方の手には 白い剣を握った、 若い女性の姿が	
7-06018	27480.3	대사	1	目に入った。	
7-06019	27485.0	대사	1	ハックするにしては 派手じゃない？	
7-06020	27485.1	대사	1	あんたらがファイルに アクセスし始めたときから 見てたよ。	
7-06021	27485.2	대사	1	あんたら、ここにいちゃ いけないはずよ。	
7-06022	27485.3	대사	1	もっとも、	
7-06023	27485.4	대사	1	あたしもそうだけどね、 ウフフフッ！	
7-06024	27485.5	대사	1	あたしはね、黒い船、 ダーク・サーヴァントの 船からきたの！	
7-06025	27485.6	대사	1	あいつ、 完璧にイカれちまったわ。 自分のこと	
7-06026	27485.7	대사	1	宇宙の皇帝とかなんとか 言い始めちゃってさ。	
7-06027	27485.8	대사	1	運命とか予言とか、話すのはそんなことばっか。	
7-06028	27485.9	대사	1	それと、あいつを 神様だかなんだかに してくれる	
7-06029	27485.10	대사	1	球のことね。	
7-06030	27485.11	대사	1	アーストーラルードミーナー	
7-06031	27485.12	대사	1	それ、みっけるには あたしがいるんだって。	
7-06032	27485.13	대사	1	あいつ、あたしがなにか 知ってると思ってるの。	
7-06033	27485.14	대사	1	最初はさ、ホントの 冒険だって思ったわ。	
7-06034	27485.15	대사	1	宇宙を突っ走るんだもんね。	
7-06035	27485.16	대사	1	でもさ、あいつどんどん 変になってくんだよ。	
7-06036	27485.17	대사	1	もぉ、うざったく なっちゃってさ。	
7-06037	27485.18	대사	1	あんたら、ここから あたしを連れ出す自信ある？	
7-06038	27510.0	대사	1	だが、君たちが答えようとするよりも早く、	
7-06039	27510.1	대사	1	まさにその恐るべき人物が 部屋に実体化してきた。	
7-06040	27520.0	대사	1	すぐ船に戻れ！	
7-06041	27520.1	대사	1	即座に、若いツッパリ娘は 行動に移った。	
7-06042	27520.2	대사	1	彼女は巨大な人物めがけて 青白い金属のグローブから	
7-06043	27520.3	대사	1	エネルギーの激流を放った。	
7-06044	27520.4	대사	1	花火を思わせるような 爆発の後、 ダーク・サーヴァントも	
7-06045	27525.0	대사	1	同じような電撃を その腕から放った。 そして、焼け付くような	
7-06046	27525.1	대사	1	雷光が、彼女の震える体を うちのめした。	
7-06047	27525.2	대사	1	彼女が床に倒れると同時に、君たちは彼のヘルメットから	
7-06048	27525.3	대사	1	火花がはじけ、 煙が立ち上るのに気づいた。彼は、自分の	
7-06049	27525.4	대사	1	咽のあたりを かきむしっていた。	
7-06050	27525.5	대사	1	人間を遥かに越えた力を 発揮して、 彼は彼女の体を	
7-06051	27525.6	대사	1	片手で持ち上げると 後ろの部屋に投げ込んだ。 その部屋のドアは、	
7-06052	27525.7	대사	1	彼が青い光と共に消えると 同時にピタりと 閉じてしまった。	
7-06053	27540.0	대사	1	忘れられた機械は、 後ろでビービー言っていた。	
7-06054	27540.1	대사	1	＊タイムアウト＊ ユーザーの反応なし	
7-06055	27540.2	대사	1	自動終了動作開始	
7-06056	27545.0	대사	1	セキュリティー・セルの 通路の照明が	
7-06057	27545.1	대사	1	消えた。	
7-06058	27550.0	대사	1	娘が軽々しく投げ込まれた 部屋のドアの上についている	
7-06059	27550.1	대사	1	赤い照明は、ついたり 消えたりしている。	
7-06060	27555.0	대사	1	窓から覗いてみると、 片目の娘の体は	
7-06061	27555.1	대사	1	部屋のすみに転がっていた。	
7-06062	27555.2	대사	1	そこからでは、 彼女が生きているか どうかはわからなかった。	
7-06063	27555.3	대사	1	たとえ生きていても、 長く持つかどうかは わからなかった。	
7-06064	27600.0	대사	1	セキュリティー・システムは止まっているようで、 君たちは	
7-06065	27600.1	대사	1	気絶した娘のいる部屋に 入っていった。	
7-06066	27600.2	대사	1	しばらくして、 彼女はうめきながら 目を覚ました。	
7-06067	27610.0	대사	1	ウゥゥゥゥッ！	
7-06068	27610.1	대사	1	あったま　いてぇ！	
7-06069	27610.2	대사	1	どうなったの？	
7-06070	27610.3	대사	1	あ、まって、覚えてる。	
7-06071	27610.4	대사	1	あいつ、戻ってくるよ。	
7-06072	27610.5	대사	1	あいつ、あたしがいなきゃ、大事な球をとれないんだ。	
7-06073	27610.6	대사	1	船がいるよ！	
7-06074	27610.7	대사	1	それに、もうあんたらと 一緒のところ見られたから、あいつ	
7-06075	27610.8	대사	1	あんたらのことも捜すよ。	
7-06076	27610.9	대사	1	あいつより先に アストラルなんとかを みっけないとヤバい。	
7-06077	27610.10	대사	1	みっけて、あいつと 取り引きだ。	
7-06078	27610.11	대사	1	まだ、完璧にイカれちまったわけじゃないだろうからね。	
7-06079	27610.12	대사	1	あいつ、たしか、それが どっかの小さな島の	
7-06080	27623.0	대사	1	お墓かなにかの下に あるって言ってたよ。	
7-06081	27623.1	대사	1	これ持ってって。	
7-06082	27630.0	대사	1	これ持ってれば、 あたしはあんたらが どこにいるのかわかる。	
7-06083	27630.1	대사	1	もしあんたらが、 宇宙のナントカをみっけたら	
7-06084	27630.2	대사	1	こっからおさらばできるよ。	
7-06085	27630.3	대사	1	あたしは船に戻って あいつのごきげんとるから。	
7-06086	27630.4	대사	1	あいつには、あたしは 泥棒とっつかまえようと してたのに、	
7-06087	27630.5	대사	1	あんたが誤解したんだって 言ってみる。	
7-06088	27630.6	대사	1	その間に、 はやくみっけてよ。	
7-06089	27630.7	대사	1	もしアストラルなんとか みっけたら。	
7-06090	27630.8	대사	1	この箱のボタン押して。	
7-06091	27630.9	대사	1	あんたらの場所がわかるからあたしもすぐいく。	
7-06092	27630.10	대사	1	あとは、なんとか 別の船を手に入れて、	
7-06093	27630.11	대사	1	どっか逃げよう。	
7-06094	27630.12	대사	1	だけど、 クモ頭は信じちゃダメ。	
7-06095	27630.13	대사	1	絶対裏切るから！	
7-06096	27630.14	대사	1	あ、まだ名前を 言ってなかったわね。 あたしはヴィッタリア。	
7-06097	27630.15	대사	1	みんな、 ヴィって呼ぶけどね。	
7-06098	27630.16	대사	1	ヴィ・ドミナってね。	
7-06099	27655.0	대사	1	君達は、娘が手首のあたりに触り、虚無の中へ	
7-06100	27655.1	대사	1	消え去っていくのを 麻痺したように 見つめ続けた。	
7-06101	27655.2	대사	1	君たちは、今の娘が 話していたことを すべて理解するまでに、	
7-06102	27655.3	대사	1	多少の時間を要した。	
7-06103	27655.4	대사	1	だが、彼女の 言っていたことは 明白だった。	
7-06104	27655.5	대사	1	ダーク・サーヴァントは 危険だ。	
7-06105	27655.6	대사	1	時間は残り少ない。	
7-06106	27655.7	대사	1	彼女は小さな島、 そして墓のようなところと 言っていた。	
7-06107	27655.8	대사	1	その底には、 たぶん伝説の球が あるのだろう。	
7-06108	27655.9	대사	1	だがそれよりもさきに、 まずあの化物が 戻ってくる前に、	
7-06109	27655.10	대사	1	ここから抜け出さなければ ならない。	
7-06110	27670.0	대사	1	伝説の墓への門は 開いていたが、 君たちは入るのを躊躇した。	
7-06111	27675.0	대사	1	部屋の中を見回してみると、がっかりしたことに	
7-06112	27675.1	대사	1	そこはまったくの 空っぽだった。	
7-06113	27675.2	대사	1	誰かがすでに 来てしまった後 なのかもしれない。	
7-06114	27680.0	대사	1	床を慎重に探っているうちに君たちは髪の毛ほどの	
7-06115	27680.1	대사	1	裂け目が、 ちょうど隠しドアの形に なっているのをみつけた。	
7-06116	27680.2	대사	1	だが、それをどうやって 開けるのかは わからなかった。	
7-06117	27685.0	대사	1	部屋のまん中に立って、 君たちはツッパリ娘が	
7-06118	27685.1	대사	1	渡してくれた 機械のボタンを押してみた。%]	
7-06119	27685.2	대사	1	そして待った。	
7-06120	27690.0	대사	1	色とりどりのきらめきが 部屋を満たし、	
7-06121	27690.1	대사	1	光り輝く人影が 実体化し始めた。	
7-06122	27695.2	대사	1	特別の鍵はみつけてある？	
7-06123	27700.0	대사	1	~4持ってるんだ！ &%]	
7-06124	27700.1	대사	1	ワォ！	
7-06125	27700.2	대사	1	持ってないと思ってた。	
7-06126	27700.3	대사	1	アストラルなんとかはどこ？	
7-06127	27700.4	대사	1	どうすればいいの？	
7-06128	27700.5	대사	1	ダーク・サーヴァントは 特別の鍵がどうとかって 言ってたけど…	
7-06129	27710.2	대사	1	あんた、それが なんだかわかる？	
7-06130	27715.0	대사	1	ムムムム…	
7-06131	27715.1	대사	1	あたし、疑われる前に 船に戻った方がよさそうね。	
7-06132	27715.2	대사	1	鍵をみっけたら知らせて。	
7-06133	27720.0	대사	1	がっくりきて 土をけっとばしながら、 君たちは	
7-06134	27720.1	대사	1	なにが足りなかったのかを 考えた。	
7-06135	27730.2	대사	1	使ってみた？	
7-06136	27735.0	대사	1	{04}いいえ/{07}はい/	
7-06137	27735.2	대사	1	まだ持ってる？	
7-06138	27740.0	대사	1	もしかすると、 鍵って一つじゃないんだわ！	
7-06139	27745.0	대사	1	{04}いいえ/{08}はい/	
7-06140	27745.2	대사	1	あたしが試していい？	
7-06141	27750.0	대사	1	君たちは不思議な 青い首飾りと、 フォーンザングの船から	
7-06142	27750.1	대사	1	持ってきた奇妙な指輪を ヴィ・ドミナに渡した。	
7-06143	27750.2	대사	1	サファイアの首飾りを 調べた娘は、 それを自分の手の平に	
7-06144	27750.3	대사	1	おさめた。	
7-06145	27750.4	대사	1	と、それは光り始めた！	
7-06146	27760.0	대사	1	床のまん中から、 壮大な台座の上に乗った 黒い球体が	
7-06147	27760.1	대사	1	せり上がってきた。	
7-06148	27760.2	대사	1	ヘィ！	
7-06149	27760.3	대사	1	やったじゃん！！	
7-06150	27760.4	대사	1	でも、これ、 全然迫力ないね。	
7-06151	27760.5	대사	1	スーパースゴイんなら、 もっとガンガンに 光ったりしないの？	
7-06152	27760.6	대사	1	彼女が球の方を のぞき込んでいると、 その後ろの方で	
7-06153	27760.7	대사	1	部屋がきらめいた。	
7-06154	27780.0	대사	1	私をたばかれるとでも 思ったのか？	
7-06155	27780.1	대사	1	お前が最後に逃げて以来、 お前には追尾装置が	
7-06156	27780.2	대사	1	しこまれているのだよ、 いとしいヴィッタリア！	
7-06157	27780.3	대사	1	そして、その他にもな！	
7-06158	27780.4	대사	1	反応する間も与えず、 ダーク・サーヴァントは 自分の腕の	
7-06159	27785.0	대사	1	ボタンを押した。 と、同時に、 ヴィ・ドミナは白目をむき、	
7-06160	27785.1	대사	1	麻痺の苦痛に体を ブルブル震わせながら、 その場に	
7-06161	27785.2	대사	1	凍りついてしまった。	
7-06162	27800.0	대사	1	さぁ、我が友よ、 今度は諸君の番だ。 なにしろ、	
7-06163	27800.1	대사	1	諸君は私を 伝説のアストラル・ドミナの墓にまで導いて	
7-06164	27800.2	대사	1	くれたのだ、素早く、 慈悲深くすませよう。	
7-06165	27800.3	대사	1	だが、まず、球だ！	
7-06166	27805.0	대사	1	サーヴァントは 黒い球体の上に身をなげだしそれを掴み取ろうとした。	
7-06167	27805.1	대사	1	だが、それはピクリとも しなかった。	
7-06168	27805.2	대사	1	どうしたと いうのだ！	
7-06169	27805.3	대사	1	なにをした？！	
7-06170	27805.4	대사	1	動かないではないか！！ どうして？　なぜだ？ 貴様等がやったのだな？	
7-06171	27805.5	대사	1	アアァァァァッ！	
7-06172	27805.6	대사	1	地獄の苦痛を味わいながら、死ぬがいい！	
7-06173	27820.0	대사	1	世紀の戦いは終わり、 君たちは彼の体が 消え去るのを見守った。	
7-06174	27820.1	대사	1	君たちは、彼が持っていた 多くの秘密が、 その遺体と共に	
7-06175	27820.2	대사	1	消滅してしまうことを 残念に思った。	
7-06176	27820.3	대사	1	彼の、アストラル・ドミナに関する知識も、 消えてしまった。	
7-06177	27820.4	대사	1	しかし、 後悔しても遅かった。 君たちは	
7-06178	27820.5	대사	1	束縛の苦痛から やっとのことで解放された	
7-06179	27820.6	대사	1	ヴィの方を振り向いた。	
7-06180	27830.0	대사	1	ウゥゥゥゥグ！	
7-06181	27830.1	대사	1	もぉーこんなのイヤ！	
7-06182	27830.2	대사	1	殺しちゃったのね。	
7-06183	27830.3	대사	1	かわいそう。	
7-06184	27830.4	대사	1	あいつも、もしあんなに アストラルなんとかに 取りつかれなきゃ、	
7-06185	27830.5	대사	1	こんなひどいことには ならなかっただろうに。	
7-06186	27830.6	대사	1	バイバイ、不思議な ダーク・サーヴァント！！	
7-06187	27830.7	대사	1	さ、この球、どうする？	
7-06188	27830.8	대사	1	たぶん、指輪を使うんだよ。	
7-06189	27830.9	대사	1	娘は黒い球に近付いて、 指輪を	
7-06190	27830.10	대사	1	指にはめた。	
7-06191	27850.0	대사	1	見よ、 アストラル・ドミナを！	
7-06192	27850.1	대사	1	美しい、でも、 だからなんなの？	
7-06193	27850.2	대사	1	あたしには飾り物にしか 見えない。	
7-06194	27850.3	대사	1	誰もが先を競って 輝く宝玉を見ようとした。	
7-06195	27850.4	대사	1	天空の球体の内側では、 色彩が渦巻き、 まばゆい光が	
7-06196	27855.0	대사	1	輝き、踊りまわっていた。	
7-06197	27855.1	대사	1	そのすべてが無意味なように思えた。	
7-06198	27855.2	대사	1	と、突然、ヴィが、 まるでなにか奇妙なものが	
7-06199	27855.3	대사	1	彼女の内を 通り抜けたかのように 静かになった。	
7-06200	27855.4	대사	1	深いトランス状態にあるのか彼女は奇怪な行動を取った。	
7-06201	27855.5	대사	1	アストラル・ドミナの 前にかがみこむと、 彼女は目の	
7-06202	27855.6	대사	1	眼帯を外した。	
7-06203	27855.7	대사	1	君たちは彼女の瞳がない 虹色の目を見つめた。	
7-06204	27855.8	대사	1	彼女の眼窩には脈動する 球体が入っており、	
7-06205	27855.9	대사	1	それは彼女の美しい顔を おぞましく変えていた。	
7-06206	27855.10	대사	2	オゥ！	
7-06207	27855.11	대사	1	彼女は 気が違ったかのように、 水晶の球を	
7-06208	27855.12	대사	1	見つめ続けた。	
7-06209	27855.13	대사	1	信じられない。	
7-06210	27855.14	대사	1	設計図よ。	
7-06211	27855.15	대사	1	ちがう、ちがうわ。これ、	
7-06212	27855.16	대사	1	数式、暗号…	
7-06213	27855.17	대사	1	生命を作るのよ！	
7-06214	27855.18	대사	1	まって…	
7-06215	27855.19	대사	1	これ、地図にもなってる。	
7-06216	27855.20	대사	1	エネルギー、	
7-06217	27855.21	대사	1	そして物質、	
7-06218	27855.22	대사	1	あ、エネルギーと 物質の関係よ！	
7-06219	27855.23	대사	1	でも、でも、	
7-06220	27855.24	대사	1	これが生命の意味、	
7-06221	27855.25	대사	1	関連、流れ、 エネルギーと物質、	
7-06222	27855.26	대사	1	これが 生命の秘密だわ！	
7-06223	27855.27	대사	1	神様！！！	
7-06224	27855.28	대사	1	この球の力があれば、 無尽蔵のエネルギーを持つ	
7-06225	27855.29	대사	1	生き物も作れるのね！	
7-06226	27855.30	대사	1	星の力を持つ生物！	
7-06227	27855.31	대사	1	超人！！	
7-06228	27855.32	대사	1	神！！！	
7-06229	27855.33	대사	1	ダーク・サーヴァントが 欲しがったのも当然よ。	
7-06230	27855.34	대사	1	ウッ！	
7-06231	27855.35	대사	1	なにこれ、	
7-06232	27855.36	대사	1	星系の図？	
7-06233	27855.37	대사	1	ヘィ！ここ、わかるわ！	
7-06234	27855.38	대사	1	でも、そんなはずは…	
7-06235	27855.40	대사	1	アタマいいじゃん！	
7-06236	27855.41	대사	1	これ、 全部が始まったところだ！	
7-06237	27855.42	대사	1	さぁ、行くわよ！	
7-06238	27855.43	대사	1	彼女はそう言うと トランスから戻り、 指輪を外してそれを	
7-06239	27855.44	대사	1	球体の土台の ちいさなくぼみに 差し込んだ。	
7-06240	27910.0	대사	1	アストラル・ドミナは 土台から飛び上がり、 彼女はその	
7-06241	27910.1	대사	1	黒ずんだ水晶玉を 君に手渡した。	
7-06242	27920.0	대사	1	ここから出るまで 預かっといて。	
7-06243	27920.1	대사	1	サァァア、出るぞぉ！	
7-06244	27920.2	대사	1	君たちは、彼女が 興奮状態の間に なにを伝えようと	
7-06245	27923.0	대사	1	していたのかを、 完璧に理解していたわけでは	
7-06246	27923.1	대사	2	なかった。	
7-06247	27923.2	대사	1	だが、超人や化物、 果ては超神様を作る 力を持てば	
7-06248	27923.3	대사	1	人間が一体どうなって しまうかは、充分に	
7-06249	27923.4	대사	1	わかるような気がした。	
7-06250	27923.5	대사	1	君たちのうちの誰が、 天国の力が 自分たちの手の中に	
7-06251	27923.6	대사	1	おさまるなどと 想像しただろうか？	
7-06252	27923.7	대사	1	だが、冒涜的で罪深く、 この宇宙のなにものにも	
7-06253	27923.8	대사	1	かえがたい 重要な事項に関して 考える間を与えず、	
7-06254	27923.9	대사	1	君たちの運命とは 切っても切れない 縁がありそうな	
7-06255	27923.10	대사	1	ツッパリ娘は話し続けた。	
7-06256	27923.11	대사	1	船がいるわ！	
7-06257	27955.2	대사	1	宇宙船みっけた？	
7-06258	27960.0	대사	1	アイデアがあるの。	
7-06259	27960.1	대사	2	ダーク・サーヴァントを やっつけちゃったから、 たぶんあたしは	
7-06260	27960.2	대사	1	デダエリスに忍び込んで シャトルを 取ってこれると思う。	
7-06261	27960.3	대사	1	ちょっと ヤバいかもしれないけど、 まだ黒い船から	
7-06262	27960.4	대사	1	取ってこなきゃ いけないものもあるし。	
7-06263	27960.5	대사	2	あんたらも一緒に 来てもらいたいんだけど、 あたしのグローブの	
7-06264	27960.6	대사	2	転送機じゃ パワーが足りない。	
7-06265	27960.7	대사	1	それに、サーヴァントの アンドロイドは あたしを見なれてるけど、	
7-06266	27960.8	대사	2	あんたらは 船に入った途端に やられちゃうわ。	
7-06267	27960.9	대사	1	最初にあった オペレーション・ ステーションで待ってて。	
7-06268	27960.10	대사	1	あんたらから信号が来たら、シャトルかっぱらって	
7-06269	27960.11	대사	1	戻ってくるから。	
7-06270	27960.12	대사	1	幸運を祈ってて！	
7-06271	27960.13	대사	1	それと、その球 なくさないでよ！！	
7-06272	27980.0	대사	1	相変わらず彼女の使う魔法に当惑しながら、	
7-06273	27980.1	대사	1	君たちは彼女が 光の中に消えさるのを 見守った。	
7-06274	27980.2	대사	1	彼女は一人で サーヴァント・キ・サ・カの軍勢と立ち向かうのである。	
7-06275	27980.3	대사	1	そして君たち自身も、 アストラル・ドミナの墓から	
7-06276	27980.4	대사	1	脱出する方策を考えなければならなくなった。	
7-06277	27980.5	대사	1	残念なことに、 君たちには“テンソーキー”はなかった。	
7-06278	27990.0	대사	1	ザマ・タマ！	
7-06279	27990.1	대사	1	でも、 こっからおさらばする前に、どうしても黒い船から	
7-06280	27990.2	대사	1	とってこなきゃ いけないもんがあるの。	
7-06281	27990.4	대사	1	戻っても疑われないと思う。	
7-06282	27990.7	대사	1	それに、サーヴァントの アンドロイドはあたしを 見なれてるけど、	
7-06283	27990.9	대사	1	できるだけ急いで その船のとこに行って。	
7-06284	27990.10	대사	1	ついたら信号だして、 あたし降りてくから。	
7-06285	27990.11	대사	1	すぐ出られる 準備しといてね。	
7-06286	27990.12	대사	1	がんばって！	
7-06287	27990.13	대사	1	それと、 その球なくさないでよ！！	
7-06288	28100.0	대사	1	ついに君たちは、 フォーンザングによって 遥か昔に用意された	
7-06289	28100.1	대사	1	錆びついた宇宙船に たどり着いた。 そして君たちの友ヴィ・	
7-06290	28100.2	대사	1	ドミナに信号を発して、 この世界から 逃げ出す準備を整えた。	
7-06291	28100.3	대사	2	君たちはそこで一瞬、 ここで起きた数々の冒険、 起こった出来事	
7-06292	28100.4	대사	2	すべての意味を 思い起こした。	
7-06293	28100.5	대사	1	フォーンザングの球、 アストラル・ドミナの 内におさめられた	
7-06294	28100.6	대사	1	秘密を使って、 これから どうすればよいのか。	
7-06295	28100.7	대사	2	ヴィ・ドミナが これほど急いで 向かおうとしている世界は、	
7-06296	28100.8	대사	2	一体どんなところなのか。	
7-06297	28100.9	대사	1	そして、 彼女の人生を祝福している 幸運は、君たちにも	
7-06298	28100.10	대사	2	同様に微笑んでくれるのか。	
7-06299	28100.11	대사	2	それとも、彼女と共に、 君たちは破滅に向かって	
7-06300	28100.12	대사	2	突き進んでいるのか。	
7-06301	28100.13	대사	2	宇宙船とその上の空を眺め、これから向かうのは	
7-06302	28100.14	대사	2	どんな世界なのかと 思っている 君たちの心のうちで、	
7-06303	28100.15	대사	2	様々な疑問が渦巻いていた。	
7-06304	28100.16	대사	1	君たちは一つ溜息をついて、すべてはこの先の	
7-06305	28100.17	대사	2	運命が決めること、 実際にその時がくれば、	
7-06306	28100.18	대사	2	いやでも答えは得られる、 と思って諦めた。	
7-06307	28100.19	대사	2	そして、君たちは パートナーを 呼ぶことにした。	
7-06308	28130.0	대사	1	君たちはヴィ・ドミナから 渡された機械のボタンを 押した。	
7-06309	28130.1	대사	1	数秒後、 おなじみになった光が あたりに瞬いた。	
7-06310	28130.2	대사	1	そして、これが起きるときにはいつも聞こえる	
7-06311	28130.3	대사	1	おかしな音が 聞こえてきた。	
7-06312	28130.4	대사	1	だが、 なにかがおかしかった。	
7-06313	28140.0	대사	1	諸君、あれをもっているね！	
7-06314	28140.1	대사	1	その声を聞いた途端、 君たちは背筋が	
7-06315	28140.2	대사	1	凍るような 恐怖に貫かれた。	
7-06316	28145.0	대사	1	ダーク・サーヴァントは 死んではいなかったのだ！	
7-06317	28150.0	대사	1	血に塗れ、叩きのめされた ヴィ・ドミナは、 おそろしい	
7-06318	28150.1	대사	1	サーヴァントに 鷲掴みにされていた。	
7-06319	28150.2	대사	1	彼女の肌や顔はズタズタで、膝には大きな傷があり、	
7-06320	28150.3	대사	1	ダーク・サーヴァントの、 電気がほとばしる グローブの手が、	
7-06321	28150.4	대사	1	その細い首を 引き千切らんばかりに、 握り締めていた。	
7-06322	28160.0	대사	1	諸君はずっと私の コマだったのだよ。	
7-06323	28160.1	대사	1	私は、この娘が アストラル・ドミナの 秘密を	
7-06324	28160.2	대사	1	教えるはずがないと 思っていたのだ。	
7-06325	28160.3	대사	1	諸君は私の思い通りに 動いてくれた。	
7-06326	28160.4	대사	1	私ほどの者を そう簡単に葬れると、 本気で信じていたのか？	
7-06327	28160.5	대사	1	この新たな宇宙の皇帝、 宇宙の主を？	
7-06328	28160.6	대사	1	私はサーヴァント、 新たなる変革の先ぶれ！	
7-06329	28160.7	대사	1	長きこと、人類の運命は 神秘のベールに包まれた	
7-06330	28160.8	대사	1	幽霊によって 左右されてきた。	
7-06331	28160.9	대사	1	天国の秘密を、いつ、 どうやって与えるかを	
7-06332	28160.10	대사	1	やつらが定めていた。	
7-06333	28160.11	대사	1	だが、 新しい秩序のときがきた！	
7-06334	28160.12	대사	1	宇宙に、新たなる目的 を認識すべき時が やってきたのだ！	
7-06335	28160.13	대사	1	今こそ、変化のときだ！	
7-06336	28160.14	대사	1	私は新たなる運命の先ぶれ！	
7-06337	28160.15	대사	1	私は超人に 満ちた宇宙を作る。	
7-06338	28160.16	대사	1	古き神に挑戦することを 恐れない者たちを。	
7-06339	28160.17	대사	1	天国の真実にも 恐れをなさない者たちを。	
7-06340	28160.18	대사	1	このかよわき娘も 死なずともよいのだ。	
7-06341	28160.19	대사	1	彼女の怪我は癒え、 諸君は旅だてるだろう。	
7-06342	28160.20	대사	1	だが、私は必ず アストラル・ドミナを 手に入れる。	
7-06343	28181.0	대사	1	娘が欲しければ、 球を渡すのだ！	
7-06344	28181.1	대사	1	君たちは事態の展開に 大きなショックを 受けていた。	
7-06345	28181.2	대사	1	だが、同時に、君たちが 置かれている状況は、	
7-06346	28181.3	대사	1	あまりにも明白だった。	
7-06347	28181.4	대사	1	ダーク・サーヴァントに アストラル・ドミナを 渡さなければ、	
7-06348	28181.5	대사	1	その後に恐ろしい光景が 展開されるのは 間違いなかった。	
7-06349	28181.6	대사	1	サーヴァントが 一体どれほどの 力を持っているか わからない以上、	
7-06350	28181.7	대사	1	ここは言いなりになるのが 正しい選択のように思えた。	
7-06351	28181.8	대사	1	少なくとも、死ぬことは 賢い道ではない。	
7-06352	28181.9	대사	1	そしてここで死んでも、 ただの犬死にでしかない。	
7-06353	28181.10	대사	1	この先、 世の中がどう変わるか、	
7-06354	28181.11	대사	1	死んでしまっては、 自分たちの目で 確かめることもできない。	
7-06355	28210.0	대사	1	\n球/{0B}娘/	
7-06356	28210.2	대사	1	球を渡さないか？ 娘と交換するか？ 球か娘か答えてもらおう。	
7-06357	28220.0	대사	1	ダーク・サーヴァントは うなずいて 手を上げた。そして…	
7-06358	28230.0	대사	1	君たちは暗闇に包まれ、 なにも感じることが できなくなった。	
7-06359	28230.1	대사	1	どれほど長いこと ここにいたのか、	
7-06360	28230.2	대사	1	この先いつまで ここにるのか……	
7-06361	28230.3	대사	1	周りは 完璧な暗闇だけだった。	
7-06362	28240.0	대사	1	不承不承ながら、 君たちは震える手で アストラル・ドミナを	
7-06363	28240.1	대사	1	ダーク・サーヴァントに 差し出した。	
7-06364	28245.0	대사	1	ついに手に入れた！ アハハ、アハハハハ！	
7-06365	28250.0	대사	1	そして、サーヴァントと球は消えた。	
7-06366	28260.0	대사	1	娘の体は地面に 放り出されていた。	
7-06367	28260.1	대사	1	娘に走りよった君たちは、 祈るような気持ちで	
7-06368	28260.2	대사	1	彼女がまだ生きている 兆候を捜した。	
7-06369	28260.3	대사	1	そして、 それはみつかった。	
7-06370	28260.4	대사	1	彼女は弱っており ボロボロだったが、 まだ生きていた。	
7-06371	28260.5	대사	1	その瞬間、 君たちは球の最後の秘密を 思い出した。	
7-06372	28260.6	대사	1	フォーンザングが、 宇宙の運命に悪影響を 及ぼす者どもから、	
7-06373	28260.7	대사	1	彼の作品を 守るために仕掛けた 最後の秘密を。	
7-06374	28268.0	대사	1	だが、君たちは 彼女の右の頬に 真っ赤な血が	
7-06375	28268.1	대사	1	流れているのに気づいて ショックを受けた。	
7-06376	28268.2	대사	1	震える手で、 君たちは彼女の眼窩を覆う	
7-06377	28268.3	대사	1	黒い眼帯を外した。	
7-06378	28268.4	대사	1	彼女の特別な瞳が あったはずの場所には、	
7-06379	28268.5	대사	1	今は空洞が開いている だけだった。	
7-06380	28310.0	대사	3	星々を旅する間に、 学ぶべきことは 数多くあった。	
7-06381	28310.1	대사	2	そしてなにより、これはまだ始まりでしかなかった。	
7-06382	28310.2	대사	3	どこか遠くで、 サーヴァントの影が 蠢いている。	
7-06383	28310.3	대사	2	彼の手には アストラル・ドミナの力が あり、	
7-06384	28310.4	대사	3	君たちは間違いなく また彼と出会うことになる。	
7-06385	28310.5	대사	1	旅の間、君たちは 驚異の娘、ヴィ・ドミナの	
7-06386	28310.6	대사	3	語る数多くの物語に 聞き入った。	
7-06387	28310.7	대사	3	彼女は、宇宙の仕組み、 そしてその他の	
7-06388	28310.8	대사	3	様々なことに関して、 およそ尽きることのない	
7-06389	28310.9	대사	3	好奇心を 抱いているようだった。	
7-06390	28310.10	대사	3	そして彼女との会話から、 生命、星々、 そしてそのすべてを	
7-06391	28310.11	대사	3	含む世界に関する 君たちの認識は拡がった。	
7-06392	28310.12	대사	1	“ちょっと、これ見て！” 思わぬときに上がる	
7-06393	28310.13	대사	2	彼女の楽しげな声に、 君たちは喜んで従った。	
7-06394	28310.14	대사	2	そして、 この道づれとの旅を 満喫した。	
7-06395	28310.15	대사	1	だが、 彼女も知らないわけでは なかった。	
7-06396	28310.16	대사	2	いつか、 決着をつけなければ ならないときが 来ることを……	
7-06397	28400.0	대사	1	侵入禁止区域、 サーヴァントのコントロール ステーションに戻り、	
7-06398	28400.1	대사	1	君たちの友ヴィ・ドミナに 信号を発して、	
7-06399	28400.2	대사	1	この世界から 逃げ出す準備を整えた。	
7-06400	28400.5	대사	1	フォーンザングの球、 アストラル・ドミナの内に おさめられた	
7-06401	28400.6	대사	1	秘密を使って、これから どうすればよいのか。	
7-06402	28400.9	대사	1	そして、彼女の人生を 祝福している幸運は、 君たちにも	
7-06403	28410.6	대사	1	君たちは一つ溜息をついて、 すべてはこの先の	
7-06404	28550.0	대사	1	突然、ドアを突き破って、 壮絶な攻防を 繰り広げる一団が 飛び込んできた。	
7-06405	28555.0	대사	1	ティーラングとアンパニの 軍勢が、	
7-06406	28555.1	대사	1	それぞれ剣と銃、 魔法の杖と魔法の呪文を 使って、	
7-06407	28555.2	대사	1	猛烈な勢いで戦っていた。	
7-06408	28555.3	대사	1	シィィィ！ 死ね、豚ガエルども！	
7-06409	28555.4	대사	1	虫ケラども、 あの世へいっちまえ！	
7-06410	28555.5	대사	1	君たちは、 武器を構えて戦いに備えた。	
7-06411	28570.0	대사	1	{0E}アンパニ/{0F}ティーラング/	
7-06412	28570.2	대사	1	アンパニとティーラング どちらに味方する？	
7-06413	28580.0	대사	1	戦いが終わり、 アンパニの大佐が 部屋に入ってきた。	
7-06414	28590.0	대사	1	でかした！	
7-06415	28590.1	대사	1	やつらを捕らえた！	
7-06416	28590.2	대사	1	スキャナーが、 ブラック・シップが このセクターから	
7-06417	28590.3	대사	1	出ていくのを確認した。 サーヴァントが 球を手に入れたのだ。	
7-06418	28590.4	대사	1	もう少しで勝てたのだ！！	
7-06419	28590.5	대사	1	アクパイルに宇宙船が 待っている。	
7-06420	28590.6	대사	1	急いで出発する。	
7-06421	28590.7	대사	1	アンパニ特殊部隊、 ＳＳＵＦにようこそ！	
7-06422	28590.8	대사	1	衛生兵！手当てだ！	
7-06423	28590.9	대사	2	ゆっくりと優しく、 君たちは 血塗れで気絶している	
7-06424	28590.10	대사	1	娘を抱えた。そして、 光が君たちを包んだ。	
7-06425	28610.0	대사	1	巨大なアンパニの船の中で、君たちはアンパニの勲章を	
7-06426	28610.1	대사	1	胸につけ、 外の星空に目をやった。	
7-06427	28610.2	대사	1	君たちは 安全な船室をあてがわれ、 怪我も手当てされた。	
7-06428	28610.3	대사	1	だが、誰も一言も口を聞かずお互いの心の中に 渦巻いている	
7-06429	28614.0	대사	2	イメージについて、 語る者もなかった。	
7-06430	28614.1	대사	2	そして、 ついに彼女が目を覚ました。	
7-06431	28614.2	대사	2	“あいつ、 もってっちゃったんでしょ？”	
7-06432	28614.3	대사	1	彼女は、答えは聞かなくてもわかるという様子で そう尋ねた。	
7-06433	28614.4	대사	2	“心配しないで、 どこいったのかは わかってるんだ。”	
7-06434	28614.5	대사	1	君たちは娘の強靭さに 驚かされた。	
7-06435	28614.6	대사	1	彼女は、その数多くの傷にも関わらず、右の頬に	
7-06436	28614.7	대사	2	触れて一瞬震えた以外、 まったく痛みを感じている	
7-06437	28614.8	대사	2	素振りを見せなかった。	
7-06438	28614.14	대사	1	旅の間、君たちは アンパニの宇宙船の中で	
7-06439	28614.15	대사	1	彼らと語り合い、 君たちのそれとは まったく異なる	
7-06440	28614.16	대사	1	彼らのしきたりや 生き方を学んだ。	
7-06441	28614.17	대사	1	そして、君たちは 驚異の娘、ヴィ・ドミナの	
7-06442	28614.24	대사	1	“ちょっと、これ見て！”思わぬときに上がる	
7-06443	28614.27	대사	1	だが、彼女も 知らないわけではなかった。	
7-06444	28614.28	대사	1	いつか、決着を つけなければならない ときが来ることを……	
7-06445	28650.0	대사	1	戦いは終わり、 背が高いティーラングが 中に入ってきた。	
7-06446	28660.0	대사	1	シィィィッ！ 一緒にこい！	
7-06447	28660.1	대사	1	サーヴァントが 我々の賞品を持っていった。 だが、逃しは	
7-06448	28662.0	대사	1	しない。	
7-06449	28662.1	대사	1	シィィィツ！ 船が待ってる。	
7-06450	28662.3	대사	1	娘を抱えた。 そして、 光が君たちを包んだ。	
7-06451	28670.0	대사	1	巨大なティーラングの母船の狭くて陰気な船室の中で、	
7-06452	28670.1	대사	1	君たちは 宇宙の星空をのぞき込んだ。	
7-06453	28670.2	대사	1	怪我はなおっていた。	
7-06454	28670.3	대사	1	誰も一言も口を聞かず、 お互いの心の中に 渦巻いている	
7-06455	28670.7	대사	1	彼女は答えは聞かなくても わかるという様子で そう尋ねた。	
7-06456	28670.9	대사	1	君たちは 娘の強靭さに驚かされた。	
7-06457	28670.10	대사	1	彼女は、 その数多くの傷にも関わらず右の頬に	
7-06458	28670.14	대사	1	そしてなにより、 これはまだ 始まりでしかなかった。	
7-06459	28670.16	대사	1	彼の手には アストラル・ドミナの力が　あり、	
7-06460	28670.18	대사	1	旅の間、君たちは、 ほとんど神秘的とも思える	
7-06461	28670.19	대사	1	ティーラングたちの　しきたりや生き方に関して、	
7-06462	28670.20	대사	1	少しでも多く学ぼうとした。 そして、 許される範囲内で、	
7-06463	28670.21	대사	1	監視つきで 船の中を見回ったりもした。	
7-06464	28670.22	대사	1	だが、ほとんどの時間、 君たちは驚異の娘、 ヴィ・ドミナの	
7-06465	28670.29	대사	1	“ちょっと、これ見て！”　思わぬときに上がる	
7-06466	28700.0	대사	1	彼女の楽しげな声に、君たちは喜んで従った。	
7-06467	28700.1	대사	1	そして、この道づれとの旅を満喫した。	
7-06468	28700.2	대사	1	だが、彼女も知らないわけではなかった。	
7-06469	29000.0	대사	1	影の中から、３メートル近い巨体の持主	
7-06470	29000.1	대사	1	シュリチ・ティーラングが、脅すように近付いてきた。	
7-06471	29005.0	대사	1	シィィィッ！醜い人間ども。	
7-06472	29005.1	대사	1	シュリチは忙しいのだ！	
7-06473	29010.0	대사	1	{05}いいえ/{08}はい/	
7-06474	29010.2	대사	1	シィィィィッ！ ロダン・レワークスを 殺したか？	
7-06475	29015.0	대사	1	シィィィツ！ なら、なにを 手伝いにきたのだ！	
7-06476	29015.1	대사	1	もしアンパニの追跡屋、 レワークスを殺したら、	
7-06477	29015.2	대사	1	ほうびをはずむぞ！	
7-06478	29020.0	대사	1	シィィィツ！ それなら、 奴の金のメダル、	
7-06479	29020.1	대사	1	勝利の印を 持っているはずだ！	
7-06480	29025.2	대사	1	メダルを見せてくれるか？	
7-06481	29030.0	대사	1	シィィィツ！ 嘘をついたのだな！	
7-06482	29035.0	대사	1	シィィィツ！ よくやった！	
7-06483	29035.1	대사	1	死なない限り、 ヘクターの子がこのメダルを	
7-06484	29035.2	대사	1	手放すはずがない。	
7-06485	29035.3	대사	1	シィィィツ！ ほうびをやろう！	
7-06486	29035.4	대사	1	巨大なティーラングが 部下を呼び寄せると、 その部下は、	
7-06487	29035.5	대사	1	金貨の詰まった 大きな袋を 君たちの足元においた。	
7-06488	29035.6	대사	1	そのメダルはお前らが ティーラング帝国に仕えた 印として	
7-06489	29035.7	대사	1	持っているがいい。	
7-06490	29045.0	대사	1	シィィィツ！ シュリチは お前らを歓迎する！	
7-06491	29050.0	대사	1	シィィィツ！ お前らを試したのだ。	
7-06492	29050.1	대사	1	ロダン・レワークスは 死んだ！	
7-06493	29050.2	대사	1	シュリチは勝った！	
7-06494	29080.0	대사	1	一団のティーラングは 君たちの方を見て、 こちらに	
7-06495	29080.1	대사	1	近付き、一瞬立ち止まり、 またゆっくりと 近付いてきた。	
7-06496	29080.2	대사	1	シィィィツ！こんなに早く 再会するとは 思ってなかった！	
7-06497	29100.0	대사	1	騒々しい足音と共に、 誰かが突進してきた。	
7-06498	29100.1	대사	1	君たちに近付き、見つめ、 臭いをかいでいるのは、	
7-06499	29100.2	대사	1	大柄なアンパニのハンター、ロダン・レワークスだ！	
7-06500	29105.0	대사	1	シュリチ・ティーラングめ。復讐してやる！	
7-06501	29105.1	대사	1	俺は奴を殺るためだけに 生きてきたんだ！	
7-06502	29108.0	대사	1	シュリチは死んだ！ 復讐したぞ！	
7-06503	29110.0	대사	1	裏切り者！	
7-06504	29110.1	대사	1	このティーラング野郎、 お前も死ぬがいい！	
7-06505	29115.0	대사	1	よしよし、 ＮＥＰＳじゃなきゃな！	
7-06506	29120.0	대사	1	目の前をゆっくり 歩いているのは、君たちが	
7-06507	29120.1	대사	1	サーヴァントの兵から救ったゴーンのボエリガード大尉だった。	
7-06508	29125.0	대사	1	ゴーンの軍隊には 君たちの助けが必要だ。	
7-06509	29130.2	대사	1	助けてくれるか？	
7-06510	29135.0	대사	1	では私がやるしかない。 ゴーン帝国に 内戦が起きているのだ。	
7-06511	29140.0	대사	1	おお、友よ！	
7-06512	29140.1	대사	1	悪い知らせだ。	
7-06513	29140.2	대사	1	内戦でゴーン帝国は まっぷたつに 割れてしまった！	
7-06514	29140.3	대사	1	国中で戦いが起きている。 仲間同志の殺しあいで	
7-06515	29140.4	대사	1	何百人も死んでいる！	
7-06516	29140.5	대사	1	誰もが権力を求めて 戦っている！	
7-06517	29140.6	대사	1	魔法使いのムラカトスが 裏切りさえしなければ！	
7-06518	29140.7	대사	1	今は彼も裏切られて 死んでしまった！	
7-06519	29140.8	대사	1	破滅だ！！	
7-06520	29150.0	대사	1	君たちは一団のゴーンの兵に取り囲まれた。	
7-06521	29150.1	대사	1	その中から堂々とした人物が歩み出てきた。	
7-06522	29150.2	대사	1	勇敢な戦士よ！	
7-06523	29165.0	대사	1	戦いは我が方に有利だ！	
7-06524	29165.1	대사	1	まだ王国を救う道は あるかもしれない！	
7-06525	29170.0	대사	1	戦いの旗色は悪い。	
7-06526	29170.1	대사	1	もう破滅かもしれん。	
7-06527	29200.0	대사	1	我らラズーカは、君たちに もう一つ頼みごとをしたい。	
7-06528	29200.1	대사	1	我々は少し整理をして、	
7-06529	29200.2	대사	1	建物を開けようと 思っている。	
7-06530	29200.3	대사	1	いろいろと考えた末、 君たちに	
7-06531	29200.4	대사	1	提案をすることにした。	
7-06532	29200.5	대사	1	我々が残したものは すべて君たちにあげよう。	
7-06533	29200.6	대사	1	宝物庫の中だけでも、 他では 手に入らないものが	
7-06534	29200.7	대사	1	いくらでもある。	
7-06535	29200.8	대사	1	特別のボーナスもある。	
7-06536	29200.9	대사	1	このすべてを 君たちに進呈しよう。	
7-06537	29200.10	대사	1	代価はほんの少しだよ。	
7-06538	29200.11	대사	1	４００００ＧＰ。 高くはあるまい？	
7-06539	29200.12	대사	1	これだけのものが この値段だ、どうかね？	
7-06540	29215.0	대사	1	{0F}いいえ/{10}はい/	
7-06541	29220.0	대사	1	今は金が足りないようだね。	
7-06542	29220.1	대사	1	だが、待とう。	
7-06543	29220.2	대사	1	金が集まるまで しばらく待とう。	
7-06544	29220.3	대사	1	役に立つことを 教えてあげよう。	
7-06545	29220.4	대사	1	でかいティーラング、 シュリチ・ティーラング という	
7-06546	29220.5	대사	1	名前の奴が、アンパニの ロダン・レワークスの首に	
7-06547	29220.6	대사	1	かなりの賞金を掛けている。	
7-06548	29220.7	대사	1	こいつはただの情報だ。 見返りはなしでいい。	
7-06549	29220.8	대사	1	金ができたら 戻ってきたまえ。	
7-06550	29230.0	대사	1	よくやってくれた。	
7-06551	29230.1	대사	1	宝物庫は君たちのものだ。	
7-06552	29230.2	대사	1	ボーナスも入れておいた。	
7-06553	29235.0	대사	1	またいつか、 仕事をしよう。	
7-06554	29235.1	대사	1	君たちのことは忘れない。	
7-06555	29240.0	대사	1	もう少し考える時間が 必要なようだな。	
7-06556	29240.1	대사	1	気が変わったら 戻ってきたまえ。	
7-06557	29245.0	대사	1	ファミリーを裏切ったな！	
7-06558	29245.1	대사	1	哀れなお前らのために、 涙しよう、 そしてキスしよう。	
7-06559	29250.0	대사	1	どこからともなく 現れた影が、 素早く目の前に 立ち塞がった。	
7-06560	29255.0	대사	1	ラズーカ一家は、 上納金として お前の持っている	
7-06561	29255.1	대사	1	金の２０％を要求する。	
7-06562	29260.2	대사	1	払うか？	
7-06563	29270.0	대사	1	ラズーカの爪を 恐れるがいい！	
7-06564	29275.0	대사	1	君たちと取り引きできて 嬉しいよ。	
7-06565	29275.1	대사	1	ドン・バルローンが 祝福してくださる。	
7-06566	29275.2	대사	1	いつか会う日を 楽しみにされているだろう。	
7-06567	29300.0	대사	1	頭上に手を掲げ、 なにごとか大きな声で	
7-06568	29300.1	대사	1	わめき散らしながら、 ダーンの司祭が 近付いてきた。	
7-06569	29300.2	대사	1	悔い改めよ、ブラザー	
7-06570	29300.3	대사	1	邪悪な道を悔い改めよ！	
7-06571	29300.4	대사	1	終わりの日がやってくる！	
7-06572	29310.0	대사	1	さあ、よきブラザー！	
7-06573	29315.2	대사	1	すでに言葉を聞いたか？	
7-06574	29320.0	대사	2	聖なる光、 汝を導かんことを！	
7-06575	29325.0	대사	1	聖なる予言の 満たされるとき、 すべてのもの、	
7-06576	29325.1	대사	1	その生まれいでたる 暗黒に戻らん！	
7-06577	29325.2	대사	1	悔い改めよ、 罪多きブラザー！	
7-06578	29325.3	대사	1	ダーンのグレートタワーにてブラザー・アルマゴルテを 捜せ。	
7-06579	29325.4	대사	1	彼が汝に、光に続く 聖なる道を示すだろう。	
7-06580	29335.0	대사	1	ダーンの仲間は、 罪深き汝の魂を 救済するには、	
7-06581	29336.0	대사	1	すべてを犠牲にせよと 命じる。	
7-06582	29336.1	대사	1	汝の財布の １０％を寄進すれば、	
7-06583	29336.2	대사	1	心の邪悪は 清められるであろう。	
7-06584	29340.2	대사	1	寄進を行うか？	
7-06585	29345.0	대사	1	お前らは聖なる名前と すべてのダーンを冒涜した！	
7-06586	29345.1	대사	1	地獄の業火に永遠に焼かれ、全能の神の足元で	
7-06587	29345.2	대사	1	苦しむがよい！	
7-06588	29345.3	대사	1	異端者を殺せ！	
7-06589	29350.1	대사	1	そして、汝の道、 輝かんことを！	
7-06590	29400.0	대사	1	一瞬の間に、 五花術の達人は	
7-06591	29400.1	대사	1	君たちの前に現れた。	
7-06592	29403.0	대사	1	どうだな、若きマスターよ。	
7-06593	29405.0	대사	1	そなたらの行いは、 ムンクハラムの 聖なる教えから	
7-06594	29405.1	대사	1	遠く離れてしまった 愚か者どもから、 聖なる任務を	
7-06595	29405.2	대사	1	守ることに 大変役だっておる。	
7-06596	29410.0	대사	1	なにか助けが入り用かな？	
7-06597	29415.0	대사	1	お前らは聖なる教えに背き、正しき道から	
7-06598	29415.1	대사	1	遠く離れてしまった。	
7-06599	29420.0	대사	1	以前の善行ゆえに、 今回はお前らを許そう。	
7-06600	29420.1	대사	1	だが、二度と再び、 今歩んでいた悪しき道を	
7-06601	29420.2	대사	1	歩んではならぬ！	
7-06602	29425.0	대사	1	お前らは汚水の中に 永遠に蠢いている	
7-06603	29425.1	대사	1	害虫のように 邪悪で不潔じゃ！	
7-06604	29425.2	대사	1	災い以外の なにものでもない！	
7-06605	29425.3	대사	1	お前らの心は、ウジ虫の腸と同じくらい病んでいる！	
7-06606	29425.4	대사	1	わしがこの疫病を この世界から取り除こう！	
7-06607	29435.2	대사	1	手紙は受け取ったかね？	
7-06608	29440.0	대사	1	道場にメモを残してきた。	
7-06609	29440.1	대사	1	行けばみつかる。	
7-06610	29445.0	대사	1	それは明白じゃ！	
7-06611	29450.0	대사	1	聖なる花を混ぜたものを 聖なる水につければ、	
7-06612	29450.1	대사	1	解答は得られるじゃろう。	
7-06613	29500.0	대사	1	遠くから、おぞましい うめき声が聞こえてきた。	
7-06614	29500.1	대사	1	それは徐々に近付き、	
7-06615	29500.2	대사	1	どんどんおぞましさを 増していった。	
7-06616	29500.3	대사	1	それは…	
7-06617	29505.0	대사	1	ブラザー・ツォーバーだ！	
7-06618	29505.1	대사	1	うめき声を上げ、 酔っ払ったムンクが やってきた。	
7-06619	29510.0	대사	1	ハイホー！ヒック、 ヨォ、ブラザー！	
7-06620	29515.0	대사	1	どうも、ヒック、 あの邪悪で 不敬のとんでもねえ	
7-06621	29516.0	대사	1	ダーンの連中が、 ヒック、 俺のことを追いかけてる	
7-06622	29516.1	대사	1	らしい！	
7-06623	29516.2	대사	1	あいつらなんか、 ヒック、 バラバラにしてやる！	
7-06624	29520.1	대사	1	フム、ヒック？	
7-06625	29520.2	대사	1	あいつら、 近くで見かけたかい？	
7-06626	29525.0	대사	1	そいつはいい、 ヒック、 あいつらで挽肉ができる！	
7-06627	29530.0	대사	1	ウィ！ってことは、 ヒック、おいらは…	
7-06628	29530.1	대사	1	ようするに、 ヒック、 こっちから捜してやる！	
7-06629	29530.2	대사	1	目にもの見せてくれる！	
7-06630	29540.0	대사	1	しばらくは、ヒック、 ダーンの罪深い奴らは こないようだ。	
7-06631	29540.1	대사	1	あいつらの国に 災いがありゃいいんだ！	
7-06632	29550.0	대사	1	ツォーバーの幽霊！	
7-06633	29550.1	대사	1	さぁ、報いを受けろ！	
7-06634	29550.2	대사	1	ハッハッハ！	
7-06635	29550.3	대사	1	さぁ、お前ら全員、 報いを受けるのだ！	
7-06636	29550.4	대사	1	一緒に来るがよい！	
7-06637	29590.2	대사	1	蜘蛛人間と戦う 彼女に協力するか？	
7-06638	29600.0	대사	1	前方から、戦いの騒音が 聞こえてきた。	
7-06639	29602.0	대사	1	茶色の蜘蛛のような 生き物の一団が、 光り輝く長い杖を、	
7-06640	29602.1	대사	1	空中のなにかに向かって 振り回している。	
7-06641	29605.0	대사	1	と、その間から、 赤いそりが 空中に飛び上がった。	
7-06642	29608.0	대사	1	だが、蜘蛛たちは 空飛ぶ機械の後ろの部分に	
7-06643	29608.1	대사	1	網を被せ、 機械は引っ張られて 地面に	
7-06644	29608.2	대사	1	引き戻された。	
7-06645	29608.3	대사	1	墜落した機械の操縦士は、 茶色の攻撃者のまん中に	
7-06646	29608.4	대사	1	飛び降りた。	
7-06647	29608.5	대사	1	それは女のようで、 敵の人数は圧倒的だった。	
7-06648	29608.6	대사	1	彼女は君たちの方を見て なにか叫んだ。	
7-06649	29608.7	대사	1	だが、遠すぎて 聞き取ることは できなかった。	
7-06650	29620.0	대사	1	関わらないことに決めて、 君たちは戦いを見守った。	
7-06651	29620.1	대사	1	すぐに、女は傷だらけになり 血塗れとなったが、 それでも	
7-06652	29620.2	대사	1	戦いは続いた。	
7-06653	29620.3	대사	1	だが、取り巻く数大勢の ティーラングに 対抗する術もなく、	
7-06654	29620.4	대사	1	彼女はついに深手を負って 倒れた。	
7-06655	29620.5	대사	1	君たちは遠くから、 ティーラングたちが女と	
7-06656	29620.6	대사	1	空飛ぶ機械を引きずって、 森の中に消えていくのを	
7-06657	29627.0	대사	1	見守った。	
7-06658	29630.0	대사	1	君たちは不気味な生物と戦う少女に加勢した。	
7-06659	29650.0	대사	1	戦いは終わった。 彼女は 空飛ぶ機械に飛び乗ると	
7-06660	29650.1	대사	1	軽やかに舞い上がり 目の前で止まった。	
7-06661	29655.0	대사	1	あなたがたは勇敢だ、 そして強い！	
7-06662	29655.1	대사	1	私はヘラゾイドの ジャン・エッテ。 天空の都市の	
7-06663	29655.2	대사	1	守護者の一員。	
7-06664	29655.3	대사	1	私は偉大なる ケ・リ女王の命を受けて、 最近我らの世界に	
7-06665	29655.4	대사	1	この地に住み着いた 他所者たちのことを 調べにきた。	
7-06666	29655.5	대사	1	我々はクルセーダーの 到来を待っている！	
7-06667	29655.6	대사	1	この旗印を 差し上げましょう。	
7-06668	29665.0	대사	1	これを持っていれば、 あなたがたは 常にヘラゾイドの友です。	
7-06669	29665.1	대사	1	天空の都市でケ・リ女王に これを見せれば、暖かい歓迎を	
7-06670	29665.2	대사	1	受けられるでしょう。	
7-06671	29670.0	대사	1	覚えているぞ！	
7-06672	29670.1	대사	1	私がティーラングに 襲われたときに 傍観を決め込んでいた、	
7-06673	29670.2	대사	1	弱虫ども！	
7-06674	29670.3	대사	1	虫ケラ以下の ナメクジどもめ！	
7-06675	29670.4	대사	1	お前らの意気地のないこと、 その行動は決して 忘れはしない！	
7-06676	29670.5	대사	1	私にとって幸運なことに、 ティーラングなど	
7-06677	29670.6	대사	1	恐れもしない勇敢な方が、 私のことを	
7-06678	29670.7	대사	1	助けてくれた！	
7-06679	29670.8	대사	1	お前ら、弱虫の顔など 見たくもない！	
7-06680	29680.0	대사	1	別れの言葉を告げ、 真っ赤なソリの パイロット、	
7-06681	29680.1	대사	1	ジャン・エッテは 空の彼方に消え去った。	
7-06682	29700.0	대사	1	オハヨ、よき友よ！	
7-06683	29700.1	대사	1	最近どうしているかと 思っていたところだよ。	
7-06684	29710.0	대사	1	歓迎しよう、高貴なる方よ！	
7-06685	29710.1	대사	1	天空の都市にようこそ！	
7-06686	29710.2	대사	1	日々、楽しきことが 多いように！	
7-06687	29715.0	대사	1	立ち去れ、他所者！	
7-06688	29715.1	대사	1	天空の都市はお前らを 歓迎しない！	
7-06689	29750.0	대사	1	突然、青い空から 真っ赤なロケットが 飛んできた。	
7-06690	29750.1	대사	1	その上には、火の球のような女戦士が乗っていた。	
7-06691	29755.0	대사	1	オハヨ、他所者たち！	
7-06692	29755.1	대사	1	ガーディアの国へようこそ！	
7-06693	29755.2	대사	1	星々から多くの方がみえた。	
7-06694	29755.3	대사	1	我ら、敬意を表する。 今こそ クルセーダー到来のとき！	
7-06695	29759.0	대사	1	運命に身を任せよ！！	
7-06696	29759.1	대사	1	そう言うと、 奇妙な娘は空の彼方に	
7-06697	29759.2	대사	1	飛び去ってしまった。	
7-06698	29800.3	대사	1	ホスト： ブラック・シップ・コマンド	
7-06699	29800.4	대사	1	リモートアクセス 終了	
7-06700	29800.5	대사	1	メモリ消去 終了	
7-06701	29810.0	대사	1	システムエラー	
7-06702	29810.1	대사	1	警告	
7-06703	29810.2	대사	1	過負荷がかかっています	
7-06704	29810.3	대사	1	ホスト： セントラル・セキュリティー	
7-06705	29810.4	대사	1	接続サーバー ０１８＠６７Ｃ１	
7-06706	29820.0	대사	4	ＩＵＦ公文書	
7-06707	29820.1	대사	1	兵站部に出頭し、 カボム軍曹より 標準ＮＥＰＳ仕様を	
7-06708	29820.2	대사	1	受け取ること。	
7-06709	29820.3	대사	4	サイン バルブラク軍曹	
7-06710	29830.1	대사	1	射撃場に出頭し、グロモ中尉に基礎訓練を 受けること。	
7-06711	29830.2	대사	1	サイン カボム軍曹	
7-06712	29840.1	대사	1	募兵局に出頭し、 バルブラク軍曹に 報告すること。	
7-06713	29840.2	대사	1	サイン グロモ中尉	
7-06714	29850.0	대사	2	ＳＴＦ公文書	
7-06715	29850.1	대사	1	トラモンテンの森を偵察、 敵活動の兆候を 捜査すること。	
7-06716	29860.1	대사	1	ニューシティーの ＩＵＦ派遣隊の ロダン・レワークスに、	
7-06717	29860.2	대사	1	至急報を運ぶこと。	
7-06718	29870.1	대사	1	指令部に出頭し、 ヤモ将軍に報告すること。	
7-06719	29880.0	대사	1	本は祈りや 祈祷文で一杯で、 聖なるムンクハラムに	
7-06720	29880.1	대사	1	関することが 数多く記されていた。	
7-06721	29880.2	대사	1	今すぐに 役立ちそうなことは なにもなかったが、	
7-06722	29880.3	대사	1	数枚の美しい花の絵が 描かれていた。	
7-06723	29885.0	대사	1	本の中には次のように 記されていた。	
7-06724	29885.1	대사	1	増殖する地獄の祈り	
7-06725	29885.3	대사	1	奴らのはらわたは 悪魔をそそのかす！	
7-06726	29885.4	대사	1	落し穴にいりて、 ディアムの灰を まかねばならぬ。	
7-06727	29885.5	대사	1	その香りは悪魔の怒りを かきたてる！ 	
7-06728	29891.0	대사	1	落し穴にいりて、 門の石を 投げつけねばらなぬ。 	
7-06729	29891.2	대사	1	落し穴にいりて、 増殖する地獄の祈りを 唱えねばならぬ。	
7-06730	29891.4	대사	1	そして、その時 増殖する地獄は消え去る！	
7-06731	29900.0	대사	1	部屋に入った途端、 なにかが腐ったような 鼻につく臭いが	
7-06732	29900.1	대사	1	臭ってきた。 どうもこの部屋は、 随分長いこと使われて	
7-06733	29900.2	대사	1	いなかったようだ。	
7-06734	29900.3	대사	1	ときどき聞こえる ネズミかなにかのたてる	
7-06735	29900.4	대사	1	微かな物音以外、 あたりの静寂を破るものも	
7-06736	29910.0	대사	1	部屋のすみに、 腐ったボロの山が 積み上がっていた。	
7-06737	29915.0	대사	1	近くによって そのボロを見てみると、	
7-06738	29915.1	대사	1	元々は服を来た なにかのようだった。	
7-06739	29915.2	대사	1	かなりの年数がたっている その死体を置いて 立ち去ろうとした	
7-06740	29915.3	대사	1	君たちは、それがなにか 古い文書を 握っているのに気づいた。	
7-06741	29930.0	대사	1	湧き出る泉に近付いてみるとそれはまだ新鮮で	
7-06742	29930.1	대사	1	美味しい水をたたえていた。	
7-06743	29940.0	대사	1	秘密の通路に漂う空気は、 思っていたより	
7-06744	29940.1	대사	1	乾いていた。 それは、ここが数年の間、 誰にも	
7-06745	29940.2	대사	1	みつかっていないと いうことでもあった。	
7-06746	29950.0	대사	1	君たちは一瞬立ち止まって、門の向こう側にいる	
7-06747	29950.1	대사	1	誰かの邪魔を しない方がいいのでは ないかと考えた。	
7-06748	29960.0	대사	1	部屋に入ろうとした瞬間、 壁の燭台から 火が吹き出した。	
7-06749	29960.1	대사	1	そして、 その揺れる蝋燭の炎の中、 泡立ち煙が立ち込める	
7-06750	29960.2	대사	1	水たまりの奥底から、 影のような人物が 君たちの目の前に	
7-06751	29960.3	대사	1	出現し始めた。	
7-06752	29970.0	대사	1	骸骨の亡霊は 数百の細かい骨に 砕け散った。	
7-06753	29970.1	대사	1	だが、君たちは、 砕けた骨が水たまりの方に	
7-06754	29970.2	대사	1	じりじり戻っている ような気がした。そして	
7-06755	29970.3	대사	1	この部屋には、まったく 安心できなくなっていた。	
7-06756	29975.0	대사	1	再び部屋に戻ると、 骨のほとんどは	
7-06757	29975.1	대사	1	消え失せていた。	
7-06758	29980.0	대사	1	慎重に床に残った 小さな粒を 踏み潰しながら、	
7-06759	29980.1	대사	1	君たちは 墓の外へ出て行った。	
7-06760	31000.0	대사	1	真っ暗な空に西風が 吹き荒れていた。	
7-06761	31000.1	대사	1	どうも 嵐が来そうな気配である。	
7-06762	31000.2	대사	1	君たちは暗い先ぶれ、 なにものをも 流しさってしまう	
7-06763	31000.3	대사	1	無慈悲な潮流の訪れを 感じた。	
7-06764	31000.4	대사	1	それとも、 脱出の機会を。	
7-06765	31000.5	대사	1	森は、君たちの 愛想の悪い接待役、 ティーラングの放つ	
7-06766	31000.6	대사	1	悪臭で満ちていた。 おそらく、 近くに彼らの基地が	
7-06767	31000.7	대사	1	あるのだろう。	
7-06768	31000.8	대사	1	彼らは一応 味方ではあったが、 君たちは 信用してはいなかった。	
7-06769	31000.9	대사	1	いつか、彼らに刃を 向けることになるときが 来るかもしれない。	
7-06770	31000.10	대사	1	君たちの唇が かすかに微笑んだ。	
7-06771	31000.11	대사	1	危険な道も、 またいいかもしれない。	
7-06772	31050.0	대사	1	東風が森の梢を 揺らした。	
7-06773	31050.1	대사	1	そして、うなるような声が 森から聞こえてきた。	
7-06774	31050.2	대사	1	夜の暗闇の中に 立ち尽くしながら、 君たちは	
7-06775	31050.3	대사	1	大きく息を吸った。 とにかく、やっと空飛ぶ	
7-06776	31050.4	대사	1	機械の狭い部屋から 逃れられたのだ。	
7-06777	31050.5	대사	1	南の方、 森の微かに上の方に なにか光っている。	
7-06778	31050.6	대사	1	おそらく村かなにかの 明りだろう。	
7-06779	31050.7	대사	1	北の方は 未開の荒野のようで、 ただ風の	
7-06780	31050.8	대사	1	さざめく音だけが 聞こえてくる。	
7-06781	31050.9	대사	1	君たちは、 この未知なる世界、 危険な土地に	
7-06782	31050.10	대사	1	放り出されて しまったようだ。	
7-06783	31050.11	대사	1	とにかく、 生きているだけでも ましかもしれない。	
7-06784	31100.0	대사	1	君たちの目の前に、 部屋が一杯に なってしまうほど 巨大な	
7-06785	31100.1	대사	1	生き物がいた。 それは微動だにしなかった。 &%{0C}]	
7-06786	31100.2	대사	1	皆、君の頭の中に トロールでも住んでいると 思ったようだったが、	
7-06787	31100.3	대사	1	それでも、君に従って 怪物の口に入った。 &%\n]	
7-06788	31110.0	대사	1	そして、 目の前に星空が拡がった。 &%{06}]	
7-06789	31110.1	대사	1	鋼鉄の怪鳥の 中におさまって、 君たちは宇宙を	
7-06790	31110.2	대사	1	飛んだ。 &%\n]	
7-06791	31110.3	대사	1	何カ月もの間、 君たちの天国への旅は	
7-06792	31110.4	대사	1	続いた。 &%\n]	
7-06793	31115.0	대사	1	そして、 &%{05}]	
7-06794	31120.0	대사	1	君たちを取り巻く 暗黒に、 邪悪な存在が現れた。 &%\n]	
7-06795	31120.1	대사	1	巨大な宇宙船が、 まるで 獲物を捕らえる鳥のように	
7-06796	31120.2	대사	1	君たちの小舟に 近付いた。 &%{12}#|]	
7-06797	31120.3	대사	1	数秒後、 すべては終わった。 &%{06}]	
7-06798	31130.0	대사	1	君たちは鋼鉄の鳥から 小さな通路に出てきた。 &%{08}]	
7-06799	31130.1	대사	1	助かったと思ったのも 束の間、 君たちは不吉な感じがする	
7-06800	31130.2	대사	1	救出者の存在に 気づいた。 &%{0C}]	
7-06801	31130.3	대사	1	通路の向こう側、 高い玉座の上に その人物は座っていた。 &%{08}]	
7-06802	31130.4	대사	1	君たちはそちらに 近付いていった。 &%{05}]	
7-06803	31150.0	대사	1	私はダーク・サーヴァント。 &%{08}]	
7-06804	31160.0	대사	1	我々は遥か遠い世界、 数千年の間忘れられていた、	
7-06805	31160.1	대사	1	伝説のロスト・ガーディアに向かっている。 &%\n]	
7-06806	31160.2	대사	1	その世界のどこかに、 宇宙で最も強力な物体、	
7-06807	31160.3	대사	1	アストラル・ドミナが 隠されている。 &%\n]	
7-06808	31170.0	대사	1	それを得て、 私は神の知識を手にする！ &%{08}]	
7-06809	31170.1	대사	1	コズミック・サークルの 意志から解き放たれるのだ！ &%{08}]	
7-06810	31170.2	대사	1	私は彼らの支配に挑戦する。彼らが星々の運命に	
7-06811	31170.3	대사	1	かけた戒めを解き放つ！ &%{0C}]	
7-06812	31170.4	대사	1	そして彼らが 長きこと隠し通してきた、	
7-06813	31170.5	대사	1	天国の秘密を公にしよう。 &%{0C}]	
7-06814	31170.6	대사	1	私は必ず アストラル・ドミナを 発見する。 &%{08}]	
7-06815	31170.7	대사	1	そして諸君も、 私に仕えている ティーラングと共に、	
7-06816	31170.8	대사	1	ロスト・ガーディアでの 探索に協力するのだ。 &%{0C}]	
7-06817	31190.0	대사	1	ティーラングには、 諸君に手を貸すように 命じてある。 &%{0C}]	
7-06818	31200.0	대사	1	着くまでは、諸君は このブラック・シップに いたまえ。 &%{08}]	
7-06819	31200.1	대사	1	ヴィッタリア、彼らを 船室に案内しなさい。 &%\n]	
7-06820	31210.0	대사	1	一言も口を聞かずに、 若い女性が 奇妙な船の中を	
7-06821	31210.1	대사	1	君たちを案内して進んだ。 &%\n]	
7-06822	31210.2	대사	1	そして、彼女は黙って 部屋を指さした。 &%{08}]	
7-06823	31213.0	대사	1	部屋に入る瞬間、 彼女は君たちの目を じっとのぞき込んだ。 &%{08}]	
7-06824	31213.1	대사	1	そして再び 凍りのような表情に戻り、 ボタンを押して	
7-06825	31213.2	대사	1	ドアを閉じた。 &%{0C}]	
7-06826	31220.0	대사	1	数日後、君たちは ティーラングたちが 操縦する	
7-06827	31220.1	대사	1	別の鋼鉄の鳥に 乗せられた。 &%{0C}]	
7-06828	31220.2	대사	1	彼らは君たちが 理解できない言葉で、 君たちのことを	
7-06829	31220.3	대사	1	話しているようだったが、 その笑い方で、どんなことを	
7-06830	31220.4	대사	1	言っているのかは 充分にわかった。 &%{0F}]	
7-06831	31220.5	대사	1	すぐに、素晴らしい光景が 見えてきた。 &#%{0F}]	
7-06832	31230.0	대사	2	惑星ガーディア &%{14}]	
7-06833	31240.0	대사	1	シィィィツ！着いたぞ、 とティーラングの 一人が言った。	
7-06834	31240.1	대사	1	エイチジェン・ラ・ ティーラングがお待ちだ！ &%{0E}]	
7-06835	31240.2	대사	1	突然、君たちは 体が震えるのを感じた。 そして持ち物を	
7-06836	31240.3	대사	1	すべて手にする間もなく、 君たちは不思議な光に	
7-06837	31240.4	대사	3	包まれて 新しい世界に 立っていた。 &%{0F}]	
7-06838	31500.0	대사	1	!見よ！ コズミック・フォージを！ &%{05}]	
7-06839	31500.1	대사	1	君はペンに 近付いた。	
7-06840	31500.2	대사	1	“それは私がもらっておこう！” と 不思議な 声がした。 &%{05}]	
7-06841	31500.3	대사	1	“私はアレセイデス。 コズミック・フォージ、 運命の手のペンを	
7-06842	31500.4	대사	1	取り戻しに 来たものだ！ &%\n]	
7-06843	31500.5	대사	1	コズミック・サークルの ロードたちは、 これの戻りを	
7-06844	31500.6	대사	1	待っている。 なにしろ 宇宙の秩序を維持し、 世界の運命を	
7-06845	31500.7	대사	1	コントロール しているのは このペンなのだから。 &%{0C}]	
7-06846	31500.8	대사	1	コズミック・フォージが 盗まれ、 それと共に、 天国の運命を	
7-06847	31500.9	대사	2	司ってきた、 コズミック・サークルが 著す定めの力も	
7-06848	31500.10	대사	2	失われた。 &%{0C}]	
7-06849	31500.11	대사	1	そして、 フォージがなくなって以来、様々な災難が	
7-06850	31500.12	대사	1	まき起こり、それは今や 宇宙の存亡にも関わる	
7-06851	31500.13	대사	2	事態となった。 &%{0C}]	
7-06852	31520.0	대사	1	ガーディアと言う名の 小さな世界が、 宇宙の遥か彼方で、	
7-06853	31521.0	대사	1	長いこと外界から 隠されて存在していた。 &%\n]	
7-06854	31521.1	대사	1	その世界に 秘められた偉大な力を 守るため、 コズミック・	
7-06855	31521.2	대사	1	サークルが 隠していたのだ。 &%{08}]	
7-06856	31521.3	대사	1	ところが、 コズミック・フォージが なくなり、 ガーディアも	
7-06857	31521.4	대사	1	秘密では なくなってしまった。 &%{08}]	
7-06858	31521.5	대사	1	この宇宙で 最も強力な品、 アストラル・ドミナの 隠し場所が	
7-06859	31521.6	대사	1	明らかに なってしまったのだ！ &%{0C}]	
7-06860	31530.0	대사	1	こうして 話している間にも、 邪悪な 存在が 惑星に 近付いている。	
7-06861	31530.1	대사	1	日に日に、 その力は 強くなっている。 &%\n]	
7-06862	31530.2	대사	1	黒い船、 破壊の船、 その名は	
7-06863	31530.3	대사	1	ブラック・シップ。 &%{14}]	
7-06864	31535.0	대사	1	その黒き船のうちには、 破滅の使者、 コズミック・サークルへの	
7-06865	31535.1	대사	1	挑戦者が 乗っているのだ。 &%\n]	
7-06866	31535.2	대사	1	ダーク・サーヴァントだ。 &%{05}]	
7-06867	31535.3	대사	1	彼は コズミック・サークルを 打ち破り、 星々の運命を	
7-06868	31535.4	대사	1	護っている その支配に 終止符を 打とうと している。 &%{08}]	
7-06869	31535.5	대사	1	神の力を 自分一人の 手に握って。 &%{08}]	
7-06870	31535.6	대사	1	彼は アストラルドミナの 偉大な力を 探っている。 &%{08}]	
7-06871	31535.7	대사	1	そして、 すでに 秘密を解く鍵の一部は 手に入れている。 &%{09}]	
7-06872	31550.0	대사	1	ダーク・サーヴァントの船には 若い女性が乗っている。 その名は、	
7-06873	31550.1	대사	1	ヴィ・ドミナ。 &%\n]	
7-06874	31550.2	대사	1	彼女の内には、 アストラル・ドミナにつながる なにかがある。	
7-06875	31550.3	대사	1	彼女自身 それがなにかは 知らないが、 彼女なしに あの力を	
7-06876	31550.4	대사	1	得ることはできない。 &%{0C}]	
7-06877	31550.5	대사	1	そして他にも、 これを狙うものがいる。 &%{05}]	
7-06878	31560.0	대사	1	ティーラング &%\n]	
7-06879	31565.0	대사	1	アンパニ &%\n]	
7-06880	31570.0	대사	1	いそがなければ 時間がない。 &%{05}]	
7-06881	31570.1	대사	1	私は コズミック・フォージを サークルのロードに	
7-06882	31570.2	대사	1	持っていかねば ならない。 &%{08}]	
7-06883	31573.0	대사	1	君たちは私と一緒に ガーディアにいって、	
7-06884	31573.1	대사	1	私が戻るまで アストラル・ドミナを 守って欲しい。 &%\n]	
7-06885	31580.0	대사	1	小さい鋼鉄の鳥の中で、 君たちは遥か宇宙の彼方へ	
7-06886	31580.1	대사	1	旅した。 &%{08}]	
7-06887	31580.2	대사	1	数カ月の間 旅は続き、 アレセイデスは	
7-06888	31580.3	대사	1	狭く 陰気な 船室の居心地を よくするようなことは	
7-06889	31580.4	대사	1	ほとんど話さなかった。 &%{0C}]	
7-06890	31580.5	대사	2	#そしてついに、 君たちは着いた。 &%{0E}]	
7-06891	31600.0	대사	1	“到着だ！” アレセイデスは、 そう叫ぶと同時に、	
7-06892	31600.1	대사	1	君たちが 数カ月前に この船に乗ったときの ように	
7-06893	31600.2	대사	1	テレポーテーション装置を 作動させた。 &%{0F}]	
7-06894	31600.3	대사	1	君たちは、 近くに散らばっていた 持ち物	
7-06895	31600.4	대사	1	すべて 手にする間もなく、 不思議な光に	
7-06896	31650.0	대사	1	君たちは 捨て去られた 寺院の廃墟に、 宝物と	
7-06897	31650.1	대사	1	冒険を 求めて やってきていた。 &#|]	
7-06898	31650.2	대사	1	“私は アレセイデス。 コズミック・フォージ、 運命の手のペンを	
7-06899	31650.3	대사	1	取り戻しに来たものだ！ &%\n]	
7-06900	31650.4	대사	1	コズミック・フォージは、 盗んだものたちによって、	
7-06901	31650.5	대사	1	まさに この部屋に 隠されていた。 &%\n]	
7-06902	31650.6	대사	1	コズミック・フォージが盗まれ、 それと共に、 天国の運命を	
7-06903	31650.9	대사	1	そして、 フォージがなくなって以来、 様々な災難が	
7-06904	31650.10	대사	1	まき起こり、 それは今や 宇宙の存亡にも 関わる	
7-06905	31700.0	대사	1	玉座には巨大な ブラックドラゴンが座り、 宇宙の神秘に	
7-06906	31700.1	대사	1	思いを馳せていた。 &%\n]	
7-06907	31700.2	대사	1	“たぶん、 どこへ行ったのかはわかる” と彼は言った。 &%{08}]	
7-06908	31700.3	대사	1	これはすべて ほんの少し前に 始まったことなのだ。	
7-06909	31700.4	대사	1	あの王の宇宙船から 聞こえてきた声が 始まりだ。 &%{0C}]	
7-06910	31705.0	대사	1	声の主は すぐにわかった。 &%{08}]	
7-06911	31705.1	대사	1	小さな箱だ。 不思議な生き物の絵や	
7-06912	31705.2	대사	1	音を発していた。 &%\n]	
7-06913	31715.0	대사	1	声の主は自分たちを アンパニと名乗った。 そしておかしなことを	
7-06914	31715.1	대사	1	たくさんしゃべった。 &%{08}]	
7-06915	31720.0	대사	1	この宇宙のどこかに、 ロスト・ガーディアという 所がある。 &%{08}]	
7-06916	31720.1	대사	1	それが アストラル・ドミナという物の 隠し場所なのだそうだ。	
7-06917	31720.2	대사	1	そして、それは 宇宙で最強の品だと言う。 &%{0C}]	
7-06918	31730.0	대사	1	その他に、 ティーラングという名の	
7-06919	31730.1	대사	1	恐ろしい敵の 話もしていた。 &%{0C}]	
7-06920	31735.0	대사	1	あと、その世界に近付いてる 黒い船のこと。 &%\n]	
7-06921	31735.1	대사	1	それは、その船は破滅の主、 破壊と死をもたらすと言った。 &%{14}]	
7-06922	31740.0	대사	1	その中に、神を自称する ダーク・サーヴァントが乗っている、 &%{09}]	
7-06923	31740.1	대사	1	それは恐れと共にそう語った。 &%{09}]	
7-06924	31740.2	대사	1	彼はアストラル・ドミナを 捜している。 &%{06}]	
7-06925	31740.3	대사	1	その彼と一緒に、 秘密の鍵の人間が いるらしい。 &%{09}]	
7-06926	31750.0	대사	1	ヴィ・ドミナという若い娘だ。 これがアストラル・ドミナと	
7-06927	31750.1	대사	1	深いつながりがあるらしい。 &%{0F}]	
7-06928	31755.0	대사	1	その声がやむと、 私は痛みを感じた。 &%{08}]	
7-06929	31755.1	대사	1	誰かが コズミック・フォージを とりに来たのだ。 &%{08}]	
7-06930	31755.2	대사	1	我々は、 今は待つだけだ。 &%{06}]	
7-06931	31760.0	대사	1	コズミック・フォージの間の近くで、 君たちは	
7-06932	31760.1	대사	1	静かに 警戒しながら待った。 &%{0C}]	
7-06933	31760.2	대사	1	だが、 それほど長いこと 待つ必要はなかった。 &#| &%{05}]	
7-06934	31770.0	대사	1	“来た！” とベラが言った。 &%{06}]	
7-06935	31770.1	대사	1	では、 コズミック・ロードを追いかけよう！ &%{08}]	
7-06936	31780.0	대사	1	君たちは小さい鋼鉄の鳥の中で、 数カ月の間	
7-06937	31780.1	대사	1	宇宙を旅した。 &%{08}]	
7-06938	31780.2	대사	1	数カ月の間旅は続き、 巨大なブラックドラゴンは	
7-06939	31780.3	대사	1	狭く陰気な船室の居心地を よくするようなことは	
7-06940	31784.0	대사	1	ほとんど話さなかった。 &%{0F}]	
7-06941	31784.1	대사	1	そして、ベラが コズミック・ロードと呼ぶ ヒューマノイドの	
7-06942	31784.2	대사	1	宇宙船を 追いかけ続けた。 &%\n]	
7-06943	31800.0	대사	1	奇妙な世界、 ロスト・ガーディア &%{14}]	
7-06944	31810.0	대사	1	“着いた！” とベラが叫んだ。 だが	
7-06945	31810.1	대사	1	コズミック・ロードは 止まる気配を 見せなかった。 &%{0C}]	
7-06946	31810.2	대사	1	私はあれを追いかける。 その間に	
7-06947	31810.3	대사	1	アストラル・ドミナを 捜すのだ。 &%\n]	
7-06948	31810.4	대사	1	このボタンは 仕掛になっている。 &%{05}]	
7-06949	31810.5	대사	1	“用意しろ！” ベラはそう叫んだ。 そしてボタンを	
7-06950	31810.6	대사	1	押した。 &%\n]	
7-06951	31810.7	대사	1	次の瞬間、 君たちは、 近くに散らばっていた	
7-06952	31810.8	대사	1	持ち物を手にする間もなく、 不思議な光に	
7-06953	31900.0	대사	1	ブラザーツォーバーは アイラン川を渡る道具を 持っているらしい	
7-06954	31902.0	대사	1	ダークサヴァントの アンドロイドは 酸に弱いらしい	
7-06955	31904.0	대사	1	昆虫達と戦うなら 眠らせるのが得策だ	
7-06956	31906.0	대사	1	アンパニは銃器の扱いに 熟達している。 アンパニの基地でなら ファイアーアームズの スキルを修得出来るだろう	
7-06957	31908.0	대사	1	ベルカンゾは 店を２つもっているらしい	
7-06958	31910.0	대사	1	海の向こうには ドラゴンがいるらしい	
7-06959	31912.0	대사	1	ビレットカネベの墓は ニクタリンスにあるらしい	
7-06960	31914.0	대사	1	トラモンテンの森には、 夜、幽霊が出るらしい	
7-06961	31916.0	대사	1	悲しみの海の中心に 聖堂が作られているらしい	
7-06962	31918.0	대사	1	バルローンは リフレクションの スキル修得の 鍵を握っているらしい	
7-06963	31920.0	대사	1	パワージェムという ネックレスには パワーストライクの スキル修得の力が 秘められているらしい	
7-06964	31922.0	대사	1	ディオニスセウスの最上階には悪魔が居るらしい	
7-06965	31924.0	대사	1	ジーンゼンはスネークスピードのスキル修得の鍵を握っているらしい	
7-06966	31926.0	대사	1	＊サーペント＊には ドラゴンの地へ行くための 方法について 書かれているらしい	
7-06967	31928.0	대사	1	＊ボート＊には ニューシティーの 秘密の扉を開ける為の暗号が 書かれているらしい	
7-06968	31930.0	대사	1	ディオニスセウスで マインドコントロールの スキルを修得出来るらしい	
7-06969	31932.0	대사	1	ヘラゾイドの女王は イーグルアイのスキル修得の 鍵を握っているらしい	
7-06970	31940.0	대사	1	ファーザールラエはニューシティーに居るらしい	
7-06971	31940.1	대사	1	ワンダーランド教授はニューシティー図書館に居るらしい	
7-06972	31945.0	대사	1	ガリエラはオルコグレの森に居るらしい	
7-06973	31945.1	대사	1	ウルガー王はオルコグレ城に居るらしい	
7-06974	31950.0	대사	1	ムンクハラマにブラザーモーザーが店を営んでいるらしい	
7-06975	31950.1	대사	1	ジーンゼンはムンクハラマに居るらしい	
7-06976	31955.0	대사	1	エイチジェン・ラはニクタリンスに居るらしい	
7-06977	31955.1	대사	1	シュリティス・ティーラングはニューシティーに居るらしい	
7-06978	31955.2	대사	1	カボムはアクパイルに居るらしい	
7-06979	31960.0	대사	1	ヤモはアクパイルに居るらしい	
7-06980	31960.1	대사	1	ロダン・レワークスはニューシティーに居るらしい	
7-06981	31960.2	대사	1	ラツキンの廃墟の中庭に盲目のラツキンが現れるらしい	
7-06982	31965.0	대사	1	ジャン・エッテはレッドロードに居るらしい	
7-06983	31965.1	대사	1	バルローンはファンハウスに潜んでいるらしい	
7-06984	31965.2	대사	1	バーティーはラツキンの廃墟で店を営んでいるらしい	
7-06985	31970.0	대사	1	アルマゴルテはディオニスセウスに居るらしい	
7-06986	31970.1	대사	1	ケ・リは天空の都市に居るらしい	
7-06987	31970.2	대사	1	マグナ・ダーンはディオニスセウス居るらしい	
